"Date","Source","Site ID","POC","Daily Max 8-hour CO Concentration","Units","Daily AQI Value","Local Site Name","Daily Obs Count","Percent Complete","AQS Parameter Code","AQS Parameter Description","Method Code","CBSA Code","CBSA Name","State FIPS Code","State","County FIPS Code","County","Site Latitude","Site Longitude"
"01/01/2022","AQS","510130020","1","0.4","ppm","5","Aurora Hills Visitors Center","19","79.0000","42101","Carbon monoxide","054","47900","Washington-Arlington-Alexandria, DC-VA-MD-WV","51","Virginia","013","Arlington","38.857700000922","-77.05922"
"01/02/2022","AQS","510130020","1","0.3","ppm","3","Aurora Hills Visitors Center","24","100.0000","42101","Carbon monoxide","054","47900","Washington-Arlington-Alexandria, DC-VA-MD-WV","51","Virginia","013","Arlington","38.857700000922","-77.05922"
"01/03/2022","AQS","510130020","1","0.3","ppm","3","Aurora Hills Visitors Center","24","100.0000","42101","Carbon monoxide","054","47900","Washington-Arlington-Alexandria, DC-VA-MD-WV","51","Virginia","013","Arlington","38.857700000922","-77.05922"
"01/04/2022","AQS","510130020","1","0.4","ppm","5","Aurora Hills Visitors Center","24","100.0000","42101","Carbon monoxide","054","47900","Washington-Arlington-Alexandria, DC-VA-MD-WV","51","Virginia","013","Arlington","38.857700000922","-77.05922"
"01/05/2022","AQS","510130020","1","0.5","ppm","6","Aurora Hills Visitors Center","24","100.0000","42101","Carbon monoxide","054","47900","Washington-Arlington-Alexandria, DC-VA-MD-WV","51","Virginia","013","Arlington","38.857700000922","-77.05922"
"01/06/2022","AQS","510130020","1","0.5","ppm","6","Aurora Hills Visitors Center","24","100.0000","42101","Carbon monoxide","054","47900","Washington-Arlington-Alexandria, DC-VA-MD-WV","51","Virginia","013","Arlington","38.857700000922","-77.05922"
"01/07/2022","AQS","510130020","1","0.4","ppm","5","Aurora Hills Visitors Center","24","100.0000","42101","Carbon monoxide","054","47900","Washington-Arlington-Alexandria, DC-VA-MD-WV","51","Virginia","013","Arlington","38.857700000922","-77.05922"
"01/08/2022","AQS","510130020","1","0.4","ppm","5","Aurora Hills Visitors Center","24","100.0000","42101","Carbon monoxide","054","47900","Washington-Arlington-Alexandria, DC-VA-MD-WV","51","Virginia","013","Arlington","38.857700000922","-77.05922"
"01/09/2022","AQS","510130020","1","0.5","ppm","6","Aurora Hills Visitors Center","24","100.0000","42101","Carbon monoxide","054","47900","Washington-Arlington-Alexandria, DC-VA-MD-WV","51","Virginia","013","Arlington","38.857700000922","-77.05922"
"01/10/2022","AQS","510130020","1","0.5","ppm","6","Aurora Hills Visitors Center","24","100.0000","42101","Carbon monoxide","054","47900","Washington-Arlington-Alexandria, DC-VA-MD-WV","51","Virginia","013","Arlington","38.857700000922","-77.05922"
"01/11/2022","AQS","510130020","1","0.3","ppm","3","Aurora Hills Visitors Center","24","100.0000","42101","Carbon monoxide","054","47900","Washington-Arlington-Alexandria, DC-VA-MD-WV","51","Virginia","013","Arlington","38.857700000922","-77.05922"
"01/12/2022","AQS","510130020","1","0.5","ppm","6","Aurora Hills Visitors Center","24","100.0000","42101","Carbon monoxide","054","47900","Washington-Arlington-Alexandria, DC-VA-MD-WV","51","Virginia","013","Arlington","38.857700000922","-77.05922"
"01/13/2022","AQS","510130020","1","1.2","ppm","14","Aurora Hills Visitors Center","24","100.0000","42101","Carbon monoxide","054","47900","Washington-Arlington-Alexandria, DC-VA-MD-WV","51","Virginia","013","Arlington","38.857700000922","-77.05922"
"01/14/2022","AQS","510130020","1","0.4","ppm","5","Aurora Hills Visitors Center","24","100.0000","42101","Carbon monoxide","054","47900","Washington-Arlington-Alexandria, DC-VA-MD-WV","51","Virginia","013","Arlington","38.857700000922","-77.05922"
"01/15/2022","AQS","510130020","1","0.2","ppm","2","Aurora Hills Visitors Center","24","100.0000","42101","Carbon monoxide","054","47900","Washington-Arlington-Alexandria, DC-VA-MD-WV","51","Virginia","013","Arlington","38.857700000922","-77.05922"
"01/16/2022","AQS","510130020","1","0.3","ppm","3","Aurora Hills Visitors Center","24","100.0000","42101","Carbon monoxide","054","47900","Washington-Arlington-Alexandria, DC-VA-MD-WV","51","Virginia","013","Arlington","38.857700000922","-77.05922"
"01/17/2022","AQS","510130020","1","0.3","ppm","3","Aurora Hills Visitors Center","24","100.0000","42101","Carbon monoxide","054","47900","Washington-Arlington-Alexandria, DC-VA-MD-WV","51","Virginia","013","Arlington","38.857700000922","-77.05922"
"01/18/2022","AQS","510130020","1","0.6","ppm","7","Aurora Hills Visitors Center","24","100.0000","42101","Carbon monoxide","054","47900","Washington-Arlington-Alexandria, DC-VA-MD-WV","51","Virginia","013","Arlington","38.857700000922","-77.05922"
"01/19/2022","AQS","510130020","1","0.6","ppm","7","Aurora Hills Visitors Center","24","100.0000","42101","Carbon monoxide","054","47900","Washington-Arlington-Alexandria, DC-VA-MD-WV","51","Virginia","013","Arlington","38.857700000922","-77.05922"
"01/20/2022","AQS","510130020","1","0.3","ppm","3","Aurora Hills Visitors Center","24","100.0000","42101","Carbon monoxide","054","47900","Washington-Arlington-Alexandria, DC-VA-MD-WV","51","Virginia","013","Arlington","38.857700000922","-77.05922"
"01/21/2022","AQS","510130020","1","0.2","ppm","2","Aurora Hills Visitors Center","24","100.0000","42101","Carbon monoxide","054","47900","Washington-Arlington-Alexandria, DC-VA-MD-WV","51","Virginia","013","Arlington","38.857700000922","-77.05922"
"01/22/2022","AQS","510130020","1","0.4","ppm","5","Aurora Hills Visitors Center","24","100.0000","42101","Carbon monoxide","054","47900","Washington-Arlington-Alexandria, DC-VA-MD-WV","51","Virginia","013","Arlington","38.857700000922","-77.05922"
"01/23/2022","AQS","510130020","1","0.5","ppm","6","Aurora Hills Visitors Center","24","100.0000","42101","Carbon monoxide","054","47900","Washington-Arlington-Alexandria, DC-VA-MD-WV","51","Virginia","013","Arlington","38.857700000922","-77.05922"
"01/24/2022","AQS","510130020","1","0.4","ppm","5","Aurora Hills Visitors Center","24","100.0000","42101","Carbon monoxide","054","47900","Washington-Arlington-Alexandria, DC-VA-MD-WV","51","Virginia","013","Arlington","38.857700000922","-77.05922"
"01/25/2022","AQS","510130020","1","0.5","ppm","6","Aurora Hills Visitors Center","24","100.0000","42101","Carbon monoxide","054","47900","Washington-Arlington-Alexandria, DC-VA-MD-WV","51","Virginia","013","Arlington","38.857700000922","-77.05922"
"01/26/2022","AQS","510130020","1","0.2","ppm","2","Aurora Hills Visitors Center","24","100.0000","42101","Carbon monoxide","054","47900","Washington-Arlington-Alexandria, DC-VA-MD-WV","51","Virginia","013","Arlington","38.857700000922","-77.05922"
"01/27/2022","AQS","510130020","1","0.7","ppm","8","Aurora Hills Visitors Center","24","100.0000","42101","Carbon monoxide","054","47900","Washington-Arlington-Alexandria, DC-VA-MD-WV","51","Virginia","013","Arlington","38.857700000922","-77.05922"
"01/28/2022","AQS","510130020","1","0.5","ppm","6","Aurora Hills Visitors Center","24","100.0000","42101","Carbon monoxide","054","47900","Washington-Arlington-Alexandria, DC-VA-MD-WV","51","Virginia","013","Arlington","38.857700000922","-77.05922"
"01/29/2022","AQS","510130020","1","0.3","ppm","3","Aurora Hills Visitors Center","24","100.0000","42101","Carbon monoxide","054","47900","Washington-Arlington-Alexandria, DC-VA-MD-WV","51","Virginia","013","Arlington","38.857700000922","-77.05922"
"01/30/2022","AQS","510130020","1","0.3","ppm","3","Aurora Hills Visitors Center","24","100.0000","42101","Carbon monoxide","054","47900","Washington-Arlington-Alexandria, DC-VA-MD-WV","51","Virginia","013","Arlington","38.857700000922","-77.05922"
"01/31/2022","AQS","510130020","1","0.4","ppm","5","Aurora Hills Visitors Center","24","100.0000","42101","Carbon monoxide","054","47900","Washington-Arlington-Alexandria, DC-VA-MD-WV","51","Virginia","013","Arlington","38.857700000922","-77.05922"
"02/01/2022","AQS","510130020","1","0.4","ppm","5","Aurora Hills Visitors Center","24","100.0000","42101","Carbon monoxide","054","47900","Washington-Arlington-Alexandria, DC-VA-MD-WV","51","Virginia","013","Arlington","38.857700000922","-77.05922"
"02/02/2022","AQS","510130020","1","0.5","ppm","6","Aurora Hills Visitors Center","24","100.0000","42101","Carbon monoxide","054","47900","Washington-Arlington-Alexandria, DC-VA-MD-WV","51","Virginia","013","Arlington","38.857700000922","-77.05922"
"02/03/2022","AQS","510130020","1","0.3","ppm","3","Aurora Hills Visitors Center","24","100.0000","42101","Carbon monoxide","054","47900","Washington-Arlington-Alexandria, DC-VA-MD-WV","51","Virginia","013","Arlington","38.857700000922","-77.05922"
"02/04/2022","AQS","510130020","1","0.3","ppm","3","Aurora Hills Visitors Center","24","100.0000","42101","Carbon monoxide","054","47900","Washington-Arlington-Alexandria, DC-VA-MD-WV","51","Virginia","013","Arlington","38.857700000922","-77.05922"
"02/05/2022","AQS","510130020","1","0.2","ppm","2","Aurora Hills Visitors Center","24","100.0000","42101","Carbon monoxide","054","47900","Washington-Arlington-Alexandria, DC-VA-MD-WV","51","Virginia","013","Arlington","38.857700000922","-77.05922"
"02/06/2022","AQS","510130020","1","0.3","ppm","3","Aurora Hills Visitors Center","24","100.0000","42101","Carbon monoxide","054","47900","Washington-Arlington-Alexandria, DC-VA-MD-WV","51","Virginia","013","Arlington","38.857700000922","-77.05922"
"02/07/2022","AQS","510130020","1","0.4","ppm","5","Aurora Hills Visitors Center","24","100.0000","42101","Carbon monoxide","054","47900","Washington-Arlington-Alexandria, DC-VA-MD-WV","51","Virginia","013","Arlington","38.857700000922","-77.05922"
"02/08/2022","AQS","510130020","1","0.4","ppm","5","Aurora Hills Visitors Center","24","100.0000","42101","Carbon monoxide","054","47900","Washington-Arlington-Alexandria, DC-VA-MD-WV","51","Virginia","013","Arlington","38.857700000922","-77.05922"
"02/09/2022","AQS","510130020","1","0.8","ppm","9","Aurora Hills Visitors Center","24","100.0000","42101","Carbon monoxide","054","47900","Washington-Arlington-Alexandria, DC-VA-MD-WV","51","Virginia","013","Arlington","38.857700000922","-77.05922"
"02/10/2022","AQS","510130020","1","0.5","ppm","6","Aurora Hills Visitors Center","24","100.0000","42101","Carbon monoxide","054","47900","Washington-Arlington-Alexandria, DC-VA-MD-WV","51","Virginia","013","Arlington","38.857700000922","-77.05922"
"02/11/2022","AQS","510130020","1","0.9","ppm","10","Aurora Hills Visitors Center","24","100.0000","42101","Carbon monoxide","054","47900","Washington-Arlington-Alexandria, DC-VA-MD-WV","51","Virginia","013","Arlington","38.857700000922","-77.05922"
"02/12/2022","AQS","510130020","1","0.3","ppm","3","Aurora Hills Visitors Center","24","100.0000","42101","Carbon monoxide","054","47900","Washington-Arlington-Alexandria, DC-VA-MD-WV","51","Virginia","013","Arlington","38.857700000922","-77.05922"
"02/13/2022","AQS","510130020","1","0.3","ppm","3","Aurora Hills Visitors Center","24","100.0000","42101","Carbon monoxide","054","47900","Washington-Arlington-Alexandria, DC-VA-MD-WV","51","Virginia","013","Arlington","38.857700000922","-77.05922"
"02/14/2022","AQS","510130020","1","0.4","ppm","5","Aurora Hills Visitors Center","24","100.0000","42101","Carbon monoxide","054","47900","Washington-Arlington-Alexandria, DC-VA-MD-WV","51","Virginia","013","Arlington","38.857700000922","-77.05922"
"02/15/2022","AQS","510130020","1","0.5","ppm","6","Aurora Hills Visitors Center","24","100.0000","42101","Carbon monoxide","054","47900","Washington-Arlington-Alexandria, DC-VA-MD-WV","51","Virginia","013","Arlington","38.857700000922","-77.05922"
"02/16/2022","AQS","510130020","1","0.4","ppm","5","Aurora Hills Visitors Center","24","100.0000","42101","Carbon monoxide","054","47900","Washington-Arlington-Alexandria, DC-VA-MD-WV","51","Virginia","013","Arlington","38.857700000922","-77.05922"
"02/17/2022","AQS","510130020","1","0.3","ppm","3","Aurora Hills Visitors Center","24","100.0000","42101","Carbon monoxide","054","47900","Washington-Arlington-Alexandria, DC-VA-MD-WV","51","Virginia","013","Arlington","38.857700000922","-77.05922"
"02/18/2022","AQS","510130020","1","0.2","ppm","2","Aurora Hills Visitors Center","24","100.0000","42101","Carbon monoxide","054","47900","Washington-Arlington-Alexandria, DC-VA-MD-WV","51","Virginia","013","Arlington","38.857700000922","-77.05922"
"02/19/2022","AQS","510130020","1","0.3","ppm","3","Aurora Hills Visitors Center","24","100.0000","42101","Carbon monoxide","054","47900","Washington-Arlington-Alexandria, DC-VA-MD-WV","51","Virginia","013","Arlington","38.857700000922","-77.05922"
"02/20/2022","AQS","510130020","1","0.3","ppm","3","Aurora Hills Visitors Center","24","100.0000","42101","Carbon monoxide","054","47900","Washington-Arlington-Alexandria, DC-VA-MD-WV","51","Virginia","013","Arlington","38.857700000922","-77.05922"
"02/21/2022","AQS","510130020","1","0.4","ppm","5","Aurora Hills Visitors Center","24","100.0000","42101","Carbon monoxide","054","47900","Washington-Arlington-Alexandria, DC-VA-MD-WV","51","Virginia","013","Arlington","38.857700000922","-77.05922"
"02/22/2022","AQS","510130020","1","0.5","ppm","6","Aurora Hills Visitors Center","24","100.0000","42101","Carbon monoxide","054","47900","Washington-Arlington-Alexandria, DC-VA-MD-WV","51","Virginia","013","Arlington","38.857700000922","-77.05922"
"02/23/2022","AQS","510130020","1","0.2","ppm","2","Aurora Hills Visitors Center","24","100.0000","42101","Carbon monoxide","054","47900","Washington-Arlington-Alexandria, DC-VA-MD-WV","51","Virginia","013","Arlington","38.857700000922","-77.05922"
"02/24/2022","AQS","510130020","1","0.3","ppm","3","Aurora Hills Visitors Center","24","100.0000","42101","Carbon monoxide","054","47900","Washington-Arlington-Alexandria, DC-VA-MD-WV","51","Virginia","013","Arlington","38.857700000922","-77.05922"
"02/25/2022","AQS","510130020","1","0.3","ppm","3","Aurora Hills Visitors Center","24","100.0000","42101","Carbon monoxide","054","47900","Washington-Arlington-Alexandria, DC-VA-MD-WV","51","Virginia","013","Arlington","38.857700000922","-77.05922"
"02/26/2022","AQS","510130020","1","0.4","ppm","5","Aurora Hills Visitors Center","24","100.0000","42101","Carbon monoxide","054","47900","Washington-Arlington-Alexandria, DC-VA-MD-WV","51","Virginia","013","Arlington","38.857700000922","-77.05922"
"02/27/2022","AQS","510130020","1","0.6","ppm","7","Aurora Hills Visitors Center","24","100.0000","42101","Carbon monoxide","054","47900","Washington-Arlington-Alexandria, DC-VA-MD-WV","51","Virginia","013","Arlington","38.857700000922","-77.05922"
"02/28/2022","AQS","510130020","1","0.3","ppm","3","Aurora Hills Visitors Center","24","100.0000","42101","Carbon monoxide","054","47900","Washington-Arlington-Alexandria, DC-VA-MD-WV","51","Virginia","013","Arlington","38.857700000922","-77.05922"
"03/01/2022","AQS","510130020","1","0.4","ppm","5","Aurora Hills Visitors Center","24","100.0000","42101","Carbon monoxide","054","47900","Washington-Arlington-Alexandria, DC-VA-MD-WV","51","Virginia","013","Arlington","38.857700000922","-77.05922"
"03/02/2022","AQS","510130020","1","0.4","ppm","5","Aurora Hills Visitors Center","24","100.0000","42101","Carbon monoxide","054","47900","Washington-Arlington-Alexandria, DC-VA-MD-WV","51","Virginia","013","Arlington","38.857700000922","-77.05922"
"03/03/2022","AQS","510130020","1","0.2","ppm","2","Aurora Hills Visitors Center","24","100.0000","42101","Carbon monoxide","054","47900","Washington-Arlington-Alexandria, DC-VA-MD-WV","51","Virginia","013","Arlington","38.857700000922","-77.05922"
"03/04/2022","AQS","510130020","1","0.2","ppm","2","Aurora Hills Visitors Center","24","100.0000","42101","Carbon monoxide","054","47900","Washington-Arlington-Alexandria, DC-VA-MD-WV","51","Virginia","013","Arlington","38.857700000922","-77.05922"
"03/05/2022","AQS","510130020","1","0.2","ppm","2","Aurora Hills Visitors Center","24","100.0000","42101","Carbon monoxide","054","47900","Washington-Arlington-Alexandria, DC-VA-MD-WV","51","Virginia","013","Arlington","38.857700000922","-77.05922"
"03/06/2022","AQS","510130020","1","0.3","ppm","3","Aurora Hills Visitors Center","24","100.0000","42101","Carbon monoxide","054","47900","Washington-Arlington-Alexandria, DC-VA-MD-WV","51","Virginia","013","Arlington","38.857700000922","-77.05922"
"03/07/2022","AQS","510130020","1","0.2","ppm","2","Aurora Hills Visitors Center","24","100.0000","42101","Carbon monoxide","054","47900","Washington-Arlington-Alexandria, DC-VA-MD-WV","51","Virginia","013","Arlington","38.857700000922","-77.05922"
"03/08/2022","AQS","510130020","1","0.3","ppm","3","Aurora Hills Visitors Center","24","100.0000","42101","Carbon monoxide","054","47900","Washington-Arlington-Alexandria, DC-VA-MD-WV","51","Virginia","013","Arlington","38.857700000922","-77.05922"
"03/09/2022","AQS","510130020","1","0.3","ppm","3","Aurora Hills Visitors Center","24","100.0000","42101","Carbon monoxide","054","47900","Washington-Arlington-Alexandria, DC-VA-MD-WV","51","Virginia","013","Arlington","38.857700000922","-77.05922"
"03/10/2022","AQS","510130020","1","0.4","ppm","5","Aurora Hills Visitors Center","24","100.0000","42101","Carbon monoxide","054","47900","Washington-Arlington-Alexandria, DC-VA-MD-WV","51","Virginia","013","Arlington","38.857700000922","-77.05922"
"03/11/2022","AQS","510130020","1","0.5","ppm","6","Aurora Hills Visitors Center","24","100.0000","42101","Carbon monoxide","054","47900","Washington-Arlington-Alexandria, DC-VA-MD-WV","51","Virginia","013","Arlington","38.857700000922","-77.05922"
"03/12/2022","AQS","510130020","1","0.3","ppm","3","Aurora Hills Visitors Center","24","100.0000","42101","Carbon monoxide","054","47900","Washington-Arlington-Alexandria, DC-VA-MD-WV","51","Virginia","013","Arlington","38.857700000922","-77.05922"
"03/13/2022","AQS","510130020","1","0.4","ppm","5","Aurora Hills Visitors Center","24","100.0000","42101","Carbon monoxide","054","47900","Washington-Arlington-Alexandria, DC-VA-MD-WV","51","Virginia","013","Arlington","38.857700000922","-77.05922"
"03/14/2022","AQS","510130020","1","0.6","ppm","7","Aurora Hills Visitors Center","24","100.0000","42101","Carbon monoxide","054","47900","Washington-Arlington-Alexandria, DC-VA-MD-WV","51","Virginia","013","Arlington","38.857700000922","-77.05922"
"03/15/2022","AQS","510130020","1","0.5","ppm","6","Aurora Hills Visitors Center","24","100.0000","42101","Carbon monoxide","054","47900","Washington-Arlington-Alexandria, DC-VA-MD-WV","51","Virginia","013","Arlington","38.857700000922","-77.05922"
"03/16/2022","AQS","510130020","1","0.8","ppm","9","Aurora Hills Visitors Center","24","100.0000","42101","Carbon monoxide","054","47900","Washington-Arlington-Alexandria, DC-VA-MD-WV","51","Virginia","013","Arlington","38.857700000922","-77.05922"
"03/17/2022","AQS","510130020","1","0.5","ppm","6","Aurora Hills Visitors Center","24","100.0000","42101","Carbon monoxide","054","47900","Washington-Arlington-Alexandria, DC-VA-MD-WV","51","Virginia","013","Arlington","38.857700000922","-77.05922"
"03/18/2022","AQS","510130020","1","0.6","ppm","7","Aurora Hills Visitors Center","24","100.0000","42101","Carbon monoxide","054","47900","Washington-Arlington-Alexandria, DC-VA-MD-WV","51","Virginia","013","Arlington","38.857700000922","-77.05922"
"03/19/2022","AQS","510130020","1","0.2","ppm","2","Aurora Hills Visitors Center","24","100.0000","42101","Carbon monoxide","054","47900","Washington-Arlington-Alexandria, DC-VA-MD-WV","51","Virginia","013","Arlington","38.857700000922","-77.05922"
"03/20/2022","AQS","510130020","1","0.2","ppm","2","Aurora Hills Visitors Center","24","100.0000","42101","Carbon monoxide","054","47900","Washington-Arlington-Alexandria, DC-VA-MD-WV","51","Virginia","013","Arlington","38.857700000922","-77.05922"
"03/21/2022","AQS","510130020","1","0.3","ppm","3","Aurora Hills Visitors Center","24","100.0000","42101","Carbon monoxide","054","47900","Washington-Arlington-Alexandria, DC-VA-MD-WV","51","Virginia","013","Arlington","38.857700000922","-77.05922"
"03/22/2022","AQS","510130020","1","0.5","ppm","6","Aurora Hills Visitors Center","24","100.0000","42101","Carbon monoxide","054","47900","Washington-Arlington-Alexandria, DC-VA-MD-WV","51","Virginia","013","Arlington","38.857700000922","-77.05922"
"03/23/2022","AQS","510130020","1","0.4","ppm","5","Aurora Hills Visitors Center","24","100.0000","42101","Carbon monoxide","054","47900","Washington-Arlington-Alexandria, DC-VA-MD-WV","51","Virginia","013","Arlington","38.857700000922","-77.05922"
"03/24/2022","AQS","510130020","1","0.4","ppm","5","Aurora Hills Visitors Center","24","100.0000","42101","Carbon monoxide","054","47900","Washington-Arlington-Alexandria, DC-VA-MD-WV","51","Virginia","013","Arlington","38.857700000922","-77.05922"
"03/25/2022","AQS","510130020","1","0.4","ppm","5","Aurora Hills Visitors Center","24","100.0000","42101","Carbon monoxide","054","47900","Washington-Arlington-Alexandria, DC-VA-MD-WV","51","Virginia","013","Arlington","38.857700000922","-77.05922"
"03/26/2022","AQS","510130020","1","0.2","ppm","2","Aurora Hills Visitors Center","24","100.0000","42101","Carbon monoxide","054","47900","Washington-Arlington-Alexandria, DC-VA-MD-WV","51","Virginia","013","Arlington","38.857700000922","-77.05922"
"03/27/2022","AQS","510130020","1","0.2","ppm","2","Aurora Hills Visitors Center","24","100.0000","42101","Carbon monoxide","054","47900","Washington-Arlington-Alexandria, DC-VA-MD-WV","51","Virginia","013","Arlington","38.857700000922","-77.05922"
"03/28/2022","AQS","510130020","1","0.2","ppm","2","Aurora Hills Visitors Center","24","100.0000","42101","Carbon monoxide","054","47900","Washington-Arlington-Alexandria, DC-VA-MD-WV","51","Virginia","013","Arlington","38.857700000922","-77.05922"
"03/29/2022","AQS","510130020","1","0.3","ppm","3","Aurora Hills Visitors Center","24","100.0000","42101","Carbon monoxide","054","47900","Washington-Arlington-Alexandria, DC-VA-MD-WV","51","Virginia","013","Arlington","38.857700000922","-77.05922"
"03/30/2022","AQS","510130020","1","0.7","ppm","8","Aurora Hills Visitors Center","24","100.0000","42101","Carbon monoxide","054","47900","Washington-Arlington-Alexandria, DC-VA-MD-WV","51","Virginia","013","Arlington","38.857700000922","-77.05922"
"03/31/2022","AQS","510130020","1","0.2","ppm","2","Aurora Hills Visitors Center","24","100.0000","42101","Carbon monoxide","054","47900","Washington-Arlington-Alexandria, DC-VA-MD-WV","51","Virginia","013","Arlington","38.857700000922","-77.05922"
"04/01/2022","AQS","510130020","1","0.1","ppm","1","Aurora Hills Visitors Center","24","100.0000","42101","Carbon monoxide","054","47900","Washington-Arlington-Alexandria, DC-VA-MD-WV","51","Virginia","013","Arlington","38.857700000922","-77.05922"
"04/02/2022","AQS","510130020","1","0.1","ppm","1","Aurora Hills Visitors Center","24","100.0000","42101","Carbon monoxide","054","47900","Washington-Arlington-Alexandria, DC-VA-MD-WV","51","Virginia","013","Arlington","38.857700000922","-77.05922"
"04/03/2022","AQS","510130020","1","0.2","ppm","2","Aurora Hills Visitors Center","24","100.0000","42101","Carbon monoxide","054","47900","Washington-Arlington-Alexandria, DC-VA-MD-WV","51","Virginia","013","Arlington","38.857700000922","-77.05922"
"04/04/2022","AQS","510130020","1","0.2","ppm","2","Aurora Hills Visitors Center","24","100.0000","42101","Carbon monoxide","054","47900","Washington-Arlington-Alexandria, DC-VA-MD-WV","51","Virginia","013","Arlington","38.857700000922","-77.05922"
"04/05/2022","AQS","510130020","1","0.3","ppm","3","Aurora Hills Visitors Center","24","100.0000","42101","Carbon monoxide","054","47900","Washington-Arlington-Alexandria, DC-VA-MD-WV","51","Virginia","013","Arlington","38.857700000922","-77.05922"
"04/06/2022","AQS","510130020","1","0.3","ppm","3","Aurora Hills Visitors Center","24","100.0000","42101","Carbon monoxide","054","47900","Washington-Arlington-Alexandria, DC-VA-MD-WV","51","Virginia","013","Arlington","38.857700000922","-77.05922"
"04/07/2022","AQS","510130020","1","0.3","ppm","3","Aurora Hills Visitors Center","24","100.0000","42101","Carbon monoxide","054","47900","Washington-Arlington-Alexandria, DC-VA-MD-WV","51","Virginia","013","Arlington","38.857700000922","-77.05922"
"04/08/2022","AQS","510130020","1","0.2","ppm","2","Aurora Hills Visitors Center","24","100.0000","42101","Carbon monoxide","054","47900","Washington-Arlington-Alexandria, DC-VA-MD-WV","51","Virginia","013","Arlington","38.857700000922","-77.05922"
"04/09/2022","AQS","510130020","1","0.2","ppm","2","Aurora Hills Visitors Center","24","100.0000","42101","Carbon monoxide","054","47900","Washington-Arlington-Alexandria, DC-VA-MD-WV","51","Virginia","013","Arlington","38.857700000922","-77.05922"
"04/10/2022","AQS","510130020","1","0.4","ppm","5","Aurora Hills Visitors Center","24","100.0000","42101","Carbon monoxide","054","47900","Washington-Arlington-Alexandria, DC-VA-MD-WV","51","Virginia","013","Arlington","38.857700000922","-77.05922"
"04/11/2022","AQS","510130020","1","0.5","ppm","6","Aurora Hills Visitors Center","24","100.0000","42101","Carbon monoxide","054","47900","Washington-Arlington-Alexandria, DC-VA-MD-WV","51","Virginia","013","Arlington","38.857700000922","-77.05922"
"04/12/2022","AQS","510130020","1","0.4","ppm","5","Aurora Hills Visitors Center","24","100.0000","42101","Carbon monoxide","054","47900","Washington-Arlington-Alexandria, DC-VA-MD-WV","51","Virginia","013","Arlington","38.857700000922","-77.05922"
"04/13/2022","AQS","510130020","1","0.4","ppm","5","Aurora Hills Visitors Center","24","100.0000","42101","Carbon monoxide","054","47900","Washington-Arlington-Alexandria, DC-VA-MD-WV","51","Virginia","013","Arlington","38.857700000922","-77.05922"
"04/14/2022","AQS","510130020","1","0.2","ppm","2","Aurora Hills Visitors Center","24","100.0000","42101","Carbon monoxide","054","47900","Washington-Arlington-Alexandria, DC-VA-MD-WV","51","Virginia","013","Arlington","38.857700000922","-77.05922"
"04/15/2022","AQS","510130020","1","0.3","ppm","3","Aurora Hills Visitors Center","24","100.0000","42101","Carbon monoxide","054","47900","Washington-Arlington-Alexandria, DC-VA-MD-WV","51","Virginia","013","Arlington","38.857700000922","-77.05922"
"04/16/2022","AQS","510130020","1","0.2","ppm","2","Aurora Hills Visitors Center","24","100.0000","42101","Carbon monoxide","054","47900","Washington-Arlington-Alexandria, DC-VA-MD-WV","51","Virginia","013","Arlington","38.857700000922","-77.05922"
"04/17/2022","AQS","510130020","1","0.2","ppm","2","Aurora Hills Visitors Center","24","100.0000","42101","Carbon monoxide","054","47900","Washington-Arlington-Alexandria, DC-VA-MD-WV","51","Virginia","013","Arlington","38.857700000922","-77.05922"
"04/18/2022","AQS","510130020","1","0.3","ppm","3","Aurora Hills Visitors Center","24","100.0000","42101","Carbon monoxide","054","47900","Washington-Arlington-Alexandria, DC-VA-MD-WV","51","Virginia","013","Arlington","38.857700000922","-77.05922"
"04/19/2022","AQS","510130020","1","0.2","ppm","2","Aurora Hills Visitors Center","24","100.0000","42101","Carbon monoxide","054","47900","Washington-Arlington-Alexandria, DC-VA-MD-WV","51","Virginia","013","Arlington","38.857700000922","-77.05922"
"04/20/2022","AQS","510130020","1","0.3","ppm","3","Aurora Hills Visitors Center","17","71.0000","42101","Carbon monoxide","054","47900","Washington-Arlington-Alexandria, DC-VA-MD-WV","51","Virginia","013","Arlington","38.857700000922","-77.05922"
"04/21/2022","AQS","510130020","1","0.3","ppm","3","Aurora Hills Visitors Center","24","100.0000","42101","Carbon monoxide","054","47900","Washington-Arlington-Alexandria, DC-VA-MD-WV","51","Virginia","013","Arlington","38.857700000922","-77.05922"
"04/22/2022","AQS","510130020","1","0.5","ppm","6","Aurora Hills Visitors Center","24","100.0000","42101","Carbon monoxide","054","47900","Washington-Arlington-Alexandria, DC-VA-MD-WV","51","Virginia","013","Arlington","38.857700000922","-77.05922"
"04/23/2022","AQS","510130020","1","0.4","ppm","5","Aurora Hills Visitors Center","24","100.0000","42101","Carbon monoxide","054","47900","Washington-Arlington-Alexandria, DC-VA-MD-WV","51","Virginia","013","Arlington","38.857700000922","-77.05922"
"04/24/2022","AQS","510130020","1","0.3","ppm","3","Aurora Hills Visitors Center","24","100.0000","42101","Carbon monoxide","054","47900","Washington-Arlington-Alexandria, DC-VA-MD-WV","51","Virginia","013","Arlington","38.857700000922","-77.05922"
"04/25/2022","AQS","510130020","1","0.3","ppm","3","Aurora Hills Visitors Center","24","100.0000","42101","Carbon monoxide","054","47900","Washington-Arlington-Alexandria, DC-VA-MD-WV","51","Virginia","013","Arlington","38.857700000922","-77.05922"
"04/26/2022","AQS","510130020","1","0.3","ppm","3","Aurora Hills Visitors Center","23","96.0000","42101","Carbon monoxide","054","47900","Washington-Arlington-Alexandria, DC-VA-MD-WV","51","Virginia","013","Arlington","38.857700000922","-77.05922"
"04/27/2022","AQS","510130020","1","0.3","ppm","3","Aurora Hills Visitors Center","24","100.0000","42101","Carbon monoxide","054","47900","Washington-Arlington-Alexandria, DC-VA-MD-WV","51","Virginia","013","Arlington","38.857700000922","-77.05922"
"04/28/2022","AQS","510130020","1","0.2","ppm","2","Aurora Hills Visitors Center","24","100.0000","42101","Carbon monoxide","054","47900","Washington-Arlington-Alexandria, DC-VA-MD-WV","51","Virginia","013","Arlington","38.857700000922","-77.05922"
"04/29/2022","AQS","510130020","1","0.4","ppm","5","Aurora Hills Visitors Center","24","100.0000","42101","Carbon monoxide","054","47900","Washington-Arlington-Alexandria, DC-VA-MD-WV","51","Virginia","013","Arlington","38.857700000922","-77.05922"
"04/30/2022","AQS","510130020","1","0.5","ppm","6","Aurora Hills Visitors Center","24","100.0000","42101","Carbon monoxide","054","47900","Washington-Arlington-Alexandria, DC-VA-MD-WV","51","Virginia","013","Arlington","38.857700000922","-77.05922"
"05/01/2022","AQS","510130020","1","0.4","ppm","5","Aurora Hills Visitors Center","24","100.0000","42101","Carbon monoxide","054","47900","Washington-Arlington-Alexandria, DC-VA-MD-WV","51","Virginia","013","Arlington","38.857700000922","-77.05922"
"05/02/2022","AQS","510130020","1","0.5","ppm","6","Aurora Hills Visitors Center","24","100.0000","42101","Carbon monoxide","054","47900","Washington-Arlington-Alexandria, DC-VA-MD-WV","51","Virginia","013","Arlington","38.857700000922","-77.05922"
"05/03/2022","AQS","510130020","1","0.4","ppm","5","Aurora Hills Visitors Center","24","100.0000","42101","Carbon monoxide","054","47900","Washington-Arlington-Alexandria, DC-VA-MD-WV","51","Virginia","013","Arlington","38.857700000922","-77.05922"
"05/04/2022","AQS","510130020","1","0.4","ppm","5","Aurora Hills Visitors Center","24","100.0000","42101","Carbon monoxide","054","47900","Washington-Arlington-Alexandria, DC-VA-MD-WV","51","Virginia","013","Arlington","38.857700000922","-77.05922"
"05/05/2022","AQS","510130020","1","0.4","ppm","5","Aurora Hills Visitors Center","24","100.0000","42101","Carbon monoxide","054","47900","Washington-Arlington-Alexandria, DC-VA-MD-WV","51","Virginia","013","Arlington","38.857700000922","-77.05922"
"05/06/2022","AQS","510130020","1","0.4","ppm","5","Aurora Hills Visitors Center","24","100.0000","42101","Carbon monoxide","054","47900","Washington-Arlington-Alexandria, DC-VA-MD-WV","51","Virginia","013","Arlington","38.857700000922","-77.05922"
"05/07/2022","AQS","510130020","1","0.3","ppm","3","Aurora Hills Visitors Center","24","100.0000","42101","Carbon monoxide","054","47900","Washington-Arlington-Alexandria, DC-VA-MD-WV","51","Virginia","013","Arlington","38.857700000922","-77.05922"
"05/08/2022","AQS","510130020","1","0.4","ppm","5","Aurora Hills Visitors Center","24","100.0000","42101","Carbon monoxide","054","47900","Washington-Arlington-Alexandria, DC-VA-MD-WV","51","Virginia","013","Arlington","38.857700000922","-77.05922"
"05/09/2022","AQS","510130020","1","0.5","ppm","6","Aurora Hills Visitors Center","24","100.0000","42101","Carbon monoxide","054","47900","Washington-Arlington-Alexandria, DC-VA-MD-WV","51","Virginia","013","Arlington","38.857700000922","-77.05922"
"05/10/2022","AQS","510130020","1","0.3","ppm","3","Aurora Hills Visitors Center","24","100.0000","42101","Carbon monoxide","054","47900","Washington-Arlington-Alexandria, DC-VA-MD-WV","51","Virginia","013","Arlington","38.857700000922","-77.05922"
"05/11/2022","AQS","510130020","1","0.2","ppm","2","Aurora Hills Visitors Center","24","100.0000","42101","Carbon monoxide","054","47900","Washington-Arlington-Alexandria, DC-VA-MD-WV","51","Virginia","013","Arlington","38.857700000922","-77.05922"
"05/12/2022","AQS","510130020","1","0.3","ppm","3","Aurora Hills Visitors Center","24","100.0000","42101","Carbon monoxide","054","47900","Washington-Arlington-Alexandria, DC-VA-MD-WV","51","Virginia","013","Arlington","38.857700000922","-77.05922"
"05/13/2022","AQS","510130020","1","0.2","ppm","2","Aurora Hills Visitors Center","24","100.0000","42101","Carbon monoxide","054","47900","Washington-Arlington-Alexandria, DC-VA-MD-WV","51","Virginia","013","Arlington","38.857700000922","-77.05922"
"05/14/2022","AQS","510130020","1","0.2","ppm","2","Aurora Hills Visitors Center","24","100.0000","42101","Carbon monoxide","054","47900","Washington-Arlington-Alexandria, DC-VA-MD-WV","51","Virginia","013","Arlington","38.857700000922","-77.05922"
"05/15/2022","AQS","510130020","1","0.1","ppm","1","Aurora Hills Visitors Center","24","100.0000","42101","Carbon monoxide","054","47900","Washington-Arlington-Alexandria, DC-VA-MD-WV","51","Virginia","013","Arlington","38.857700000922","-77.05922"
"05/16/2022","AQS","510130020","1","0.1","ppm","1","Aurora Hills Visitors Center","24","100.0000","42101","Carbon monoxide","054","47900","Washington-Arlington-Alexandria, DC-VA-MD-WV","51","Virginia","013","Arlington","38.857700000922","-77.05922"
"05/17/2022","AQS","510130020","1","0.1","ppm","1","Aurora Hills Visitors Center","24","100.0000","42101","Carbon monoxide","054","47900","Washington-Arlington-Alexandria, DC-VA-MD-WV","51","Virginia","013","Arlington","38.857700000922","-77.05922"
"05/18/2022","AQS","510130020","1","0.1","ppm","1","Aurora Hills Visitors Center","24","100.0000","42101","Carbon monoxide","054","47900","Washington-Arlington-Alexandria, DC-VA-MD-WV","51","Virginia","013","Arlington","38.857700000922","-77.05922"
"05/19/2022","AQS","510130020","1","0.3","ppm","3","Aurora Hills Visitors Center","24","100.0000","42101","Carbon monoxide","054","47900","Washington-Arlington-Alexandria, DC-VA-MD-WV","51","Virginia","013","Arlington","38.857700000922","-77.05922"
"05/20/2022","AQS","510130020","1","0.4","ppm","5","Aurora Hills Visitors Center","24","100.0000","42101","Carbon monoxide","054","47900","Washington-Arlington-Alexandria, DC-VA-MD-WV","51","Virginia","013","Arlington","38.857700000922","-77.05922"
"05/21/2022","AQS","510130020","1","0.2","ppm","2","Aurora Hills Visitors Center","24","100.0000","42101","Carbon monoxide","054","47900","Washington-Arlington-Alexandria, DC-VA-MD-WV","51","Virginia","013","Arlington","38.857700000922","-77.05922"
"05/22/2022","AQS","510130020","1","0.2","ppm","2","Aurora Hills Visitors Center","24","100.0000","42101","Carbon monoxide","054","47900","Washington-Arlington-Alexandria, DC-VA-MD-WV","51","Virginia","013","Arlington","38.857700000922","-77.05922"
"05/23/2022","AQS","510130020","1","0.1","ppm","1","Aurora Hills Visitors Center","24","100.0000","42101","Carbon monoxide","054","47900","Washington-Arlington-Alexandria, DC-VA-MD-WV","51","Virginia","013","Arlington","38.857700000922","-77.05922"
"05/24/2022","AQS","510130020","1","0.1","ppm","1","Aurora Hills Visitors Center","24","100.0000","42101","Carbon monoxide","054","47900","Washington-Arlington-Alexandria, DC-VA-MD-WV","51","Virginia","013","Arlington","38.857700000922","-77.05922"
"05/25/2022","AQS","510130020","1","0.2","ppm","2","Aurora Hills Visitors Center","24","100.0000","42101","Carbon monoxide","054","47900","Washington-Arlington-Alexandria, DC-VA-MD-WV","51","Virginia","013","Arlington","38.857700000922","-77.05922"
"05/26/2022","AQS","510130020","1","0.2","ppm","2","Aurora Hills Visitors Center","24","100.0000","42101","Carbon monoxide","054","47900","Washington-Arlington-Alexandria, DC-VA-MD-WV","51","Virginia","013","Arlington","38.857700000922","-77.05922"
"05/27/2022","AQS","510130020","1","0.2","ppm","2","Aurora Hills Visitors Center","24","100.0000","42101","Carbon monoxide","054","47900","Washington-Arlington-Alexandria, DC-VA-MD-WV","51","Virginia","013","Arlington","38.857700000922","-77.05922"
"05/28/2022","AQS","510130020","1","0.2","ppm","2","Aurora Hills Visitors Center","24","100.0000","42101","Carbon monoxide","054","47900","Washington-Arlington-Alexandria, DC-VA-MD-WV","51","Virginia","013","Arlington","38.857700000922","-77.05922"
"05/29/2022","AQS","510130020","1","0.3","ppm","3","Aurora Hills Visitors Center","24","100.0000","42101","Carbon monoxide","054","47900","Washington-Arlington-Alexandria, DC-VA-MD-WV","51","Virginia","013","Arlington","38.857700000922","-77.05922"
"05/30/2022","AQS","510130020","1","0.3","ppm","3","Aurora Hills Visitors Center","24","100.0000","42101","Carbon monoxide","054","47900","Washington-Arlington-Alexandria, DC-VA-MD-WV","51","Virginia","013","Arlington","38.857700000922","-77.05922"
"05/31/2022","AQS","510130020","1","0.3","ppm","3","Aurora Hills Visitors Center","24","100.0000","42101","Carbon monoxide","054","47900","Washington-Arlington-Alexandria, DC-VA-MD-WV","51","Virginia","013","Arlington","38.857700000922","-77.05922"
"06/01/2022","AQS","510130020","1","0.3","ppm","3","Aurora Hills Visitors Center","24","100.0000","42101","Carbon monoxide","054","47900","Washington-Arlington-Alexandria, DC-VA-MD-WV","51","Virginia","013","Arlington","38.857700000922","-77.05922"
"06/02/2022","AQS","510130020","1","0.3","ppm","3","Aurora Hills Visitors Center","24","100.0000","42101","Carbon monoxide","054","47900","Washington-Arlington-Alexandria, DC-VA-MD-WV","51","Virginia","013","Arlington","38.857700000922","-77.05922"
"06/03/2022","AQS","510130020","1","0.3","ppm","3","Aurora Hills Visitors Center","24","100.0000","42101","Carbon monoxide","054","47900","Washington-Arlington-Alexandria, DC-VA-MD-WV","51","Virginia","013","Arlington","38.857700000922","-77.05922"
"06/04/2022","AQS","510130020","1","0.4","ppm","5","Aurora Hills Visitors Center","24","100.0000","42101","Carbon monoxide","054","47900","Washington-Arlington-Alexandria, DC-VA-MD-WV","51","Virginia","013","Arlington","38.857700000922","-77.05922"
"06/05/2022","AQS","510130020","1","0.3","ppm","3","Aurora Hills Visitors Center","24","100.0000","42101","Carbon monoxide","054","47900","Washington-Arlington-Alexandria, DC-VA-MD-WV","51","Virginia","013","Arlington","38.857700000922","-77.05922"
"06/06/2022","AQS","510130020","1","0.2","ppm","2","Aurora Hills Visitors Center","24","100.0000","42101","Carbon monoxide","054","47900","Washington-Arlington-Alexandria, DC-VA-MD-WV","51","Virginia","013","Arlington","38.857700000922","-77.05922"
"06/07/2022","AQS","510130020","1","0.3","ppm","3","Aurora Hills Visitors Center","24","100.0000","42101","Carbon monoxide","054","47900","Washington-Arlington-Alexandria, DC-VA-MD-WV","51","Virginia","013","Arlington","38.857700000922","-77.05922"
"06/08/2022","AQS","510130020","1","0.3","ppm","3","Aurora Hills Visitors Center","24","100.0000","42101","Carbon monoxide","054","47900","Washington-Arlington-Alexandria, DC-VA-MD-WV","51","Virginia","013","Arlington","38.857700000922","-77.05922"
"06/09/2022","AQS","510130020","1","0.3","ppm","3","Aurora Hills Visitors Center","24","100.0000","42101","Carbon monoxide","054","47900","Washington-Arlington-Alexandria, DC-VA-MD-WV","51","Virginia","013","Arlington","38.857700000922","-77.05922"
"06/10/2022","AQS","510130020","1","0.2","ppm","2","Aurora Hills Visitors Center","24","100.0000","42101","Carbon monoxide","054","47900","Washington-Arlington-Alexandria, DC-VA-MD-WV","51","Virginia","013","Arlington","38.857700000922","-77.05922"
"06/11/2022","AQS","510130020","1","0.3","ppm","3","Aurora Hills Visitors Center","24","100.0000","42101","Carbon monoxide","054","47900","Washington-Arlington-Alexandria, DC-VA-MD-WV","51","Virginia","013","Arlington","38.857700000922","-77.05922"
"06/12/2022","AQS","510130020","1","0.3","ppm","3","Aurora Hills Visitors Center","24","100.0000","42101","Carbon monoxide","054","47900","Washington-Arlington-Alexandria, DC-VA-MD-WV","51","Virginia","013","Arlington","38.857700000922","-77.05922"
"06/13/2022","AQS","510130020","1","0.3","ppm","3","Aurora Hills Visitors Center","24","100.0000","42101","Carbon monoxide","054","47900","Washington-Arlington-Alexandria, DC-VA-MD-WV","51","Virginia","013","Arlington","38.857700000922","-77.05922"
"06/14/2022","AQS","510130020","1","0.4","ppm","5","Aurora Hills Visitors Center","24","100.0000","42101","Carbon monoxide","054","47900","Washington-Arlington-Alexandria, DC-VA-MD-WV","51","Virginia","013","Arlington","38.857700000922","-77.05922"
"06/15/2022","AQS","510130020","1","0.4","ppm","5","Aurora Hills Visitors Center","24","100.0000","42101","Carbon monoxide","054","47900","Washington-Arlington-Alexandria, DC-VA-MD-WV","51","Virginia","013","Arlington","38.857700000922","-77.05922"
"06/16/2022","AQS","510130020","1","0.3","ppm","3","Aurora Hills Visitors Center","24","100.0000","42101","Carbon monoxide","054","47900","Washington-Arlington-Alexandria, DC-VA-MD-WV","51","Virginia","013","Arlington","38.857700000922","-77.05922"
"06/17/2022","AQS","510130020","1","0.3","ppm","3","Aurora Hills Visitors Center","24","100.0000","42101","Carbon monoxide","054","47900","Washington-Arlington-Alexandria, DC-VA-MD-WV","51","Virginia","013","Arlington","38.857700000922","-77.05922"
"06/18/2022","AQS","510130020","1","0.2","ppm","2","Aurora Hills Visitors Center","24","100.0000","42101","Carbon monoxide","054","47900","Washington-Arlington-Alexandria, DC-VA-MD-WV","51","Virginia","013","Arlington","38.857700000922","-77.05922"
"06/19/2022","AQS","510130020","1","0.1","ppm","1","Aurora Hills Visitors Center","24","100.0000","42101","Carbon monoxide","054","47900","Washington-Arlington-Alexandria, DC-VA-MD-WV","51","Virginia","013","Arlington","38.857700000922","-77.05922"
"06/20/2022","AQS","510130020","1","0.2","ppm","2","Aurora Hills Visitors Center","24","100.0000","42101","Carbon monoxide","054","47900","Washington-Arlington-Alexandria, DC-VA-MD-WV","51","Virginia","013","Arlington","38.857700000922","-77.05922"
"06/21/2022","AQS","510130020","1","0.3","ppm","3","Aurora Hills Visitors Center","24","100.0000","42101","Carbon monoxide","054","47900","Washington-Arlington-Alexandria, DC-VA-MD-WV","51","Virginia","013","Arlington","38.857700000922","-77.05922"
"06/22/2022","AQS","510130020","1","0.4","ppm","5","Aurora Hills Visitors Center","24","100.0000","42101","Carbon monoxide","054","47900","Washington-Arlington-Alexandria, DC-VA-MD-WV","51","Virginia","013","Arlington","38.857700000922","-77.05922"
"06/23/2022","AQS","510130020","1","0.3","ppm","3","Aurora Hills Visitors Center","24","100.0000","42101","Carbon monoxide","054","47900","Washington-Arlington-Alexandria, DC-VA-MD-WV","51","Virginia","013","Arlington","38.857700000922","-77.05922"
"06/24/2022","AQS","510130020","1","0.4","ppm","5","Aurora Hills Visitors Center","24","100.0000","42101","Carbon monoxide","054","47900","Washington-Arlington-Alexandria, DC-VA-MD-WV","51","Virginia","013","Arlington","38.857700000922","-77.05922"
"06/25/2022","AQS","510130020","1","0.3","ppm","3","Aurora Hills Visitors Center","24","100.0000","42101","Carbon monoxide","054","47900","Washington-Arlington-Alexandria, DC-VA-MD-WV","51","Virginia","013","Arlington","38.857700000922","-77.05922"
"06/26/2022","AQS","510130020","1","0.3","ppm","3","Aurora Hills Visitors Center","24","100.0000","42101","Carbon monoxide","054","47900","Washington-Arlington-Alexandria, DC-VA-MD-WV","51","Virginia","013","Arlington","38.857700000922","-77.05922"
"06/27/2022","AQS","510130020","1","0.3","ppm","3","Aurora Hills Visitors Center","24","100.0000","42101","Carbon monoxide","054","47900","Washington-Arlington-Alexandria, DC-VA-MD-WV","51","Virginia","013","Arlington","38.857700000922","-77.05922"
"06/28/2022","AQS","510130020","1","0.3","ppm","3","Aurora Hills Visitors Center","24","100.0000","42101","Carbon monoxide","054","47900","Washington-Arlington-Alexandria, DC-VA-MD-WV","51","Virginia","013","Arlington","38.857700000922","-77.05922"
"06/29/2022","AQS","510130020","1","0.4","ppm","5","Aurora Hills Visitors Center","24","100.0000","42101","Carbon monoxide","054","47900","Washington-Arlington-Alexandria, DC-VA-MD-WV","51","Virginia","013","Arlington","38.857700000922","-77.05922"
"06/30/2022","AQS","510130020","1","0.4","ppm","5","Aurora Hills Visitors Center","24","100.0000","42101","Carbon monoxide","054","47900","Washington-Arlington-Alexandria, DC-VA-MD-WV","51","Virginia","013","Arlington","38.857700000922","-77.05922"
"07/01/2022","AQS","510130020","1","0.3","ppm","3","Aurora Hills Visitors Center","24","100.0000","42101","Carbon monoxide","054","47900","Washington-Arlington-Alexandria, DC-VA-MD-WV","51","Virginia","013","Arlington","38.857700000922","-77.05922"
"07/02/2022","AQS","510130020","1","0.2","ppm","2","Aurora Hills Visitors Center","24","100.0000","42101","Carbon monoxide","054","47900","Washington-Arlington-Alexandria, DC-VA-MD-WV","51","Virginia","013","Arlington","38.857700000922","-77.05922"
"07/03/2022","AQS","510130020","1","0.2","ppm","2","Aurora Hills Visitors Center","24","100.0000","42101","Carbon monoxide","054","47900","Washington-Arlington-Alexandria, DC-VA-MD-WV","51","Virginia","013","Arlington","38.857700000922","-77.05922"
"07/04/2022","AQS","510130020","1","0.3","ppm","3","Aurora Hills Visitors Center","24","100.0000","42101","Carbon monoxide","054","47900","Washington-Arlington-Alexandria, DC-VA-MD-WV","51","Virginia","013","Arlington","38.857700000922","-77.05922"
"07/05/2022","AQS","510130020","1","0.3","ppm","3","Aurora Hills Visitors Center","24","100.0000","42101","Carbon monoxide","054","47900","Washington-Arlington-Alexandria, DC-VA-MD-WV","51","Virginia","013","Arlington","38.857700000922","-77.05922"
"07/06/2022","AQS","510130020","1","0.3","ppm","3","Aurora Hills Visitors Center","24","100.0000","42101","Carbon monoxide","054","47900","Washington-Arlington-Alexandria, DC-VA-MD-WV","51","Virginia","013","Arlington","38.857700000922","-77.05922"
"07/07/2022","AQS","510130020","1","0.3","ppm","3","Aurora Hills Visitors Center","24","100.0000","42101","Carbon monoxide","054","47900","Washington-Arlington-Alexandria, DC-VA-MD-WV","51","Virginia","013","Arlington","38.857700000922","-77.05922"
"07/08/2022","AQS","510130020","1","0.3","ppm","3","Aurora Hills Visitors Center","24","100.0000","42101","Carbon monoxide","054","47900","Washington-Arlington-Alexandria, DC-VA-MD-WV","51","Virginia","013","Arlington","38.857700000922","-77.05922"
"07/09/2022","AQS","510130020","1","0.3","ppm","3","Aurora Hills Visitors Center","24","100.0000","42101","Carbon monoxide","054","47900","Washington-Arlington-Alexandria, DC-VA-MD-WV","51","Virginia","013","Arlington","38.857700000922","-77.05922"
"07/10/2022","AQS","510130020","1","0.3","ppm","3","Aurora Hills Visitors Center","24","100.0000","42101","Carbon monoxide","054","47900","Washington-Arlington-Alexandria, DC-VA-MD-WV","51","Virginia","013","Arlington","38.857700000922","-77.05922"
"07/11/2022","AQS","510130020","1","0.3","ppm","3","Aurora Hills Visitors Center","24","100.0000","42101","Carbon monoxide","054","47900","Washington-Arlington-Alexandria, DC-VA-MD-WV","51","Virginia","013","Arlington","38.857700000922","-77.05922"
"07/12/2022","AQS","510130020","1","0.3","ppm","3","Aurora Hills Visitors Center","24","100.0000","42101","Carbon monoxide","054","47900","Washington-Arlington-Alexandria, DC-VA-MD-WV","51","Virginia","013","Arlington","38.857700000922","-77.05922"
"07/13/2022","AQS","510130020","1","0.3","ppm","3","Aurora Hills Visitors Center","24","100.0000","42101","Carbon monoxide","054","47900","Washington-Arlington-Alexandria, DC-VA-MD-WV","51","Virginia","013","Arlington","38.857700000922","-77.05922"
"07/14/2022","AQS","510130020","1","0.4","ppm","5","Aurora Hills Visitors Center","24","100.0000","42101","Carbon monoxide","054","47900","Washington-Arlington-Alexandria, DC-VA-MD-WV","51","Virginia","013","Arlington","38.857700000922","-77.05922"
"07/15/2022","AQS","510130020","1","0.4","ppm","5","Aurora Hills Visitors Center","24","100.0000","42101","Carbon monoxide","054","47900","Washington-Arlington-Alexandria, DC-VA-MD-WV","51","Virginia","013","Arlington","38.857700000922","-77.05922"
"07/16/2022","AQS","510130020","1","0.3","ppm","3","Aurora Hills Visitors Center","24","100.0000","42101","Carbon monoxide","054","47900","Washington-Arlington-Alexandria, DC-VA-MD-WV","51","Virginia","013","Arlington","38.857700000922","-77.05922"
"07/17/2022","AQS","510130020","1","0.3","ppm","3","Aurora Hills Visitors Center","24","100.0000","42101","Carbon monoxide","054","47900","Washington-Arlington-Alexandria, DC-VA-MD-WV","51","Virginia","013","Arlington","38.857700000922","-77.05922"
"07/18/2022","AQS","510130020","1","0.3","ppm","3","Aurora Hills Visitors Center","24","100.0000","42101","Carbon monoxide","054","47900","Washington-Arlington-Alexandria, DC-VA-MD-WV","51","Virginia","013","Arlington","38.857700000922","-77.05922"
"07/19/2022","AQS","510130020","1","0.3","ppm","3","Aurora Hills Visitors Center","24","100.0000","42101","Carbon monoxide","054","47900","Washington-Arlington-Alexandria, DC-VA-MD-WV","51","Virginia","013","Arlington","38.857700000922","-77.05922"
"07/20/2022","AQS","510130020","1","0.3","ppm","3","Aurora Hills Visitors Center","18","75.0000","42101","Carbon monoxide","054","47900","Washington-Arlington-Alexandria, DC-VA-MD-WV","51","Virginia","013","Arlington","38.857700000922","-77.05922"
"07/21/2022","AQS","510130020","1","0.4","ppm","5","Aurora Hills Visitors Center","24","100.0000","42101","Carbon monoxide","054","47900","Washington-Arlington-Alexandria, DC-VA-MD-WV","51","Virginia","013","Arlington","38.857700000922","-77.05922"
"07/22/2022","AQS","510130020","1","0.4","ppm","5","Aurora Hills Visitors Center","24","100.0000","42101","Carbon monoxide","054","47900","Washington-Arlington-Alexandria, DC-VA-MD-WV","51","Virginia","013","Arlington","38.857700000922","-77.05922"
"07/23/2022","AQS","510130020","1","0.3","ppm","3","Aurora Hills Visitors Center","24","100.0000","42101","Carbon monoxide","054","47900","Washington-Arlington-Alexandria, DC-VA-MD-WV","51","Virginia","013","Arlington","38.857700000922","-77.05922"
"07/24/2022","AQS","510130020","1","0.3","ppm","3","Aurora Hills Visitors Center","24","100.0000","42101","Carbon monoxide","054","47900","Washington-Arlington-Alexandria, DC-VA-MD-WV","51","Virginia","013","Arlington","38.857700000922","-77.05922"
"07/25/2022","AQS","510130020","1","0.4","ppm","5","Aurora Hills Visitors Center","24","100.0000","42101","Carbon monoxide","054","47900","Washington-Arlington-Alexandria, DC-VA-MD-WV","51","Virginia","013","Arlington","38.857700000922","-77.05922"
"07/26/2022","AQS","510130020","1","0.4","ppm","5","Aurora Hills Visitors Center","24","100.0000","42101","Carbon monoxide","054","47900","Washington-Arlington-Alexandria, DC-VA-MD-WV","51","Virginia","013","Arlington","38.857700000922","-77.05922"
"07/27/2022","AQS","510130020","1","0.5","ppm","6","Aurora Hills Visitors Center","24","100.0000","42101","Carbon monoxide","054","47900","Washington-Arlington-Alexandria, DC-VA-MD-WV","51","Virginia","013","Arlington","38.857700000922","-77.05922"
"07/28/2022","AQS","510130020","1","0.4","ppm","5","Aurora Hills Visitors Center","24","100.0000","42101","Carbon monoxide","054","47900","Washington-Arlington-Alexandria, DC-VA-MD-WV","51","Virginia","013","Arlington","38.857700000922","-77.05922"
"07/29/2022","AQS","510130020","1","0.5","ppm","6","Aurora Hills Visitors Center","24","100.0000","42101","Carbon monoxide","054","47900","Washington-Arlington-Alexandria, DC-VA-MD-WV","51","Virginia","013","Arlington","38.857700000922","-77.05922"
"07/30/2022","AQS","510130020","1","0.3","ppm","3","Aurora Hills Visitors Center","24","100.0000","42101","Carbon monoxide","054","47900","Washington-Arlington-Alexandria, DC-VA-MD-WV","51","Virginia","013","Arlington","38.857700000922","-77.05922"
"07/31/2022","AQS","510130020","1","0.3","ppm","3","Aurora Hills Visitors Center","24","100.0000","42101","Carbon monoxide","054","47900","Washington-Arlington-Alexandria, DC-VA-MD-WV","51","Virginia","013","Arlington","38.857700000922","-77.05922"
"08/01/2022","AQS","510130020","1","0.3","ppm","3","Aurora Hills Visitors Center","24","100.0000","42101","Carbon monoxide","054","47900","Washington-Arlington-Alexandria, DC-VA-MD-WV","51","Virginia","013","Arlington","38.857700000922","-77.05922"
"08/02/2022","AQS","510130020","1","0.4","ppm","5","Aurora Hills Visitors Center","24","100.0000","42101","Carbon monoxide","054","47900","Washington-Arlington-Alexandria, DC-VA-MD-WV","51","Virginia","013","Arlington","38.857700000922","-77.05922"
"08/03/2022","AQS","510130020","1","0.3","ppm","3","Aurora Hills Visitors Center","24","100.0000","42101","Carbon monoxide","054","47900","Washington-Arlington-Alexandria, DC-VA-MD-WV","51","Virginia","013","Arlington","38.857700000922","-77.05922"
"08/04/2022","AQS","510130020","1","0.4","ppm","5","Aurora Hills Visitors Center","24","100.0000","42101","Carbon monoxide","054","47900","Washington-Arlington-Alexandria, DC-VA-MD-WV","51","Virginia","013","Arlington","38.857700000922","-77.05922"
"08/05/2022","AQS","510130020","1","0.4","ppm","5","Aurora Hills Visitors Center","24","100.0000","42101","Carbon monoxide","054","47900","Washington-Arlington-Alexandria, DC-VA-MD-WV","51","Virginia","013","Arlington","38.857700000922","-77.05922"
"08/06/2022","AQS","510130020","1","0.3","ppm","3","Aurora Hills Visitors Center","24","100.0000","42101","Carbon monoxide","054","47900","Washington-Arlington-Alexandria, DC-VA-MD-WV","51","Virginia","013","Arlington","38.857700000922","-77.05922"
"08/07/2022","AQS","510130020","1","0.2","ppm","2","Aurora Hills Visitors Center","24","100.0000","42101","Carbon monoxide","054","47900","Washington-Arlington-Alexandria, DC-VA-MD-WV","51","Virginia","013","Arlington","38.857700000922","-77.05922"
"08/08/2022","AQS","510130020","1","0.3","ppm","3","Aurora Hills Visitors Center","24","100.0000","42101","Carbon monoxide","054","47900","Washington-Arlington-Alexandria, DC-VA-MD-WV","51","Virginia","013","Arlington","38.857700000922","-77.05922"
"08/09/2022","AQS","510130020","1","0.3","ppm","3","Aurora Hills Visitors Center","24","100.0000","42101","Carbon monoxide","054","47900","Washington-Arlington-Alexandria, DC-VA-MD-WV","51","Virginia","013","Arlington","38.857700000922","-77.05922"
"08/10/2022","AQS","510130020","1","0.4","ppm","5","Aurora Hills Visitors Center","24","100.0000","42101","Carbon monoxide","054","47900","Washington-Arlington-Alexandria, DC-VA-MD-WV","51","Virginia","013","Arlington","38.857700000922","-77.05922"
"08/11/2022","AQS","510130020","1","0.3","ppm","3","Aurora Hills Visitors Center","24","100.0000","42101","Carbon monoxide","054","47900","Washington-Arlington-Alexandria, DC-VA-MD-WV","51","Virginia","013","Arlington","38.857700000922","-77.05922"
"08/12/2022","AQS","510130020","1","0.3","ppm","3","Aurora Hills Visitors Center","24","100.0000","42101","Carbon monoxide","054","47900","Washington-Arlington-Alexandria, DC-VA-MD-WV","51","Virginia","013","Arlington","38.857700000922","-77.05922"
"08/13/2022","AQS","510130020","1","0.3","ppm","3","Aurora Hills Visitors Center","24","100.0000","42101","Carbon monoxide","054","47900","Washington-Arlington-Alexandria, DC-VA-MD-WV","51","Virginia","013","Arlington","38.857700000922","-77.05922"
"08/14/2022","AQS","510130020","1","0.4","ppm","5","Aurora Hills Visitors Center","24","100.0000","42101","Carbon monoxide","054","47900","Washington-Arlington-Alexandria, DC-VA-MD-WV","51","Virginia","013","Arlington","38.857700000922","-77.05922"
"08/15/2022","AQS","510130020","1","0.3","ppm","3","Aurora Hills Visitors Center","24","100.0000","42101","Carbon monoxide","054","47900","Washington-Arlington-Alexandria, DC-VA-MD-WV","51","Virginia","013","Arlington","38.857700000922","-77.05922"
"08/16/2022","AQS","510130020","1","0.3","ppm","3","Aurora Hills Visitors Center","24","100.0000","42101","Carbon monoxide","054","47900","Washington-Arlington-Alexandria, DC-VA-MD-WV","51","Virginia","013","Arlington","38.857700000922","-77.05922"
"08/17/2022","AQS","510130020","1","0.3","ppm","3","Aurora Hills Visitors Center","24","100.0000","42101","Carbon monoxide","054","47900","Washington-Arlington-Alexandria, DC-VA-MD-WV","51","Virginia","013","Arlington","38.857700000922","-77.05922"
"08/18/2022","AQS","510130020","1","0.3","ppm","3","Aurora Hills Visitors Center","24","100.0000","42101","Carbon monoxide","054","47900","Washington-Arlington-Alexandria, DC-VA-MD-WV","51","Virginia","013","Arlington","38.857700000922","-77.05922"
"08/19/2022","AQS","510130020","1","0.4","ppm","5","Aurora Hills Visitors Center","24","100.0000","42101","Carbon monoxide","054","47900","Washington-Arlington-Alexandria, DC-VA-MD-WV","51","Virginia","013","Arlington","38.857700000922","-77.05922"
"08/20/2022","AQS","510130020","1","0.2","ppm","2","Aurora Hills Visitors Center","24","100.0000","42101","Carbon monoxide","054","47900","Washington-Arlington-Alexandria, DC-VA-MD-WV","51","Virginia","013","Arlington","38.857700000922","-77.05922"
"08/21/2022","AQS","510130020","1","0.2","ppm","2","Aurora Hills Visitors Center","24","100.0000","42101","Carbon monoxide","054","47900","Washington-Arlington-Alexandria, DC-VA-MD-WV","51","Virginia","013","Arlington","38.857700000922","-77.05922"
"08/22/2022","AQS","510130020","1","0.2","ppm","2","Aurora Hills Visitors Center","24","100.0000","42101","Carbon monoxide","054","47900","Washington-Arlington-Alexandria, DC-VA-MD-WV","51","Virginia","013","Arlington","38.857700000922","-77.05922"
"08/23/2022","AQS","510130020","1","0.3","ppm","3","Aurora Hills Visitors Center","24","100.0000","42101","Carbon monoxide","054","47900","Washington-Arlington-Alexandria, DC-VA-MD-WV","51","Virginia","013","Arlington","38.857700000922","-77.05922"
"08/24/2022","AQS","510130020","1","0.4","ppm","5","Aurora Hills Visitors Center","24","100.0000","42101","Carbon monoxide","054","47900","Washington-Arlington-Alexandria, DC-VA-MD-WV","51","Virginia","013","Arlington","38.857700000922","-77.05922"
"08/25/2022","AQS","510130020","1","0.5","ppm","6","Aurora Hills Visitors Center","24","100.0000","42101","Carbon monoxide","054","47900","Washington-Arlington-Alexandria, DC-VA-MD-WV","51","Virginia","013","Arlington","38.857700000922","-77.05922"
"08/26/2022","AQS","510130020","1","0.4","ppm","5","Aurora Hills Visitors Center","24","100.0000","42101","Carbon monoxide","054","47900","Washington-Arlington-Alexandria, DC-VA-MD-WV","51","Virginia","013","Arlington","38.857700000922","-77.05922"
"08/27/2022","AQS","510130020","1","0.4","ppm","5","Aurora Hills Visitors Center","24","100.0000","42101","Carbon monoxide","054","47900","Washington-Arlington-Alexandria, DC-VA-MD-WV","51","Virginia","013","Arlington","38.857700000922","-77.05922"
"08/28/2022","AQS","510130020","1","0.5","ppm","6","Aurora Hills Visitors Center","24","100.0000","42101","Carbon monoxide","054","47900","Washington-Arlington-Alexandria, DC-VA-MD-WV","51","Virginia","013","Arlington","38.857700000922","-77.05922"
"08/29/2022","AQS","510130020","1","0.3","ppm","3","Aurora Hills Visitors Center","24","100.0000","42101","Carbon monoxide","054","47900","Washington-Arlington-Alexandria, DC-VA-MD-WV","51","Virginia","013","Arlington","38.857700000922","-77.05922"
"08/30/2022","AQS","510130020","1","0.3","ppm","3","Aurora Hills Visitors Center","24","100.0000","42101","Carbon monoxide","054","47900","Washington-Arlington-Alexandria, DC-VA-MD-WV","51","Virginia","013","Arlington","38.857700000922","-77.05922"
"08/31/2022","AQS","510130020","1","0.3","ppm","3","Aurora Hills Visitors Center","24","100.0000","42101","Carbon monoxide","054","47900","Washington-Arlington-Alexandria, DC-VA-MD-WV","51","Virginia","013","Arlington","38.857700000922","-77.05922"
"09/01/2022","AQS","510130020","1","0.3","ppm","3","Aurora Hills Visitors Center","24","100.0000","42101","Carbon monoxide","054","47900","Washington-Arlington-Alexandria, DC-VA-MD-WV","51","Virginia","013","Arlington","38.857700000922","-77.05922"
"09/02/2022","AQS","510130020","1","0.4","ppm","5","Aurora Hills Visitors Center","24","100.0000","42101","Carbon monoxide","054","47900","Washington-Arlington-Alexandria, DC-VA-MD-WV","51","Virginia","013","Arlington","38.857700000922","-77.05922"
"09/03/2022","AQS","510130020","1","0.3","ppm","3","Aurora Hills Visitors Center","24","100.0000","42101","Carbon monoxide","054","47900","Washington-Arlington-Alexandria, DC-VA-MD-WV","51","Virginia","013","Arlington","38.857700000922","-77.05922"
"09/04/2022","AQS","510130020","1","0.3","ppm","3","Aurora Hills Visitors Center","24","100.0000","42101","Carbon monoxide","054","47900","Washington-Arlington-Alexandria, DC-VA-MD-WV","51","Virginia","013","Arlington","38.857700000922","-77.05922"
"09/05/2022","AQS","510130020","1","0.2","ppm","2","Aurora Hills Visitors Center","24","100.0000","42101","Carbon monoxide","054","47900","Washington-Arlington-Alexandria, DC-VA-MD-WV","51","Virginia","013","Arlington","38.857700000922","-77.05922"
"09/06/2022","AQS","510130020","1","0.3","ppm","3","Aurora Hills Visitors Center","24","100.0000","42101","Carbon monoxide","054","47900","Washington-Arlington-Alexandria, DC-VA-MD-WV","51","Virginia","013","Arlington","38.857700000922","-77.05922"
"09/07/2022","AQS","510130020","1","0.3","ppm","3","Aurora Hills Visitors Center","24","100.0000","42101","Carbon monoxide","054","47900","Washington-Arlington-Alexandria, DC-VA-MD-WV","51","Virginia","013","Arlington","38.857700000922","-77.05922"
"09/08/2022","AQS","510130020","1","0.4","ppm","5","Aurora Hills Visitors Center","24","100.0000","42101","Carbon monoxide","054","47900","Washington-Arlington-Alexandria, DC-VA-MD-WV","51","Virginia","013","Arlington","38.857700000922","-77.05922"
"09/09/2022","AQS","510130020","1","0.5","ppm","6","Aurora Hills Visitors Center","24","100.0000","42101","Carbon monoxide","054","47900","Washington-Arlington-Alexandria, DC-VA-MD-WV","51","Virginia","013","Arlington","38.857700000922","-77.05922"
"09/10/2022","AQS","510130020","1","0.4","ppm","5","Aurora Hills Visitors Center","24","100.0000","42101","Carbon monoxide","054","47900","Washington-Arlington-Alexandria, DC-VA-MD-WV","51","Virginia","013","Arlington","38.857700000922","-77.05922"
"09/11/2022","AQS","510130020","1","0.4","ppm","5","Aurora Hills Visitors Center","24","100.0000","42101","Carbon monoxide","054","47900","Washington-Arlington-Alexandria, DC-VA-MD-WV","51","Virginia","013","Arlington","38.857700000922","-77.05922"
"09/12/2022","AQS","510130020","1","0.4","ppm","5","Aurora Hills Visitors Center","24","100.0000","42101","Carbon monoxide","054","47900","Washington-Arlington-Alexandria, DC-VA-MD-WV","51","Virginia","013","Arlington","38.857700000922","-77.05922"
"09/13/2022","AQS","510130020","1","0.4","ppm","5","Aurora Hills Visitors Center","24","100.0000","42101","Carbon monoxide","054","47900","Washington-Arlington-Alexandria, DC-VA-MD-WV","51","Virginia","013","Arlington","38.857700000922","-77.05922"
"09/14/2022","AQS","510130020","1","0.3","ppm","3","Aurora Hills Visitors Center","24","100.0000","42101","Carbon monoxide","054","47900","Washington-Arlington-Alexandria, DC-VA-MD-WV","51","Virginia","013","Arlington","38.857700000922","-77.05922"
"09/15/2022","AQS","510130020","1","0.3","ppm","3","Aurora Hills Visitors Center","24","100.0000","42101","Carbon monoxide","054","47900","Washington-Arlington-Alexandria, DC-VA-MD-WV","51","Virginia","013","Arlington","38.857700000922","-77.05922"
"09/16/2022","AQS","510130020","1","0.5","ppm","6","Aurora Hills Visitors Center","24","100.0000","42101","Carbon monoxide","054","47900","Washington-Arlington-Alexandria, DC-VA-MD-WV","51","Virginia","013","Arlington","38.857700000922","-77.05922"
"09/17/2022","AQS","510130020","1","0.8","ppm","9","Aurora Hills Visitors Center","24","100.0000","42101","Carbon monoxide","054","47900","Washington-Arlington-Alexandria, DC-VA-MD-WV","51","Virginia","013","Arlington","38.857700000922","-77.05922"
"09/18/2022","AQS","510130020","1","0.4","ppm","5","Aurora Hills Visitors Center","24","100.0000","42101","Carbon monoxide","054","47900","Washington-Arlington-Alexandria, DC-VA-MD-WV","51","Virginia","013","Arlington","38.857700000922","-77.05922"
"09/19/2022","AQS","510130020","1","0.4","ppm","5","Aurora Hills Visitors Center","24","100.0000","42101","Carbon monoxide","054","47900","Washington-Arlington-Alexandria, DC-VA-MD-WV","51","Virginia","013","Arlington","38.857700000922","-77.05922"
"09/20/2022","AQS","510130020","1","0.3","ppm","3","Aurora Hills Visitors Center","24","100.0000","42101","Carbon monoxide","054","47900","Washington-Arlington-Alexandria, DC-VA-MD-WV","51","Virginia","013","Arlington","38.857700000922","-77.05922"
"09/21/2022","AQS","510130020","1","0.3","ppm","3","Aurora Hills Visitors Center","24","100.0000","42101","Carbon monoxide","054","47900","Washington-Arlington-Alexandria, DC-VA-MD-WV","51","Virginia","013","Arlington","38.857700000922","-77.05922"
"09/22/2022","AQS","510130020","1","0.3","ppm","3","Aurora Hills Visitors Center","24","100.0000","42101","Carbon monoxide","054","47900","Washington-Arlington-Alexandria, DC-VA-MD-WV","51","Virginia","013","Arlington","38.857700000922","-77.05922"
"09/23/2022","AQS","510130020","1","0.2","ppm","2","Aurora Hills Visitors Center","24","100.0000","42101","Carbon monoxide","054","47900","Washington-Arlington-Alexandria, DC-VA-MD-WV","51","Virginia","013","Arlington","38.857700000922","-77.05922"
"09/24/2022","AQS","510130020","1","0.3","ppm","3","Aurora Hills Visitors Center","24","100.0000","42101","Carbon monoxide","054","47900","Washington-Arlington-Alexandria, DC-VA-MD-WV","51","Virginia","013","Arlington","38.857700000922","-77.05922"
"09/25/2022","AQS","510130020","1","0.4","ppm","5","Aurora Hills Visitors Center","24","100.0000","42101","Carbon monoxide","054","47900","Washington-Arlington-Alexandria, DC-VA-MD-WV","51","Virginia","013","Arlington","38.857700000922","-77.05922"
"09/26/2022","AQS","510130020","1","0.3","ppm","3","Aurora Hills Visitors Center","24","100.0000","42101","Carbon monoxide","054","47900","Washington-Arlington-Alexandria, DC-VA-MD-WV","51","Virginia","013","Arlington","38.857700000922","-77.05922"
"09/27/2022","AQS","510130020","1","0.2","ppm","2","Aurora Hills Visitors Center","24","100.0000","42101","Carbon monoxide","054","47900","Washington-Arlington-Alexandria, DC-VA-MD-WV","51","Virginia","013","Arlington","38.857700000922","-77.05922"
"09/28/2022","AQS","510130020","1","0.2","ppm","2","Aurora Hills Visitors Center","24","100.0000","42101","Carbon monoxide","054","47900","Washington-Arlington-Alexandria, DC-VA-MD-WV","51","Virginia","013","Arlington","38.857700000922","-77.05922"
"09/29/2022","AQS","510130020","1","0.2","ppm","2","Aurora Hills Visitors Center","24","100.0000","42101","Carbon monoxide","054","47900","Washington-Arlington-Alexandria, DC-VA-MD-WV","51","Virginia","013","Arlington","38.857700000922","-77.05922"
"09/30/2022","AQS","510130020","1","0.3","ppm","3","Aurora Hills Visitors Center","24","100.0000","42101","Carbon monoxide","054","47900","Washington-Arlington-Alexandria, DC-VA-MD-WV","51","Virginia","013","Arlington","38.857700000922","-77.05922"
"10/01/2022","AQS","510130020","1","0.3","ppm","3","Aurora Hills Visitors Center","24","100.0000","42101","Carbon monoxide","054","47900","Washington-Arlington-Alexandria, DC-VA-MD-WV","51","Virginia","013","Arlington","38.857700000922","-77.05922"
"10/02/2022","AQS","510130020","1","0.3","ppm","3","Aurora Hills Visitors Center","24","100.0000","42101","Carbon monoxide","054","47900","Washington-Arlington-Alexandria, DC-VA-MD-WV","51","Virginia","013","Arlington","38.857700000922","-77.05922"
"10/03/2022","AQS","510130020","1","0.2","ppm","2","Aurora Hills Visitors Center","24","100.0000","42101","Carbon monoxide","054","47900","Washington-Arlington-Alexandria, DC-VA-MD-WV","51","Virginia","013","Arlington","38.857700000922","-77.05922"
"10/04/2022","AQS","510130020","1","0.2","ppm","2","Aurora Hills Visitors Center","24","100.0000","42101","Carbon monoxide","054","47900","Washington-Arlington-Alexandria, DC-VA-MD-WV","51","Virginia","013","Arlington","38.857700000922","-77.05922"
"10/05/2022","AQS","510130020","1","0.3","ppm","3","Aurora Hills Visitors Center","24","100.0000","42101","Carbon monoxide","054","47900","Washington-Arlington-Alexandria, DC-VA-MD-WV","51","Virginia","013","Arlington","38.857700000922","-77.05922"
"10/06/2022","AQS","510130020","1","0.6","ppm","7","Aurora Hills Visitors Center","24","100.0000","42101","Carbon monoxide","054","47900","Washington-Arlington-Alexandria, DC-VA-MD-WV","51","Virginia","013","Arlington","38.857700000922","-77.05922"
"10/07/2022","AQS","510130020","1","0.6","ppm","7","Aurora Hills Visitors Center","24","100.0000","42101","Carbon monoxide","054","47900","Washington-Arlington-Alexandria, DC-VA-MD-WV","51","Virginia","013","Arlington","38.857700000922","-77.05922"
"10/08/2022","AQS","510130020","1","0.4","ppm","5","Aurora Hills Visitors Center","24","100.0000","42101","Carbon monoxide","054","47900","Washington-Arlington-Alexandria, DC-VA-MD-WV","51","Virginia","013","Arlington","38.857700000922","-77.05922"
"10/09/2022","AQS","510130020","1","0.5","ppm","6","Aurora Hills Visitors Center","24","100.0000","42101","Carbon monoxide","054","47900","Washington-Arlington-Alexandria, DC-VA-MD-WV","51","Virginia","013","Arlington","38.857700000922","-77.05922"
"10/10/2022","AQS","510130020","1","0.6","ppm","7","Aurora Hills Visitors Center","24","100.0000","42101","Carbon monoxide","054","47900","Washington-Arlington-Alexandria, DC-VA-MD-WV","51","Virginia","013","Arlington","38.857700000922","-77.05922"
"10/11/2022","AQS","510130020","1","0.6","ppm","7","Aurora Hills Visitors Center","24","100.0000","42101","Carbon monoxide","054","47900","Washington-Arlington-Alexandria, DC-VA-MD-WV","51","Virginia","013","Arlington","38.857700000922","-77.05922"
"10/12/2022","AQS","510130020","1","0.4","ppm","5","Aurora Hills Visitors Center","24","100.0000","42101","Carbon monoxide","054","47900","Washington-Arlington-Alexandria, DC-VA-MD-WV","51","Virginia","013","Arlington","38.857700000922","-77.05922"
"10/13/2022","AQS","510130020","1","0.2","ppm","2","Aurora Hills Visitors Center","24","100.0000","42101","Carbon monoxide","054","47900","Washington-Arlington-Alexandria, DC-VA-MD-WV","51","Virginia","013","Arlington","38.857700000922","-77.05922"
"10/14/2022","AQS","510130020","1","0.3","ppm","3","Aurora Hills Visitors Center","24","100.0000","42101","Carbon monoxide","054","47900","Washington-Arlington-Alexandria, DC-VA-MD-WV","51","Virginia","013","Arlington","38.857700000922","-77.05922"
"10/15/2022","AQS","510130020","1","0.4","ppm","5","Aurora Hills Visitors Center","24","100.0000","42101","Carbon monoxide","054","47900","Washington-Arlington-Alexandria, DC-VA-MD-WV","51","Virginia","013","Arlington","38.857700000922","-77.05922"
"10/16/2022","AQS","510130020","1","0.6","ppm","7","Aurora Hills Visitors Center","24","100.0000","42101","Carbon monoxide","054","47900","Washington-Arlington-Alexandria, DC-VA-MD-WV","51","Virginia","013","Arlington","38.857700000922","-77.05922"
"10/17/2022","AQS","510130020","1","0.2","ppm","2","Aurora Hills Visitors Center","24","100.0000","42101","Carbon monoxide","054","47900","Washington-Arlington-Alexandria, DC-VA-MD-WV","51","Virginia","013","Arlington","38.857700000922","-77.05922"
"10/18/2022","AQS","510130020","1","0.2","ppm","2","Aurora Hills Visitors Center","24","100.0000","42101","Carbon monoxide","054","47900","Washington-Arlington-Alexandria, DC-VA-MD-WV","51","Virginia","013","Arlington","38.857700000922","-77.05922"
"10/19/2022","AQS","510130020","1","0.3","ppm","3","Aurora Hills Visitors Center","24","100.0000","42101","Carbon monoxide","054","47900","Washington-Arlington-Alexandria, DC-VA-MD-WV","51","Virginia","013","Arlington","38.857700000922","-77.05922"
"10/20/2022","AQS","510130020","1","0.2","ppm","2","Aurora Hills Visitors Center","24","100.0000","42101","Carbon monoxide","054","47900","Washington-Arlington-Alexandria, DC-VA-MD-WV","51","Virginia","013","Arlington","38.857700000922","-77.05922"
"10/21/2022","AQS","510130020","1","0.5","ppm","6","Aurora Hills Visitors Center","18","75.0000","42101","Carbon monoxide","054","47900","Washington-Arlington-Alexandria, DC-VA-MD-WV","51","Virginia","013","Arlington","38.857700000922","-77.05922"
"10/22/2022","AQS","510130020","1","0.6","ppm","7","Aurora Hills Visitors Center","24","100.0000","42101","Carbon monoxide","054","47900","Washington-Arlington-Alexandria, DC-VA-MD-WV","51","Virginia","013","Arlington","38.857700000922","-77.05922"
"10/23/2022","AQS","510130020","1","0.7","ppm","8","Aurora Hills Visitors Center","24","100.0000","42101","Carbon monoxide","054","47900","Washington-Arlington-Alexandria, DC-VA-MD-WV","51","Virginia","013","Arlington","38.857700000922","-77.05922"
"10/24/2022","AQS","510130020","1","0.4","ppm","5","Aurora Hills Visitors Center","24","100.0000","42101","Carbon monoxide","054","47900","Washington-Arlington-Alexandria, DC-VA-MD-WV","51","Virginia","013","Arlington","38.857700000922","-77.05922"
"10/25/2022","AQS","510130020","1","0.4","ppm","5","Aurora Hills Visitors Center","24","100.0000","42101","Carbon monoxide","054","47900","Washington-Arlington-Alexandria, DC-VA-MD-WV","51","Virginia","013","Arlington","38.857700000922","-77.05922"
"10/26/2022","AQS","510130020","1","0.3","ppm","3","Aurora Hills Visitors Center","24","100.0000","42101","Carbon monoxide","054","47900","Washington-Arlington-Alexandria, DC-VA-MD-WV","51","Virginia","013","Arlington","38.857700000922","-77.05922"
"10/27/2022","AQS","510130020","1","0.2","ppm","2","Aurora Hills Visitors Center","24","100.0000","42101","Carbon monoxide","054","47900","Washington-Arlington-Alexandria, DC-VA-MD-WV","51","Virginia","013","Arlington","38.857700000922","-77.05922"
"10/28/2022","AQS","510130020","1","0.4","ppm","5","Aurora Hills Visitors Center","24","100.0000","42101","Carbon monoxide","054","47900","Washington-Arlington-Alexandria, DC-VA-MD-WV","51","Virginia","013","Arlington","38.857700000922","-77.05922"
"10/29/2022","AQS","510130020","1","0.7","ppm","8","Aurora Hills Visitors Center","24","100.0000","42101","Carbon monoxide","054","47900","Washington-Arlington-Alexandria, DC-VA-MD-WV","51","Virginia","013","Arlington","38.857700000922","-77.05922"
"10/30/2022","AQS","510130020","1","0.9","ppm","10","Aurora Hills Visitors Center","24","100.0000","42101","Carbon monoxide","054","47900","Washington-Arlington-Alexandria, DC-VA-MD-WV","51","Virginia","013","Arlington","38.857700000922","-77.05922"
"10/31/2022","AQS","510130020","1","0.4","ppm","5","Aurora Hills Visitors Center","24","100.0000","42101","Carbon monoxide","054","47900","Washington-Arlington-Alexandria, DC-VA-MD-WV","51","Virginia","013","Arlington","38.857700000922","-77.05922"
"11/01/2022","AQS","510130020","1","0.3","ppm","3","Aurora Hills Visitors Center","24","100.0000","42101","Carbon monoxide","054","47900","Washington-Arlington-Alexandria, DC-VA-MD-WV","51","Virginia","013","Arlington","38.857700000922","-77.05922"
"11/02/2022","AQS","510130020","1","0.5","ppm","6","Aurora Hills Visitors Center","24","100.0000","42101","Carbon monoxide","054","47900","Washington-Arlington-Alexandria, DC-VA-MD-WV","51","Virginia","013","Arlington","38.857700000922","-77.05922"
"11/03/2022","AQS","510130020","1","0.6","ppm","7","Aurora Hills Visitors Center","24","100.0000","42101","Carbon monoxide","054","47900","Washington-Arlington-Alexandria, DC-VA-MD-WV","51","Virginia","013","Arlington","38.857700000922","-77.05922"
"11/04/2022","AQS","510130020","1","0.5","ppm","6","Aurora Hills Visitors Center","24","100.0000","42101","Carbon monoxide","054","47900","Washington-Arlington-Alexandria, DC-VA-MD-WV","51","Virginia","013","Arlington","38.857700000922","-77.05922"
"11/05/2022","AQS","510130020","1","0.2","ppm","2","Aurora Hills Visitors Center","24","100.0000","42101","Carbon monoxide","054","47900","Washington-Arlington-Alexandria, DC-VA-MD-WV","51","Virginia","013","Arlington","38.857700000922","-77.05922"
"11/06/2022","AQS","510130020","1","0.2","ppm","2","Aurora Hills Visitors Center","24","100.0000","42101","Carbon monoxide","054","47900","Washington-Arlington-Alexandria, DC-VA-MD-WV","51","Virginia","013","Arlington","38.857700000922","-77.05922"
"11/07/2022","AQS","510130020","1","0.2","ppm","2","Aurora Hills Visitors Center","24","100.0000","42101","Carbon monoxide","054","47900","Washington-Arlington-Alexandria, DC-VA-MD-WV","51","Virginia","013","Arlington","38.857700000922","-77.05922"
"11/08/2022","AQS","510130020","1","0.2","ppm","2","Aurora Hills Visitors Center","24","100.0000","42101","Carbon monoxide","054","47900","Washington-Arlington-Alexandria, DC-VA-MD-WV","51","Virginia","013","Arlington","38.857700000922","-77.05922"
"11/09/2022","AQS","510130020","1","0.4","ppm","5","Aurora Hills Visitors Center","24","100.0000","42101","Carbon monoxide","054","47900","Washington-Arlington-Alexandria, DC-VA-MD-WV","51","Virginia","013","Arlington","38.857700000922","-77.05922"
"11/10/2022","AQS","510130020","1","0.5","ppm","6","Aurora Hills Visitors Center","24","100.0000","42101","Carbon monoxide","054","47900","Washington-Arlington-Alexandria, DC-VA-MD-WV","51","Virginia","013","Arlington","38.857700000922","-77.05922"
"11/11/2022","AQS","510130020","1","0.3","ppm","3","Aurora Hills Visitors Center","24","100.0000","42101","Carbon monoxide","054","47900","Washington-Arlington-Alexandria, DC-VA-MD-WV","51","Virginia","013","Arlington","38.857700000922","-77.05922"
"11/12/2022","AQS","510130020","1","0.4","ppm","5","Aurora Hills Visitors Center","24","100.0000","42101","Carbon monoxide","054","47900","Washington-Arlington-Alexandria, DC-VA-MD-WV","51","Virginia","013","Arlington","38.857700000922","-77.05922"
"11/13/2022","AQS","510130020","1","0.4","ppm","5","Aurora Hills Visitors Center","24","100.0000","42101","Carbon monoxide","054","47900","Washington-Arlington-Alexandria, DC-VA-MD-WV","51","Virginia","013","Arlington","38.857700000922","-77.05922"
"11/14/2022","AQS","510130020","1","0.3","ppm","3","Aurora Hills Visitors Center","24","100.0000","42101","Carbon monoxide","054","47900","Washington-Arlington-Alexandria, DC-VA-MD-WV","51","Virginia","013","Arlington","38.857700000922","-77.05922"
"11/15/2022","AQS","510130020","1","0.4","ppm","5","Aurora Hills Visitors Center","24","100.0000","42101","Carbon monoxide","054","47900","Washington-Arlington-Alexandria, DC-VA-MD-WV","51","Virginia","013","Arlington","38.857700000922","-77.05922"
"11/16/2022","AQS","510130020","1","0.4","ppm","5","Aurora Hills Visitors Center","24","100.0000","42101","Carbon monoxide","054","47900","Washington-Arlington-Alexandria, DC-VA-MD-WV","51","Virginia","013","Arlington","38.857700000922","-77.05922"
"11/17/2022","AQS","510130020","1","0.3","ppm","3","Aurora Hills Visitors Center","24","100.0000","42101","Carbon monoxide","054","47900","Washington-Arlington-Alexandria, DC-VA-MD-WV","51","Virginia","013","Arlington","38.857700000922","-77.05922"
"11/18/2022","AQS","510130020","1","0.3","ppm","3","Aurora Hills Visitors Center","24","100.0000","42101","Carbon monoxide","054","47900","Washington-Arlington-Alexandria, DC-VA-MD-WV","51","Virginia","013","Arlington","38.857700000922","-77.05922"
"11/19/2022","AQS","510130020","1","0.6","ppm","7","Aurora Hills Visitors Center","24","100.0000","42101","Carbon monoxide","054","47900","Washington-Arlington-Alexandria, DC-VA-MD-WV","51","Virginia","013","Arlington","38.857700000922","-77.05922"
"11/20/2022","AQS","510130020","1","0.7","ppm","8","Aurora Hills Visitors Center","24","100.0000","42101","Carbon monoxide","054","47900","Washington-Arlington-Alexandria, DC-VA-MD-WV","51","Virginia","013","Arlington","38.857700000922","-77.05922"
"11/21/2022","AQS","510130020","1","0.5","ppm","6","Aurora Hills Visitors Center","24","100.0000","42101","Carbon monoxide","054","47900","Washington-Arlington-Alexandria, DC-VA-MD-WV","51","Virginia","013","Arlington","38.857700000922","-77.05922"
"11/22/2022","AQS","510130020","1","0.7","ppm","8","Aurora Hills Visitors Center","24","100.0000","42101","Carbon monoxide","054","47900","Washington-Arlington-Alexandria, DC-VA-MD-WV","51","Virginia","013","Arlington","38.857700000922","-77.05922"
"11/23/2022","AQS","510130020","1","0.8","ppm","9","Aurora Hills Visitors Center","24","100.0000","42101","Carbon monoxide","054","47900","Washington-Arlington-Alexandria, DC-VA-MD-WV","51","Virginia","013","Arlington","38.857700000922","-77.05922"
"11/24/2022","AQS","510130020","1","1.2","ppm","14","Aurora Hills Visitors Center","24","100.0000","42101","Carbon monoxide","054","47900","Washington-Arlington-Alexandria, DC-VA-MD-WV","51","Virginia","013","Arlington","38.857700000922","-77.05922"
"11/25/2022","AQS","510130020","1","0.4","ppm","5","Aurora Hills Visitors Center","24","100.0000","42101","Carbon monoxide","054","47900","Washington-Arlington-Alexandria, DC-VA-MD-WV","51","Virginia","013","Arlington","38.857700000922","-77.05922"
"11/26/2022","AQS","510130020","1","0.6","ppm","7","Aurora Hills Visitors Center","24","100.0000","42101","Carbon monoxide","054","47900","Washington-Arlington-Alexandria, DC-VA-MD-WV","51","Virginia","013","Arlington","38.857700000922","-77.05922"
"11/27/2022","AQS","510130020","1","0.6","ppm","7","Aurora Hills Visitors Center","24","100.0000","42101","Carbon monoxide","054","47900","Washington-Arlington-Alexandria, DC-VA-MD-WV","51","Virginia","013","Arlington","38.857700000922","-77.05922"
"11/28/2022","AQS","510130020","1","0.3","ppm","3","Aurora Hills Visitors Center","24","100.0000","42101","Carbon monoxide","054","47900","Washington-Arlington-Alexandria, DC-VA-MD-WV","51","Virginia","013","Arlington","38.857700000922","-77.05922"
"11/29/2022","AQS","510130020","1","0.6","ppm","7","Aurora Hills Visitors Center","24","100.0000","42101","Carbon monoxide","054","47900","Washington-Arlington-Alexandria, DC-VA-MD-WV","51","Virginia","013","Arlington","38.857700000922","-77.05922"
"11/30/2022","AQS","510130020","1","0.2","ppm","2","Aurora Hills Visitors Center","24","100.0000","42101","Carbon monoxide","054","47900","Washington-Arlington-Alexandria, DC-VA-MD-WV","51","Virginia","013","Arlington","38.857700000922","-77.05922"
"12/01/2022","AQS","510130020","1","0.2","ppm","2","Aurora Hills Visitors Center","24","100.0000","42101","Carbon monoxide","054","47900","Washington-Arlington-Alexandria, DC-VA-MD-WV","51","Virginia","013","Arlington","38.857700000922","-77.05922"
"12/02/2022","AQS","510130020","1","0.5","ppm","6","Aurora Hills Visitors Center","24","100.0000","42101","Carbon monoxide","054","47900","Washington-Arlington-Alexandria, DC-VA-MD-WV","51","Virginia","013","Arlington","38.857700000922","-77.05922"
"12/03/2022","AQS","510130020","1","0.2","ppm","2","Aurora Hills Visitors Center","24","100.0000","42101","Carbon monoxide","054","47900","Washington-Arlington-Alexandria, DC-VA-MD-WV","51","Virginia","013","Arlington","38.857700000922","-77.05922"
"12/04/2022","AQS","510130020","1","0.7","ppm","8","Aurora Hills Visitors Center","24","100.0000","42101","Carbon monoxide","054","47900","Washington-Arlington-Alexandria, DC-VA-MD-WV","51","Virginia","013","Arlington","38.857700000922","-77.05922"
"12/05/2022","AQS","510130020","1","1.1","ppm","13","Aurora Hills Visitors Center","24","100.0000","42101","Carbon monoxide","054","47900","Washington-Arlington-Alexandria, DC-VA-MD-WV","51","Virginia","013","Arlington","38.857700000922","-77.05922"
"12/06/2022","AQS","510130020","1","0.6","ppm","7","Aurora Hills Visitors Center","24","100.0000","42101","Carbon monoxide","054","47900","Washington-Arlington-Alexandria, DC-VA-MD-WV","51","Virginia","013","Arlington","38.857700000922","-77.05922"
"12/07/2022","AQS","510130020","1","0.4","ppm","5","Aurora Hills Visitors Center","24","100.0000","42101","Carbon monoxide","054","47900","Washington-Arlington-Alexandria, DC-VA-MD-WV","51","Virginia","013","Arlington","38.857700000922","-77.05922"
"12/08/2022","AQS","510130020","1","0.4","ppm","5","Aurora Hills Visitors Center","24","100.0000","42101","Carbon monoxide","054","47900","Washington-Arlington-Alexandria, DC-VA-MD-WV","51","Virginia","013","Arlington","38.857700000922","-77.05922"
"12/09/2022","AQS","510130020","1","0.5","ppm","6","Aurora Hills Visitors Center","24","100.0000","42101","Carbon monoxide","054","47900","Washington-Arlington-Alexandria, DC-VA-MD-WV","51","Virginia","013","Arlington","38.857700000922","-77.05922"
"12/10/2022","AQS","510130020","1","0.6","ppm","7","Aurora Hills Visitors Center","24","100.0000","42101","Carbon monoxide","054","47900","Washington-Arlington-Alexandria, DC-VA-MD-WV","51","Virginia","013","Arlington","38.857700000922","-77.05922"
"12/11/2022","AQS","510130020","1","0.4","ppm","5","Aurora Hills Visitors Center","24","100.0000","42101","Carbon monoxide","054","47900","Washington-Arlington-Alexandria, DC-VA-MD-WV","51","Virginia","013","Arlington","38.857700000922","-77.05922"
"12/12/2022","AQS","510130020","1","0.4","ppm","5","Aurora Hills Visitors Center","24","100.0000","42101","Carbon monoxide","054","47900","Washington-Arlington-Alexandria, DC-VA-MD-WV","51","Virginia","013","Arlington","38.857700000922","-77.05922"
"12/13/2022","AQS","510130020","1","0.4","ppm","5","Aurora Hills Visitors Center","24","100.0000","42101","Carbon monoxide","054","47900","Washington-Arlington-Alexandria, DC-VA-MD-WV","51","Virginia","013","Arlington","38.857700000922","-77.05922"
"12/14/2022","AQS","510130020","1","0.5","ppm","6","Aurora Hills Visitors Center","24","100.0000","42101","Carbon monoxide","054","47900","Washington-Arlington-Alexandria, DC-VA-MD-WV","51","Virginia","013","Arlington","38.857700000922","-77.05922"
"12/15/2022","AQS","510130020","1","0.3","ppm","3","Aurora Hills Visitors Center","24","100.0000","42101","Carbon monoxide","054","47900","Washington-Arlington-Alexandria, DC-VA-MD-WV","51","Virginia","013","Arlington","38.857700000922","-77.05922"
"12/16/2022","AQS","510130020","1","0.3","ppm","3","Aurora Hills Visitors Center","24","100.0000","42101","Carbon monoxide","054","47900","Washington-Arlington-Alexandria, DC-VA-MD-WV","51","Virginia","013","Arlington","38.857700000922","-77.05922"
"12/17/2022","AQS","510130020","1","0.3","ppm","3","Aurora Hills Visitors Center","24","100.0000","42101","Carbon monoxide","054","47900","Washington-Arlington-Alexandria, DC-VA-MD-WV","51","Virginia","013","Arlington","38.857700000922","-77.05922"
"12/18/2022","AQS","510130020","1","0.3","ppm","3","Aurora Hills Visitors Center","24","100.0000","42101","Carbon monoxide","054","47900","Washington-Arlington-Alexandria, DC-VA-MD-WV","51","Virginia","013","Arlington","38.857700000922","-77.05922"
"12/19/2022","AQS","510130020","1","0.2","ppm","2","Aurora Hills Visitors Center","21","88.0000","42101","Carbon monoxide","054","47900","Washington-Arlington-Alexandria, DC-VA-MD-WV","51","Virginia","013","Arlington","38.857700000922","-77.05922"
"12/20/2022","AQS","510130020","1","0.3","ppm","3","Aurora Hills Visitors Center","24","100.0000","42101","Carbon monoxide","054","47900","Washington-Arlington-Alexandria, DC-VA-MD-WV","51","Virginia","013","Arlington","38.857700000922","-77.05922"
"12/21/2022","AQS","510130020","1","0.6","ppm","7","Aurora Hills Visitors Center","24","100.0000","42101","Carbon monoxide","054","47900","Washington-Arlington-Alexandria, DC-VA-MD-WV","51","Virginia","013","Arlington","38.857700000922","-77.05922"
"12/22/2022","AQS","510130020","1","0.4","ppm","5","Aurora Hills Visitors Center","24","100.0000","42101","Carbon monoxide","054","47900","Washington-Arlington-Alexandria, DC-VA-MD-WV","51","Virginia","013","Arlington","38.857700000922","-77.05922"
"12/23/2022","AQS","510130020","1","0.3","ppm","3","Aurora Hills Visitors Center","24","100.0000","42101","Carbon monoxide","054","47900","Washington-Arlington-Alexandria, DC-VA-MD-WV","51","Virginia","013","Arlington","38.857700000922","-77.05922"
"12/24/2022","AQS","510130020","1","0.2","ppm","2","Aurora Hills Visitors Center","24","100.0000","42101","Carbon monoxide","054","47900","Washington-Arlington-Alexandria, DC-VA-MD-WV","51","Virginia","013","Arlington","38.857700000922","-77.05922"
"12/25/2022","AQS","510130020","1","0.4","ppm","5","Aurora Hills Visitors Center","24","100.0000","42101","Carbon monoxide","054","47900","Washington-Arlington-Alexandria, DC-VA-MD-WV","51","Virginia","013","Arlington","38.857700000922","-77.05922"
"12/26/2022","AQS","510130020","1","0.3","ppm","3","Aurora Hills Visitors Center","24","100.0000","42101","Carbon monoxide","054","47900","Washington-Arlington-Alexandria, DC-VA-MD-WV","51","Virginia","013","Arlington","38.857700000922","-77.05922"
"12/27/2022","AQS","510130020","1","0.4","ppm","5","Aurora Hills Visitors Center","24","100.0000","42101","Carbon monoxide","054","47900","Washington-Arlington-Alexandria, DC-VA-MD-WV","51","Virginia","013","Arlington","38.857700000922","-77.05922"
"12/28/2022","AQS","510130020","1","0.5","ppm","6","Aurora Hills Visitors Center","24","100.0000","42101","Carbon monoxide","054","47900","Washington-Arlington-Alexandria, DC-VA-MD-WV","51","Virginia","013","Arlington","38.857700000922","-77.05922"
"12/29/2022","AQS","510130020","1","0.6","ppm","7","Aurora Hills Visitors Center","24","100.0000","42101","Carbon monoxide","054","47900","Washington-Arlington-Alexandria, DC-VA-MD-WV","51","Virginia","013","Arlington","38.857700000922","-77.05922"
"12/30/2022","AQS","510130020","1","1","ppm","11","Aurora Hills Visitors Center","24","100.0000","42101","Carbon monoxide","054","47900","Washington-Arlington-Alexandria, DC-VA-MD-WV","51","Virginia","013","Arlington","38.857700000922","-77.05922"
"12/31/2022","AQS","510130020","1","0.3","ppm","3","Aurora Hills Visitors Center","4","17.0000","42101","Carbon monoxide","054","47900","Washington-Arlington-Alexandria, DC-VA-MD-WV","51","Virginia","013","Arlington","38.857700000922","-77.05922"
"01/01/2022","AQS","510590031","1","0.5","ppm","6","Springfield Near Road Site","19","79.0000","42101","Carbon monoxide","093","47900","Washington-Arlington-Alexandria, DC-VA-MD-WV","51","Virginia","059","Fairfax","38.76835","-77.18347"
"01/02/2022","AQS","510590031","1","0.4","ppm","5","Springfield Near Road Site","24","100.0000","42101","Carbon monoxide","093","47900","Washington-Arlington-Alexandria, DC-VA-MD-WV","51","Virginia","059","Fairfax","38.76835","-77.18347"
"01/03/2022","AQS","510590031","1","0.2","ppm","2","Springfield Near Road Site","24","100.0000","42101","Carbon monoxide","093","47900","Washington-Arlington-Alexandria, DC-VA-MD-WV","51","Virginia","059","Fairfax","38.76835","-77.18347"
"01/04/2022","AQS","510590031","1","0.4","ppm","5","Springfield Near Road Site","24","100.0000","42101","Carbon monoxide","093","47900","Washington-Arlington-Alexandria, DC-VA-MD-WV","51","Virginia","059","Fairfax","38.76835","-77.18347"
"01/05/2022","AQS","510590031","1","0.3","ppm","3","Springfield Near Road Site","24","100.0000","42101","Carbon monoxide","093","47900","Washington-Arlington-Alexandria, DC-VA-MD-WV","51","Virginia","059","Fairfax","38.76835","-77.18347"
"01/06/2022","AQS","510590031","1","0.4","ppm","5","Springfield Near Road Site","24","100.0000","42101","Carbon monoxide","093","47900","Washington-Arlington-Alexandria, DC-VA-MD-WV","51","Virginia","059","Fairfax","38.76835","-77.18347"
"01/07/2022","AQS","510590031","1","0.3","ppm","3","Springfield Near Road Site","24","100.0000","42101","Carbon monoxide","093","47900","Washington-Arlington-Alexandria, DC-VA-MD-WV","51","Virginia","059","Fairfax","38.76835","-77.18347"
"01/08/2022","AQS","510590031","1","0.4","ppm","5","Springfield Near Road Site","24","100.0000","42101","Carbon monoxide","093","47900","Washington-Arlington-Alexandria, DC-VA-MD-WV","51","Virginia","059","Fairfax","38.76835","-77.18347"
"01/09/2022","AQS","510590031","1","0.4","ppm","5","Springfield Near Road Site","24","100.0000","42101","Carbon monoxide","093","47900","Washington-Arlington-Alexandria, DC-VA-MD-WV","51","Virginia","059","Fairfax","38.76835","-77.18347"
"01/10/2022","AQS","510590031","1","0.3","ppm","3","Springfield Near Road Site","24","100.0000","42101","Carbon monoxide","093","47900","Washington-Arlington-Alexandria, DC-VA-MD-WV","51","Virginia","059","Fairfax","38.76835","-77.18347"
"01/11/2022","AQS","510590031","1","0.4","ppm","5","Springfield Near Road Site","24","100.0000","42101","Carbon monoxide","093","47900","Washington-Arlington-Alexandria, DC-VA-MD-WV","51","Virginia","059","Fairfax","38.76835","-77.18347"
"01/12/2022","AQS","510590031","1","0.4","ppm","5","Springfield Near Road Site","24","100.0000","42101","Carbon monoxide","093","47900","Washington-Arlington-Alexandria, DC-VA-MD-WV","51","Virginia","059","Fairfax","38.76835","-77.18347"
"01/13/2022","AQS","510590031","1","0.7","ppm","8","Springfield Near Road Site","24","100.0000","42101","Carbon monoxide","093","47900","Washington-Arlington-Alexandria, DC-VA-MD-WV","51","Virginia","059","Fairfax","38.76835","-77.18347"
"01/14/2022","AQS","510590031","1","0.6","ppm","7","Springfield Near Road Site","24","100.0000","42101","Carbon monoxide","093","47900","Washington-Arlington-Alexandria, DC-VA-MD-WV","51","Virginia","059","Fairfax","38.76835","-77.18347"
"01/15/2022","AQS","510590031","1","0.3","ppm","3","Springfield Near Road Site","24","100.0000","42101","Carbon monoxide","093","47900","Washington-Arlington-Alexandria, DC-VA-MD-WV","51","Virginia","059","Fairfax","38.76835","-77.18347"
"01/16/2022","AQS","510590031","1","0.3","ppm","3","Springfield Near Road Site","24","100.0000","42101","Carbon monoxide","093","47900","Washington-Arlington-Alexandria, DC-VA-MD-WV","51","Virginia","059","Fairfax","38.76835","-77.18347"
"01/17/2022","AQS","510590031","1","0.2","ppm","2","Springfield Near Road Site","24","100.0000","42101","Carbon monoxide","093","47900","Washington-Arlington-Alexandria, DC-VA-MD-WV","51","Virginia","059","Fairfax","38.76835","-77.18347"
"01/18/2022","AQS","510590031","1","0.4","ppm","5","Springfield Near Road Site","24","100.0000","42101","Carbon monoxide","093","47900","Washington-Arlington-Alexandria, DC-VA-MD-WV","51","Virginia","059","Fairfax","38.76835","-77.18347"
"01/19/2022","AQS","510590031","1","0.4","ppm","5","Springfield Near Road Site","24","100.0000","42101","Carbon monoxide","093","47900","Washington-Arlington-Alexandria, DC-VA-MD-WV","51","Virginia","059","Fairfax","38.76835","-77.18347"
"01/20/2022","AQS","510590031","1","0.3","ppm","3","Springfield Near Road Site","24","100.0000","42101","Carbon monoxide","093","47900","Washington-Arlington-Alexandria, DC-VA-MD-WV","51","Virginia","059","Fairfax","38.76835","-77.18347"
"01/21/2022","AQS","510590031","1","0.2","ppm","2","Springfield Near Road Site","24","100.0000","42101","Carbon monoxide","093","47900","Washington-Arlington-Alexandria, DC-VA-MD-WV","51","Virginia","059","Fairfax","38.76835","-77.18347"
"01/22/2022","AQS","510590031","1","0.3","ppm","3","Springfield Near Road Site","24","100.0000","42101","Carbon monoxide","093","47900","Washington-Arlington-Alexandria, DC-VA-MD-WV","51","Virginia","059","Fairfax","38.76835","-77.18347"
"01/23/2022","AQS","510590031","1","0.4","ppm","5","Springfield Near Road Site","24","100.0000","42101","Carbon monoxide","093","47900","Washington-Arlington-Alexandria, DC-VA-MD-WV","51","Virginia","059","Fairfax","38.76835","-77.18347"
"01/24/2022","AQS","510590031","1","0.4","ppm","5","Springfield Near Road Site","24","100.0000","42101","Carbon monoxide","093","47900","Washington-Arlington-Alexandria, DC-VA-MD-WV","51","Virginia","059","Fairfax","38.76835","-77.18347"
"01/25/2022","AQS","510590031","1","0.3","ppm","3","Springfield Near Road Site","24","100.0000","42101","Carbon monoxide","093","47900","Washington-Arlington-Alexandria, DC-VA-MD-WV","51","Virginia","059","Fairfax","38.76835","-77.18347"
"01/26/2022","AQS","510590031","1","0.4","ppm","5","Springfield Near Road Site","24","100.0000","42101","Carbon monoxide","093","47900","Washington-Arlington-Alexandria, DC-VA-MD-WV","51","Virginia","059","Fairfax","38.76835","-77.18347"
"01/27/2022","AQS","510590031","1","0.5","ppm","6","Springfield Near Road Site","24","100.0000","42101","Carbon monoxide","093","47900","Washington-Arlington-Alexandria, DC-VA-MD-WV","51","Virginia","059","Fairfax","38.76835","-77.18347"
"01/28/2022","AQS","510590031","1","0.4","ppm","5","Springfield Near Road Site","24","100.0000","42101","Carbon monoxide","093","47900","Washington-Arlington-Alexandria, DC-VA-MD-WV","51","Virginia","059","Fairfax","38.76835","-77.18347"
"01/29/2022","AQS","510590031","1","0.3","ppm","3","Springfield Near Road Site","24","100.0000","42101","Carbon monoxide","093","47900","Washington-Arlington-Alexandria, DC-VA-MD-WV","51","Virginia","059","Fairfax","38.76835","-77.18347"
"01/30/2022","AQS","510590031","1","0.4","ppm","5","Springfield Near Road Site","24","100.0000","42101","Carbon monoxide","093","47900","Washington-Arlington-Alexandria, DC-VA-MD-WV","51","Virginia","059","Fairfax","38.76835","-77.18347"
"01/31/2022","AQS","510590031","1","0.4","ppm","5","Springfield Near Road Site","24","100.0000","42101","Carbon monoxide","093","47900","Washington-Arlington-Alexandria, DC-VA-MD-WV","51","Virginia","059","Fairfax","38.76835","-77.18347"
"02/01/2022","AQS","510590031","1","0.5","ppm","6","Springfield Near Road Site","24","100.0000","42101","Carbon monoxide","093","47900","Washington-Arlington-Alexandria, DC-VA-MD-WV","51","Virginia","059","Fairfax","38.76835","-77.18347"
"02/02/2022","AQS","510590031","1","0.3","ppm","3","Springfield Near Road Site","24","100.0000","42101","Carbon monoxide","093","47900","Washington-Arlington-Alexandria, DC-VA-MD-WV","51","Virginia","059","Fairfax","38.76835","-77.18347"
"02/03/2022","AQS","510590031","1","0.4","ppm","5","Springfield Near Road Site","24","100.0000","42101","Carbon monoxide","093","47900","Washington-Arlington-Alexandria, DC-VA-MD-WV","51","Virginia","059","Fairfax","38.76835","-77.18347"
"02/04/2022","AQS","510590031","1","0.4","ppm","5","Springfield Near Road Site","24","100.0000","42101","Carbon monoxide","093","47900","Washington-Arlington-Alexandria, DC-VA-MD-WV","51","Virginia","059","Fairfax","38.76835","-77.18347"
"02/05/2022","AQS","510590031","1","0.2","ppm","2","Springfield Near Road Site","24","100.0000","42101","Carbon monoxide","093","47900","Washington-Arlington-Alexandria, DC-VA-MD-WV","51","Virginia","059","Fairfax","38.76835","-77.18347"
"02/06/2022","AQS","510590031","1","0.3","ppm","3","Springfield Near Road Site","24","100.0000","42101","Carbon monoxide","093","47900","Washington-Arlington-Alexandria, DC-VA-MD-WV","51","Virginia","059","Fairfax","38.76835","-77.18347"
"02/07/2022","AQS","510590031","1","0.4","ppm","5","Springfield Near Road Site","24","100.0000","42101","Carbon monoxide","093","47900","Washington-Arlington-Alexandria, DC-VA-MD-WV","51","Virginia","059","Fairfax","38.76835","-77.18347"
"02/08/2022","AQS","510590031","1","0.4","ppm","5","Springfield Near Road Site","24","100.0000","42101","Carbon monoxide","093","47900","Washington-Arlington-Alexandria, DC-VA-MD-WV","51","Virginia","059","Fairfax","38.76835","-77.18347"
"02/09/2022","AQS","510590031","1","0.6","ppm","7","Springfield Near Road Site","24","100.0000","42101","Carbon monoxide","093","47900","Washington-Arlington-Alexandria, DC-VA-MD-WV","51","Virginia","059","Fairfax","38.76835","-77.18347"
"02/10/2022","AQS","510590031","1","0.5","ppm","6","Springfield Near Road Site","24","100.0000","42101","Carbon monoxide","093","47900","Washington-Arlington-Alexandria, DC-VA-MD-WV","51","Virginia","059","Fairfax","38.76835","-77.18347"
"02/11/2022","AQS","510590031","1","0.6","ppm","7","Springfield Near Road Site","24","100.0000","42101","Carbon monoxide","093","47900","Washington-Arlington-Alexandria, DC-VA-MD-WV","51","Virginia","059","Fairfax","38.76835","-77.18347"
"02/12/2022","AQS","510590031","1","0.2","ppm","2","Springfield Near Road Site","24","100.0000","42101","Carbon monoxide","093","47900","Washington-Arlington-Alexandria, DC-VA-MD-WV","51","Virginia","059","Fairfax","38.76835","-77.18347"
"02/13/2022","AQS","510590031","1","0.2","ppm","2","Springfield Near Road Site","24","100.0000","42101","Carbon monoxide","093","47900","Washington-Arlington-Alexandria, DC-VA-MD-WV","51","Virginia","059","Fairfax","38.76835","-77.18347"
"02/14/2022","AQS","510590031","1","0.2","ppm","2","Springfield Near Road Site","24","100.0000","42101","Carbon monoxide","093","47900","Washington-Arlington-Alexandria, DC-VA-MD-WV","51","Virginia","059","Fairfax","38.76835","-77.18347"
"02/15/2022","AQS","510590031","1","0.3","ppm","3","Springfield Near Road Site","24","100.0000","42101","Carbon monoxide","093","47900","Washington-Arlington-Alexandria, DC-VA-MD-WV","51","Virginia","059","Fairfax","38.76835","-77.18347"
"02/16/2022","AQS","510590031","1","0.4","ppm","5","Springfield Near Road Site","24","100.0000","42101","Carbon monoxide","093","47900","Washington-Arlington-Alexandria, DC-VA-MD-WV","51","Virginia","059","Fairfax","38.76835","-77.18347"
"02/17/2022","AQS","510590031","1","0.3","ppm","3","Springfield Near Road Site","24","100.0000","42101","Carbon monoxide","093","47900","Washington-Arlington-Alexandria, DC-VA-MD-WV","51","Virginia","059","Fairfax","38.76835","-77.18347"
"02/18/2022","AQS","510590031","1","0.2","ppm","2","Springfield Near Road Site","24","100.0000","42101","Carbon monoxide","093","47900","Washington-Arlington-Alexandria, DC-VA-MD-WV","51","Virginia","059","Fairfax","38.76835","-77.18347"
"02/19/2022","AQS","510590031","1","0.2","ppm","2","Springfield Near Road Site","24","100.0000","42101","Carbon monoxide","093","47900","Washington-Arlington-Alexandria, DC-VA-MD-WV","51","Virginia","059","Fairfax","38.76835","-77.18347"
"02/20/2022","AQS","510590031","1","0.3","ppm","3","Springfield Near Road Site","24","100.0000","42101","Carbon monoxide","093","47900","Washington-Arlington-Alexandria, DC-VA-MD-WV","51","Virginia","059","Fairfax","38.76835","-77.18347"
"02/21/2022","AQS","510590031","1","0.4","ppm","5","Springfield Near Road Site","24","100.0000","42101","Carbon monoxide","093","47900","Washington-Arlington-Alexandria, DC-VA-MD-WV","51","Virginia","059","Fairfax","38.76835","-77.18347"
"02/22/2022","AQS","510590031","1","0.4","ppm","5","Springfield Near Road Site","24","100.0000","42101","Carbon monoxide","093","47900","Washington-Arlington-Alexandria, DC-VA-MD-WV","51","Virginia","059","Fairfax","38.76835","-77.18347"
"02/23/2022","AQS","510590031","1","0.2","ppm","2","Springfield Near Road Site","24","100.0000","42101","Carbon monoxide","093","47900","Washington-Arlington-Alexandria, DC-VA-MD-WV","51","Virginia","059","Fairfax","38.76835","-77.18347"
"02/24/2022","AQS","510590031","1","0.4","ppm","5","Springfield Near Road Site","24","100.0000","42101","Carbon monoxide","093","47900","Washington-Arlington-Alexandria, DC-VA-MD-WV","51","Virginia","059","Fairfax","38.76835","-77.18347"
"02/25/2022","AQS","510590031","1","0.3","ppm","3","Springfield Near Road Site","24","100.0000","42101","Carbon monoxide","093","47900","Washington-Arlington-Alexandria, DC-VA-MD-WV","51","Virginia","059","Fairfax","38.76835","-77.18347"
"02/26/2022","AQS","510590031","1","0.3","ppm","3","Springfield Near Road Site","24","100.0000","42101","Carbon monoxide","093","47900","Washington-Arlington-Alexandria, DC-VA-MD-WV","51","Virginia","059","Fairfax","38.76835","-77.18347"
"02/27/2022","AQS","510590031","1","0.4","ppm","5","Springfield Near Road Site","24","100.0000","42101","Carbon monoxide","093","47900","Washington-Arlington-Alexandria, DC-VA-MD-WV","51","Virginia","059","Fairfax","38.76835","-77.18347"
"02/28/2022","AQS","510590031","1","0.3","ppm","3","Springfield Near Road Site","24","100.0000","42101","Carbon monoxide","093","47900","Washington-Arlington-Alexandria, DC-VA-MD-WV","51","Virginia","059","Fairfax","38.76835","-77.18347"
"03/01/2022","AQS","510590031","1","0.4","ppm","5","Springfield Near Road Site","24","100.0000","42101","Carbon monoxide","093","47900","Washington-Arlington-Alexandria, DC-VA-MD-WV","51","Virginia","059","Fairfax","38.76835","-77.18347"
"03/02/2022","AQS","510590031","1","0.4","ppm","5","Springfield Near Road Site","24","100.0000","42101","Carbon monoxide","093","47900","Washington-Arlington-Alexandria, DC-VA-MD-WV","51","Virginia","059","Fairfax","38.76835","-77.18347"
"03/03/2022","AQS","510590031","1","0.4","ppm","5","Springfield Near Road Site","24","100.0000","42101","Carbon monoxide","093","47900","Washington-Arlington-Alexandria, DC-VA-MD-WV","51","Virginia","059","Fairfax","38.76835","-77.18347"
"03/04/2022","AQS","510590031","1","0.4","ppm","5","Springfield Near Road Site","24","100.0000","42101","Carbon monoxide","093","47900","Washington-Arlington-Alexandria, DC-VA-MD-WV","51","Virginia","059","Fairfax","38.76835","-77.18347"
"03/05/2022","AQS","510590031","1","0.4","ppm","5","Springfield Near Road Site","24","100.0000","42101","Carbon monoxide","093","47900","Washington-Arlington-Alexandria, DC-VA-MD-WV","51","Virginia","059","Fairfax","38.76835","-77.18347"
"03/06/2022","AQS","510590031","1","0.4","ppm","5","Springfield Near Road Site","24","100.0000","42101","Carbon monoxide","093","47900","Washington-Arlington-Alexandria, DC-VA-MD-WV","51","Virginia","059","Fairfax","38.76835","-77.18347"
"03/07/2022","AQS","510590031","1","0.2","ppm","2","Springfield Near Road Site","24","100.0000","42101","Carbon monoxide","093","47900","Washington-Arlington-Alexandria, DC-VA-MD-WV","51","Virginia","059","Fairfax","38.76835","-77.18347"
"03/08/2022","AQS","510590031","1","0.3","ppm","3","Springfield Near Road Site","24","100.0000","42101","Carbon monoxide","093","47900","Washington-Arlington-Alexandria, DC-VA-MD-WV","51","Virginia","059","Fairfax","38.76835","-77.18347"
"03/09/2022","AQS","510590031","1","0.3","ppm","3","Springfield Near Road Site","24","100.0000","42101","Carbon monoxide","093","47900","Washington-Arlington-Alexandria, DC-VA-MD-WV","51","Virginia","059","Fairfax","38.76835","-77.18347"
"03/10/2022","AQS","510590031","1","0.4","ppm","5","Springfield Near Road Site","24","100.0000","42101","Carbon monoxide","093","47900","Washington-Arlington-Alexandria, DC-VA-MD-WV","51","Virginia","059","Fairfax","38.76835","-77.18347"
"03/11/2022","AQS","510590031","1","0.4","ppm","5","Springfield Near Road Site","24","100.0000","42101","Carbon monoxide","093","47900","Washington-Arlington-Alexandria, DC-VA-MD-WV","51","Virginia","059","Fairfax","38.76835","-77.18347"
"03/12/2022","AQS","510590031","1","0.4","ppm","5","Springfield Near Road Site","24","100.0000","42101","Carbon monoxide","093","47900","Washington-Arlington-Alexandria, DC-VA-MD-WV","51","Virginia","059","Fairfax","38.76835","-77.18347"
"03/13/2022","AQS","510590031","1","0.2","ppm","2","Springfield Near Road Site","24","100.0000","42101","Carbon monoxide","093","47900","Washington-Arlington-Alexandria, DC-VA-MD-WV","51","Virginia","059","Fairfax","38.76835","-77.18347"
"03/14/2022","AQS","510590031","1","0.4","ppm","5","Springfield Near Road Site","24","100.0000","42101","Carbon monoxide","093","47900","Washington-Arlington-Alexandria, DC-VA-MD-WV","51","Virginia","059","Fairfax","38.76835","-77.18347"
"03/15/2022","AQS","510590031","1","0.4","ppm","5","Springfield Near Road Site","24","100.0000","42101","Carbon monoxide","093","47900","Washington-Arlington-Alexandria, DC-VA-MD-WV","51","Virginia","059","Fairfax","38.76835","-77.18347"
"03/16/2022","AQS","510590031","1","0.6","ppm","7","Springfield Near Road Site","24","100.0000","42101","Carbon monoxide","093","47900","Washington-Arlington-Alexandria, DC-VA-MD-WV","51","Virginia","059","Fairfax","38.76835","-77.18347"
"03/17/2022","AQS","510590031","1","0.5","ppm","6","Springfield Near Road Site","24","100.0000","42101","Carbon monoxide","093","47900","Washington-Arlington-Alexandria, DC-VA-MD-WV","51","Virginia","059","Fairfax","38.76835","-77.18347"
"03/18/2022","AQS","510590031","1","0.6","ppm","7","Springfield Near Road Site","24","100.0000","42101","Carbon monoxide","093","47900","Washington-Arlington-Alexandria, DC-VA-MD-WV","51","Virginia","059","Fairfax","38.76835","-77.18347"
"03/19/2022","AQS","510590031","1","0.4","ppm","5","Springfield Near Road Site","24","100.0000","42101","Carbon monoxide","093","47900","Washington-Arlington-Alexandria, DC-VA-MD-WV","51","Virginia","059","Fairfax","38.76835","-77.18347"
"03/20/2022","AQS","510590031","1","0.2","ppm","2","Springfield Near Road Site","24","100.0000","42101","Carbon monoxide","093","47900","Washington-Arlington-Alexandria, DC-VA-MD-WV","51","Virginia","059","Fairfax","38.76835","-77.18347"
"03/21/2022","AQS","510590031","1","0.3","ppm","3","Springfield Near Road Site","24","100.0000","42101","Carbon monoxide","093","47900","Washington-Arlington-Alexandria, DC-VA-MD-WV","51","Virginia","059","Fairfax","38.76835","-77.18347"
"03/22/2022","AQS","510590031","1","0.5","ppm","6","Springfield Near Road Site","24","100.0000","42101","Carbon monoxide","093","47900","Washington-Arlington-Alexandria, DC-VA-MD-WV","51","Virginia","059","Fairfax","38.76835","-77.18347"
"03/23/2022","AQS","510590031","1","0.3","ppm","3","Springfield Near Road Site","24","100.0000","42101","Carbon monoxide","093","47900","Washington-Arlington-Alexandria, DC-VA-MD-WV","51","Virginia","059","Fairfax","38.76835","-77.18347"
"03/24/2022","AQS","510590031","1","0.5","ppm","6","Springfield Near Road Site","24","100.0000","42101","Carbon monoxide","093","47900","Washington-Arlington-Alexandria, DC-VA-MD-WV","51","Virginia","059","Fairfax","38.76835","-77.18347"
"03/25/2022","AQS","510590031","1","0.4","ppm","5","Springfield Near Road Site","24","100.0000","42101","Carbon monoxide","093","47900","Washington-Arlington-Alexandria, DC-VA-MD-WV","51","Virginia","059","Fairfax","38.76835","-77.18347"
"03/26/2022","AQS","510590031","1","0.1","ppm","1","Springfield Near Road Site","24","100.0000","42101","Carbon monoxide","093","47900","Washington-Arlington-Alexandria, DC-VA-MD-WV","51","Virginia","059","Fairfax","38.76835","-77.18347"
"03/27/2022","AQS","510590031","1","0.1","ppm","1","Springfield Near Road Site","24","100.0000","42101","Carbon monoxide","093","47900","Washington-Arlington-Alexandria, DC-VA-MD-WV","51","Virginia","059","Fairfax","38.76835","-77.18347"
"03/28/2022","AQS","510590031","1","0.1","ppm","1","Springfield Near Road Site","24","100.0000","42101","Carbon monoxide","093","47900","Washington-Arlington-Alexandria, DC-VA-MD-WV","51","Virginia","059","Fairfax","38.76835","-77.18347"
"03/29/2022","AQS","510590031","1","0.2","ppm","2","Springfield Near Road Site","24","100.0000","42101","Carbon monoxide","093","47900","Washington-Arlington-Alexandria, DC-VA-MD-WV","51","Virginia","059","Fairfax","38.76835","-77.18347"
"03/30/2022","AQS","510590031","1","0.5","ppm","6","Springfield Near Road Site","24","100.0000","42101","Carbon monoxide","093","47900","Washington-Arlington-Alexandria, DC-VA-MD-WV","51","Virginia","059","Fairfax","38.76835","-77.18347"
"03/31/2022","AQS","510590031","1","0.3","ppm","3","Springfield Near Road Site","24","100.0000","42101","Carbon monoxide","093","47900","Washington-Arlington-Alexandria, DC-VA-MD-WV","51","Virginia","059","Fairfax","38.76835","-77.18347"
"04/01/2022","AQS","510590031","1","0.2","ppm","2","Springfield Near Road Site","24","100.0000","42101","Carbon monoxide","093","47900","Washington-Arlington-Alexandria, DC-VA-MD-WV","51","Virginia","059","Fairfax","38.76835","-77.18347"
"04/02/2022","AQS","510590031","1","0.3","ppm","3","Springfield Near Road Site","24","100.0000","42101","Carbon monoxide","093","47900","Washington-Arlington-Alexandria, DC-VA-MD-WV","51","Virginia","059","Fairfax","38.76835","-77.18347"
"04/03/2022","AQS","510590031","1","0.3","ppm","3","Springfield Near Road Site","24","100.0000","42101","Carbon monoxide","093","47900","Washington-Arlington-Alexandria, DC-VA-MD-WV","51","Virginia","059","Fairfax","38.76835","-77.18347"
"04/04/2022","AQS","510590031","1","0.3","ppm","3","Springfield Near Road Site","24","100.0000","42101","Carbon monoxide","093","47900","Washington-Arlington-Alexandria, DC-VA-MD-WV","51","Virginia","059","Fairfax","38.76835","-77.18347"
"04/05/2022","AQS","510590031","1","0.5","ppm","6","Springfield Near Road Site","24","100.0000","42101","Carbon monoxide","093","47900","Washington-Arlington-Alexandria, DC-VA-MD-WV","51","Virginia","059","Fairfax","38.76835","-77.18347"
"04/06/2022","AQS","510590031","1","0.4","ppm","5","Springfield Near Road Site","24","100.0000","42101","Carbon monoxide","093","47900","Washington-Arlington-Alexandria, DC-VA-MD-WV","51","Virginia","059","Fairfax","38.76835","-77.18347"
"04/07/2022","AQS","510590031","1","0.3","ppm","3","Springfield Near Road Site","24","100.0000","42101","Carbon monoxide","093","47900","Washington-Arlington-Alexandria, DC-VA-MD-WV","51","Virginia","059","Fairfax","38.76835","-77.18347"
"04/08/2022","AQS","510590031","1","0.2","ppm","2","Springfield Near Road Site","24","100.0000","42101","Carbon monoxide","093","47900","Washington-Arlington-Alexandria, DC-VA-MD-WV","51","Virginia","059","Fairfax","38.76835","-77.18347"
"04/09/2022","AQS","510590031","1","0.2","ppm","2","Springfield Near Road Site","24","100.0000","42101","Carbon monoxide","093","47900","Washington-Arlington-Alexandria, DC-VA-MD-WV","51","Virginia","059","Fairfax","38.76835","-77.18347"
"04/10/2022","AQS","510590031","1","0.3","ppm","3","Springfield Near Road Site","24","100.0000","42101","Carbon monoxide","093","47900","Washington-Arlington-Alexandria, DC-VA-MD-WV","51","Virginia","059","Fairfax","38.76835","-77.18347"
"04/11/2022","AQS","510590031","1","0.5","ppm","6","Springfield Near Road Site","24","100.0000","42101","Carbon monoxide","093","47900","Washington-Arlington-Alexandria, DC-VA-MD-WV","51","Virginia","059","Fairfax","38.76835","-77.18347"
"04/12/2022","AQS","510590031","1","0.4","ppm","5","Springfield Near Road Site","16","67.0000","42101","Carbon monoxide","093","47900","Washington-Arlington-Alexandria, DC-VA-MD-WV","51","Virginia","059","Fairfax","38.76835","-77.18347"
"04/13/2022","AQS","510590031","1","0.5","ppm","6","Springfield Near Road Site","24","100.0000","42101","Carbon monoxide","093","47900","Washington-Arlington-Alexandria, DC-VA-MD-WV","51","Virginia","059","Fairfax","38.76835","-77.18347"
"04/14/2022","AQS","510590031","1","0.2","ppm","2","Springfield Near Road Site","24","100.0000","42101","Carbon monoxide","093","47900","Washington-Arlington-Alexandria, DC-VA-MD-WV","51","Virginia","059","Fairfax","38.76835","-77.18347"
"04/15/2022","AQS","510590031","1","0.2","ppm","2","Springfield Near Road Site","24","100.0000","42101","Carbon monoxide","093","47900","Washington-Arlington-Alexandria, DC-VA-MD-WV","51","Virginia","059","Fairfax","38.76835","-77.18347"
"04/16/2022","AQS","510590031","1","0.3","ppm","3","Springfield Near Road Site","24","100.0000","42101","Carbon monoxide","093","47900","Washington-Arlington-Alexandria, DC-VA-MD-WV","51","Virginia","059","Fairfax","38.76835","-77.18347"
"04/17/2022","AQS","510590031","1","0.3","ppm","3","Springfield Near Road Site","24","100.0000","42101","Carbon monoxide","093","47900","Washington-Arlington-Alexandria, DC-VA-MD-WV","51","Virginia","059","Fairfax","38.76835","-77.18347"
"04/18/2022","AQS","510590031","1","0.3","ppm","3","Springfield Near Road Site","24","100.0000","42101","Carbon monoxide","093","47900","Washington-Arlington-Alexandria, DC-VA-MD-WV","51","Virginia","059","Fairfax","38.76835","-77.18347"
"04/19/2022","AQS","510590031","1","0.2","ppm","2","Springfield Near Road Site","24","100.0000","42101","Carbon monoxide","093","47900","Washington-Arlington-Alexandria, DC-VA-MD-WV","51","Virginia","059","Fairfax","38.76835","-77.18347"
"04/20/2022","AQS","510590031","1","0.3","ppm","3","Springfield Near Road Site","24","100.0000","42101","Carbon monoxide","093","47900","Washington-Arlington-Alexandria, DC-VA-MD-WV","51","Virginia","059","Fairfax","38.76835","-77.18347"
"04/21/2022","AQS","510590031","1","0.4","ppm","5","Springfield Near Road Site","24","100.0000","42101","Carbon monoxide","093","47900","Washington-Arlington-Alexandria, DC-VA-MD-WV","51","Virginia","059","Fairfax","38.76835","-77.18347"
"04/22/2022","AQS","510590031","1","0.4","ppm","5","Springfield Near Road Site","24","100.0000","42101","Carbon monoxide","093","47900","Washington-Arlington-Alexandria, DC-VA-MD-WV","51","Virginia","059","Fairfax","38.76835","-77.18347"
"04/23/2022","AQS","510590031","1","0.5","ppm","6","Springfield Near Road Site","24","100.0000","42101","Carbon monoxide","093","47900","Washington-Arlington-Alexandria, DC-VA-MD-WV","51","Virginia","059","Fairfax","38.76835","-77.18347"
"04/24/2022","AQS","510590031","1","0.5","ppm","6","Springfield Near Road Site","24","100.0000","42101","Carbon monoxide","093","47900","Washington-Arlington-Alexandria, DC-VA-MD-WV","51","Virginia","059","Fairfax","38.76835","-77.18347"
"04/25/2022","AQS","510590031","1","0.4","ppm","5","Springfield Near Road Site","24","100.0000","42101","Carbon monoxide","093","47900","Washington-Arlington-Alexandria, DC-VA-MD-WV","51","Virginia","059","Fairfax","38.76835","-77.18347"
"04/26/2022","AQS","510590031","1","0.4","ppm","5","Springfield Near Road Site","15","63.0000","42101","Carbon monoxide","093","47900","Washington-Arlington-Alexandria, DC-VA-MD-WV","51","Virginia","059","Fairfax","38.76835","-77.18347"
"04/27/2022","AQS","510590031","1","0.3","ppm","3","Springfield Near Road Site","24","100.0000","42101","Carbon monoxide","093","47900","Washington-Arlington-Alexandria, DC-VA-MD-WV","51","Virginia","059","Fairfax","38.76835","-77.18347"
"04/28/2022","AQS","510590031","1","0.2","ppm","2","Springfield Near Road Site","24","100.0000","42101","Carbon monoxide","093","47900","Washington-Arlington-Alexandria, DC-VA-MD-WV","51","Virginia","059","Fairfax","38.76835","-77.18347"
"04/29/2022","AQS","510590031","1","0.4","ppm","5","Springfield Near Road Site","24","100.0000","42101","Carbon monoxide","093","47900","Washington-Arlington-Alexandria, DC-VA-MD-WV","51","Virginia","059","Fairfax","38.76835","-77.18347"
"04/30/2022","AQS","510590031","1","0.4","ppm","5","Springfield Near Road Site","24","100.0000","42101","Carbon monoxide","093","47900","Washington-Arlington-Alexandria, DC-VA-MD-WV","51","Virginia","059","Fairfax","38.76835","-77.18347"
"05/01/2022","AQS","510590031","1","0.5","ppm","6","Springfield Near Road Site","24","100.0000","42101","Carbon monoxide","093","47900","Washington-Arlington-Alexandria, DC-VA-MD-WV","51","Virginia","059","Fairfax","38.76835","-77.18347"
"05/02/2022","AQS","510590031","1","0.4","ppm","5","Springfield Near Road Site","24","100.0000","42101","Carbon monoxide","093","47900","Washington-Arlington-Alexandria, DC-VA-MD-WV","51","Virginia","059","Fairfax","38.76835","-77.18347"
"05/03/2022","AQS","510590031","1","0.5","ppm","6","Springfield Near Road Site","24","100.0000","42101","Carbon monoxide","093","47900","Washington-Arlington-Alexandria, DC-VA-MD-WV","51","Virginia","059","Fairfax","38.76835","-77.18347"
"05/04/2022","AQS","510590031","1","0.5","ppm","6","Springfield Near Road Site","24","100.0000","42101","Carbon monoxide","093","47900","Washington-Arlington-Alexandria, DC-VA-MD-WV","51","Virginia","059","Fairfax","38.76835","-77.18347"
"05/05/2022","AQS","510590031","1","0.5","ppm","6","Springfield Near Road Site","24","100.0000","42101","Carbon monoxide","093","47900","Washington-Arlington-Alexandria, DC-VA-MD-WV","51","Virginia","059","Fairfax","38.76835","-77.18347"
"05/06/2022","AQS","510590031","1","0.5","ppm","6","Springfield Near Road Site","24","100.0000","42101","Carbon monoxide","093","47900","Washington-Arlington-Alexandria, DC-VA-MD-WV","51","Virginia","059","Fairfax","38.76835","-77.18347"
"05/07/2022","AQS","510590031","1","0.3","ppm","3","Springfield Near Road Site","24","100.0000","42101","Carbon monoxide","093","47900","Washington-Arlington-Alexandria, DC-VA-MD-WV","51","Virginia","059","Fairfax","38.76835","-77.18347"
"05/08/2022","AQS","510590031","1","0.4","ppm","5","Springfield Near Road Site","24","100.0000","42101","Carbon monoxide","093","47900","Washington-Arlington-Alexandria, DC-VA-MD-WV","51","Virginia","059","Fairfax","38.76835","-77.18347"
"05/09/2022","AQS","510590031","1","0.4","ppm","5","Springfield Near Road Site","24","100.0000","42101","Carbon monoxide","093","47900","Washington-Arlington-Alexandria, DC-VA-MD-WV","51","Virginia","059","Fairfax","38.76835","-77.18347"
"05/10/2022","AQS","510590031","1","0.4","ppm","5","Springfield Near Road Site","24","100.0000","42101","Carbon monoxide","093","47900","Washington-Arlington-Alexandria, DC-VA-MD-WV","51","Virginia","059","Fairfax","38.76835","-77.18347"
"05/11/2022","AQS","510590031","1","0.5","ppm","6","Springfield Near Road Site","24","100.0000","42101","Carbon monoxide","093","47900","Washington-Arlington-Alexandria, DC-VA-MD-WV","51","Virginia","059","Fairfax","38.76835","-77.18347"
"05/12/2022","AQS","510590031","1","0.4","ppm","5","Springfield Near Road Site","24","100.0000","42101","Carbon monoxide","093","47900","Washington-Arlington-Alexandria, DC-VA-MD-WV","51","Virginia","059","Fairfax","38.76835","-77.18347"
"05/13/2022","AQS","510590031","1","0.6","ppm","7","Springfield Near Road Site","24","100.0000","42101","Carbon monoxide","093","47900","Washington-Arlington-Alexandria, DC-VA-MD-WV","51","Virginia","059","Fairfax","38.76835","-77.18347"
"05/14/2022","AQS","510590031","1","0.6","ppm","7","Springfield Near Road Site","24","100.0000","42101","Carbon monoxide","093","47900","Washington-Arlington-Alexandria, DC-VA-MD-WV","51","Virginia","059","Fairfax","38.76835","-77.18347"
"05/15/2022","AQS","510590031","1","0.6","ppm","7","Springfield Near Road Site","24","100.0000","42101","Carbon monoxide","093","47900","Washington-Arlington-Alexandria, DC-VA-MD-WV","51","Virginia","059","Fairfax","38.76835","-77.18347"
"05/16/2022","AQS","510590031","1","0.5","ppm","6","Springfield Near Road Site","24","100.0000","42101","Carbon monoxide","093","47900","Washington-Arlington-Alexandria, DC-VA-MD-WV","51","Virginia","059","Fairfax","38.76835","-77.18347"
"05/17/2022","AQS","510590031","1","0.2","ppm","2","Springfield Near Road Site","24","100.0000","42101","Carbon monoxide","093","47900","Washington-Arlington-Alexandria, DC-VA-MD-WV","51","Virginia","059","Fairfax","38.76835","-77.18347"
"05/18/2022","AQS","510590031","1","0.4","ppm","5","Springfield Near Road Site","24","100.0000","42101","Carbon monoxide","093","47900","Washington-Arlington-Alexandria, DC-VA-MD-WV","51","Virginia","059","Fairfax","38.76835","-77.18347"
"05/19/2022","AQS","510590031","1","0.4","ppm","5","Springfield Near Road Site","24","100.0000","42101","Carbon monoxide","093","47900","Washington-Arlington-Alexandria, DC-VA-MD-WV","51","Virginia","059","Fairfax","38.76835","-77.18347"
"05/20/2022","AQS","510590031","1","0.5","ppm","6","Springfield Near Road Site","24","100.0000","42101","Carbon monoxide","093","47900","Washington-Arlington-Alexandria, DC-VA-MD-WV","51","Virginia","059","Fairfax","38.76835","-77.18347"
"05/21/2022","AQS","510590031","1","0.4","ppm","5","Springfield Near Road Site","24","100.0000","42101","Carbon monoxide","093","47900","Washington-Arlington-Alexandria, DC-VA-MD-WV","51","Virginia","059","Fairfax","38.76835","-77.18347"
"05/22/2022","AQS","510590031","1","0.4","ppm","5","Springfield Near Road Site","24","100.0000","42101","Carbon monoxide","093","47900","Washington-Arlington-Alexandria, DC-VA-MD-WV","51","Virginia","059","Fairfax","38.76835","-77.18347"
"05/23/2022","AQS","510590031","1","0.3","ppm","3","Springfield Near Road Site","24","100.0000","42101","Carbon monoxide","093","47900","Washington-Arlington-Alexandria, DC-VA-MD-WV","51","Virginia","059","Fairfax","38.76835","-77.18347"
"05/24/2022","AQS","510590031","1","0.4","ppm","5","Springfield Near Road Site","24","100.0000","42101","Carbon monoxide","093","47900","Washington-Arlington-Alexandria, DC-VA-MD-WV","51","Virginia","059","Fairfax","38.76835","-77.18347"
"05/25/2022","AQS","510590031","1","0.4","ppm","5","Springfield Near Road Site","24","100.0000","42101","Carbon monoxide","093","47900","Washington-Arlington-Alexandria, DC-VA-MD-WV","51","Virginia","059","Fairfax","38.76835","-77.18347"
"05/26/2022","AQS","510590031","1","0.5","ppm","6","Springfield Near Road Site","24","100.0000","42101","Carbon monoxide","093","47900","Washington-Arlington-Alexandria, DC-VA-MD-WV","51","Virginia","059","Fairfax","38.76835","-77.18347"
"05/27/2022","AQS","510590031","1","0.5","ppm","6","Springfield Near Road Site","24","100.0000","42101","Carbon monoxide","093","47900","Washington-Arlington-Alexandria, DC-VA-MD-WV","51","Virginia","059","Fairfax","38.76835","-77.18347"
"05/28/2022","AQS","510590031","1","0.3","ppm","3","Springfield Near Road Site","24","100.0000","42101","Carbon monoxide","093","47900","Washington-Arlington-Alexandria, DC-VA-MD-WV","51","Virginia","059","Fairfax","38.76835","-77.18347"
"05/29/2022","AQS","510590031","1","0.4","ppm","5","Springfield Near Road Site","24","100.0000","42101","Carbon monoxide","093","47900","Washington-Arlington-Alexandria, DC-VA-MD-WV","51","Virginia","059","Fairfax","38.76835","-77.18347"
"05/30/2022","AQS","510590031","1","0.4","ppm","5","Springfield Near Road Site","24","100.0000","42101","Carbon monoxide","093","47900","Washington-Arlington-Alexandria, DC-VA-MD-WV","51","Virginia","059","Fairfax","38.76835","-77.18347"
"05/31/2022","AQS","510590031","1","0.4","ppm","5","Springfield Near Road Site","24","100.0000","42101","Carbon monoxide","093","47900","Washington-Arlington-Alexandria, DC-VA-MD-WV","51","Virginia","059","Fairfax","38.76835","-77.18347"
"06/01/2022","AQS","510590031","1","0.4","ppm","5","Springfield Near Road Site","24","100.0000","42101","Carbon monoxide","093","47900","Washington-Arlington-Alexandria, DC-VA-MD-WV","51","Virginia","059","Fairfax","38.76835","-77.18347"
"06/02/2022","AQS","510590031","1","0.5","ppm","6","Springfield Near Road Site","24","100.0000","42101","Carbon monoxide","093","47900","Washington-Arlington-Alexandria, DC-VA-MD-WV","51","Virginia","059","Fairfax","38.76835","-77.18347"
"06/03/2022","AQS","510590031","1","0.3","ppm","3","Springfield Near Road Site","24","100.0000","42101","Carbon monoxide","093","47900","Washington-Arlington-Alexandria, DC-VA-MD-WV","51","Virginia","059","Fairfax","38.76835","-77.18347"
"06/04/2022","AQS","510590031","1","0.3","ppm","3","Springfield Near Road Site","24","100.0000","42101","Carbon monoxide","093","47900","Washington-Arlington-Alexandria, DC-VA-MD-WV","51","Virginia","059","Fairfax","38.76835","-77.18347"
"06/05/2022","AQS","510590031","1","0.4","ppm","5","Springfield Near Road Site","24","100.0000","42101","Carbon monoxide","093","47900","Washington-Arlington-Alexandria, DC-VA-MD-WV","51","Virginia","059","Fairfax","38.76835","-77.18347"
"06/06/2022","AQS","510590031","1","0.4","ppm","5","Springfield Near Road Site","24","100.0000","42101","Carbon monoxide","093","47900","Washington-Arlington-Alexandria, DC-VA-MD-WV","51","Virginia","059","Fairfax","38.76835","-77.18347"
"06/07/2022","AQS","510590031","1","0.5","ppm","6","Springfield Near Road Site","24","100.0000","42101","Carbon monoxide","093","47900","Washington-Arlington-Alexandria, DC-VA-MD-WV","51","Virginia","059","Fairfax","38.76835","-77.18347"
"06/08/2022","AQS","510590031","1","0.4","ppm","5","Springfield Near Road Site","24","100.0000","42101","Carbon monoxide","093","47900","Washington-Arlington-Alexandria, DC-VA-MD-WV","51","Virginia","059","Fairfax","38.76835","-77.18347"
"06/09/2022","AQS","510590031","1","0.4","ppm","5","Springfield Near Road Site","24","100.0000","42101","Carbon monoxide","093","47900","Washington-Arlington-Alexandria, DC-VA-MD-WV","51","Virginia","059","Fairfax","38.76835","-77.18347"
"06/10/2022","AQS","510590031","1","0.3","ppm","3","Springfield Near Road Site","24","100.0000","42101","Carbon monoxide","093","47900","Washington-Arlington-Alexandria, DC-VA-MD-WV","51","Virginia","059","Fairfax","38.76835","-77.18347"
"06/11/2022","AQS","510590031","1","0.5","ppm","6","Springfield Near Road Site","24","100.0000","42101","Carbon monoxide","093","47900","Washington-Arlington-Alexandria, DC-VA-MD-WV","51","Virginia","059","Fairfax","38.76835","-77.18347"
"06/12/2022","AQS","510590031","1","0.5","ppm","6","Springfield Near Road Site","24","100.0000","42101","Carbon monoxide","093","47900","Washington-Arlington-Alexandria, DC-VA-MD-WV","51","Virginia","059","Fairfax","38.76835","-77.18347"
"06/13/2022","AQS","510590031","1","0.4","ppm","5","Springfield Near Road Site","24","100.0000","42101","Carbon monoxide","093","47900","Washington-Arlington-Alexandria, DC-VA-MD-WV","51","Virginia","059","Fairfax","38.76835","-77.18347"
"06/14/2022","AQS","510590031","1","0.5","ppm","6","Springfield Near Road Site","24","100.0000","42101","Carbon monoxide","093","47900","Washington-Arlington-Alexandria, DC-VA-MD-WV","51","Virginia","059","Fairfax","38.76835","-77.18347"
"06/15/2022","AQS","510590031","1","0.4","ppm","5","Springfield Near Road Site","24","100.0000","42101","Carbon monoxide","093","47900","Washington-Arlington-Alexandria, DC-VA-MD-WV","51","Virginia","059","Fairfax","38.76835","-77.18347"
"06/16/2022","AQS","510590031","1","0.4","ppm","5","Springfield Near Road Site","24","100.0000","42101","Carbon monoxide","093","47900","Washington-Arlington-Alexandria, DC-VA-MD-WV","51","Virginia","059","Fairfax","38.76835","-77.18347"
"06/17/2022","AQS","510590031","1","0.3","ppm","3","Springfield Near Road Site","24","100.0000","42101","Carbon monoxide","093","47900","Washington-Arlington-Alexandria, DC-VA-MD-WV","51","Virginia","059","Fairfax","38.76835","-77.18347"
"06/18/2022","AQS","510590031","1","0.2","ppm","2","Springfield Near Road Site","24","100.0000","42101","Carbon monoxide","093","47900","Washington-Arlington-Alexandria, DC-VA-MD-WV","51","Virginia","059","Fairfax","38.76835","-77.18347"
"06/19/2022","AQS","510590031","1","0.1","ppm","1","Springfield Near Road Site","24","100.0000","42101","Carbon monoxide","093","47900","Washington-Arlington-Alexandria, DC-VA-MD-WV","51","Virginia","059","Fairfax","38.76835","-77.18347"
"06/20/2022","AQS","510590031","1","0.1","ppm","1","Springfield Near Road Site","24","100.0000","42101","Carbon monoxide","093","47900","Washington-Arlington-Alexandria, DC-VA-MD-WV","51","Virginia","059","Fairfax","38.76835","-77.18347"
"06/21/2022","AQS","510590031","1","0.4","ppm","5","Springfield Near Road Site","24","100.0000","42101","Carbon monoxide","093","47900","Washington-Arlington-Alexandria, DC-VA-MD-WV","51","Virginia","059","Fairfax","38.76835","-77.18347"
"06/22/2022","AQS","510590031","1","0.5","ppm","6","Springfield Near Road Site","24","100.0000","42101","Carbon monoxide","093","47900","Washington-Arlington-Alexandria, DC-VA-MD-WV","51","Virginia","059","Fairfax","38.76835","-77.18347"
"06/23/2022","AQS","510590031","1","0.5","ppm","6","Springfield Near Road Site","24","100.0000","42101","Carbon monoxide","093","47900","Washington-Arlington-Alexandria, DC-VA-MD-WV","51","Virginia","059","Fairfax","38.76835","-77.18347"
"06/24/2022","AQS","510590031","1","0.5","ppm","6","Springfield Near Road Site","24","100.0000","42101","Carbon monoxide","093","47900","Washington-Arlington-Alexandria, DC-VA-MD-WV","51","Virginia","059","Fairfax","38.76835","-77.18347"
"06/25/2022","AQS","510590031","1","0.5","ppm","6","Springfield Near Road Site","24","100.0000","42101","Carbon monoxide","093","47900","Washington-Arlington-Alexandria, DC-VA-MD-WV","51","Virginia","059","Fairfax","38.76835","-77.18347"
"06/26/2022","AQS","510590031","1","0.5","ppm","6","Springfield Near Road Site","24","100.0000","42101","Carbon monoxide","093","47900","Washington-Arlington-Alexandria, DC-VA-MD-WV","51","Virginia","059","Fairfax","38.76835","-77.18347"
"06/27/2022","AQS","510590031","1","0.3","ppm","3","Springfield Near Road Site","24","100.0000","42101","Carbon monoxide","093","47900","Washington-Arlington-Alexandria, DC-VA-MD-WV","51","Virginia","059","Fairfax","38.76835","-77.18347"
"06/28/2022","AQS","510590031","1","0.4","ppm","5","Springfield Near Road Site","24","100.0000","42101","Carbon monoxide","093","47900","Washington-Arlington-Alexandria, DC-VA-MD-WV","51","Virginia","059","Fairfax","38.76835","-77.18347"
"06/29/2022","AQS","510590031","1","0.4","ppm","5","Springfield Near Road Site","24","100.0000","42101","Carbon monoxide","093","47900","Washington-Arlington-Alexandria, DC-VA-MD-WV","51","Virginia","059","Fairfax","38.76835","-77.18347"
"06/30/2022","AQS","510590031","1","0.5","ppm","6","Springfield Near Road Site","24","100.0000","42101","Carbon monoxide","093","47900","Washington-Arlington-Alexandria, DC-VA-MD-WV","51","Virginia","059","Fairfax","38.76835","-77.18347"
"07/01/2022","AQS","510590031","1","0.5","ppm","6","Springfield Near Road Site","24","100.0000","42101","Carbon monoxide","093","47900","Washington-Arlington-Alexandria, DC-VA-MD-WV","51","Virginia","059","Fairfax","38.76835","-77.18347"
"07/02/2022","AQS","510590031","1","0.4","ppm","5","Springfield Near Road Site","24","100.0000","42101","Carbon monoxide","093","47900","Washington-Arlington-Alexandria, DC-VA-MD-WV","51","Virginia","059","Fairfax","38.76835","-77.18347"
"07/03/2022","AQS","510590031","1","0.4","ppm","5","Springfield Near Road Site","24","100.0000","42101","Carbon monoxide","093","47900","Washington-Arlington-Alexandria, DC-VA-MD-WV","51","Virginia","059","Fairfax","38.76835","-77.18347"
"07/04/2022","AQS","510590031","1","0.5","ppm","6","Springfield Near Road Site","24","100.0000","42101","Carbon monoxide","093","47900","Washington-Arlington-Alexandria, DC-VA-MD-WV","51","Virginia","059","Fairfax","38.76835","-77.18347"
"07/05/2022","AQS","510590031","1","0.5","ppm","6","Springfield Near Road Site","24","100.0000","42101","Carbon monoxide","093","47900","Washington-Arlington-Alexandria, DC-VA-MD-WV","51","Virginia","059","Fairfax","38.76835","-77.18347"
"07/06/2022","AQS","510590031","1","0.4","ppm","5","Springfield Near Road Site","24","100.0000","42101","Carbon monoxide","093","47900","Washington-Arlington-Alexandria, DC-VA-MD-WV","51","Virginia","059","Fairfax","38.76835","-77.18347"
"07/07/2022","AQS","510590031","1","0.6","ppm","7","Springfield Near Road Site","24","100.0000","42101","Carbon monoxide","093","47900","Washington-Arlington-Alexandria, DC-VA-MD-WV","51","Virginia","059","Fairfax","38.76835","-77.18347"
"07/08/2022","AQS","510590031","1","0.6","ppm","7","Springfield Near Road Site","24","100.0000","42101","Carbon monoxide","093","47900","Washington-Arlington-Alexandria, DC-VA-MD-WV","51","Virginia","059","Fairfax","38.76835","-77.18347"
"07/09/2022","AQS","510590031","1","0.6","ppm","7","Springfield Near Road Site","24","100.0000","42101","Carbon monoxide","093","47900","Washington-Arlington-Alexandria, DC-VA-MD-WV","51","Virginia","059","Fairfax","38.76835","-77.18347"
"07/10/2022","AQS","510590031","1","0.5","ppm","6","Springfield Near Road Site","24","100.0000","42101","Carbon monoxide","093","47900","Washington-Arlington-Alexandria, DC-VA-MD-WV","51","Virginia","059","Fairfax","38.76835","-77.18347"
"07/11/2022","AQS","510590031","1","0.5","ppm","6","Springfield Near Road Site","24","100.0000","42101","Carbon monoxide","093","47900","Washington-Arlington-Alexandria, DC-VA-MD-WV","51","Virginia","059","Fairfax","38.76835","-77.18347"
"07/12/2022","AQS","510590031","1","0.4","ppm","5","Springfield Near Road Site","15","63.0000","42101","Carbon monoxide","093","47900","Washington-Arlington-Alexandria, DC-VA-MD-WV","51","Virginia","059","Fairfax","38.76835","-77.18347"
"07/13/2022","AQS","510590031","1","0.4","ppm","5","Springfield Near Road Site","24","100.0000","42101","Carbon monoxide","093","47900","Washington-Arlington-Alexandria, DC-VA-MD-WV","51","Virginia","059","Fairfax","38.76835","-77.18347"
"07/14/2022","AQS","510590031","1","0.4","ppm","5","Springfield Near Road Site","24","100.0000","42101","Carbon monoxide","093","47900","Washington-Arlington-Alexandria, DC-VA-MD-WV","51","Virginia","059","Fairfax","38.76835","-77.18347"
"07/15/2022","AQS","510590031","1","0.6","ppm","7","Springfield Near Road Site","24","100.0000","42101","Carbon monoxide","093","47900","Washington-Arlington-Alexandria, DC-VA-MD-WV","51","Virginia","059","Fairfax","38.76835","-77.18347"
"07/16/2022","AQS","510590031","1","0.6","ppm","7","Springfield Near Road Site","24","100.0000","42101","Carbon monoxide","093","47900","Washington-Arlington-Alexandria, DC-VA-MD-WV","51","Virginia","059","Fairfax","38.76835","-77.18347"
"07/17/2022","AQS","510590031","1","0.6","ppm","7","Springfield Near Road Site","24","100.0000","42101","Carbon monoxide","093","47900","Washington-Arlington-Alexandria, DC-VA-MD-WV","51","Virginia","059","Fairfax","38.76835","-77.18347"
"07/18/2022","AQS","510590031","1","0.5","ppm","6","Springfield Near Road Site","24","100.0000","42101","Carbon monoxide","093","47900","Washington-Arlington-Alexandria, DC-VA-MD-WV","51","Virginia","059","Fairfax","38.76835","-77.18347"
"07/19/2022","AQS","510590031","1","0.4","ppm","5","Springfield Near Road Site","24","100.0000","42101","Carbon monoxide","093","47900","Washington-Arlington-Alexandria, DC-VA-MD-WV","51","Virginia","059","Fairfax","38.76835","-77.18347"
"07/20/2022","AQS","510590031","1","0.5","ppm","6","Springfield Near Road Site","24","100.0000","42101","Carbon monoxide","093","47900","Washington-Arlington-Alexandria, DC-VA-MD-WV","51","Virginia","059","Fairfax","38.76835","-77.18347"
"07/21/2022","AQS","510590031","1","0.5","ppm","6","Springfield Near Road Site","24","100.0000","42101","Carbon monoxide","093","47900","Washington-Arlington-Alexandria, DC-VA-MD-WV","51","Virginia","059","Fairfax","38.76835","-77.18347"
"07/22/2022","AQS","510590031","1","0.3","ppm","3","Springfield Near Road Site","24","100.0000","42101","Carbon monoxide","093","47900","Washington-Arlington-Alexandria, DC-VA-MD-WV","51","Virginia","059","Fairfax","38.76835","-77.18347"
"07/23/2022","AQS","510590031","1","0.3","ppm","3","Springfield Near Road Site","24","100.0000","42101","Carbon monoxide","093","47900","Washington-Arlington-Alexandria, DC-VA-MD-WV","51","Virginia","059","Fairfax","38.76835","-77.18347"
"07/24/2022","AQS","510590031","1","0.4","ppm","5","Springfield Near Road Site","24","100.0000","42101","Carbon monoxide","093","47900","Washington-Arlington-Alexandria, DC-VA-MD-WV","51","Virginia","059","Fairfax","38.76835","-77.18347"
"07/25/2022","AQS","510590031","1","0.4","ppm","5","Springfield Near Road Site","24","100.0000","42101","Carbon monoxide","093","47900","Washington-Arlington-Alexandria, DC-VA-MD-WV","51","Virginia","059","Fairfax","38.76835","-77.18347"
"07/26/2022","AQS","510590031","1","0.5","ppm","6","Springfield Near Road Site","24","100.0000","42101","Carbon monoxide","093","47900","Washington-Arlington-Alexandria, DC-VA-MD-WV","51","Virginia","059","Fairfax","38.76835","-77.18347"
"07/27/2022","AQS","510590031","1","0.5","ppm","6","Springfield Near Road Site","24","100.0000","42101","Carbon monoxide","093","47900","Washington-Arlington-Alexandria, DC-VA-MD-WV","51","Virginia","059","Fairfax","38.76835","-77.18347"
"07/28/2022","AQS","510590031","1","0.3","ppm","3","Springfield Near Road Site","24","100.0000","42101","Carbon monoxide","093","47900","Washington-Arlington-Alexandria, DC-VA-MD-WV","51","Virginia","059","Fairfax","38.76835","-77.18347"
"07/29/2022","AQS","510590031","1","0.5","ppm","6","Springfield Near Road Site","24","100.0000","42101","Carbon monoxide","093","47900","Washington-Arlington-Alexandria, DC-VA-MD-WV","51","Virginia","059","Fairfax","38.76835","-77.18347"
"07/30/2022","AQS","510590031","1","0.3","ppm","3","Springfield Near Road Site","24","100.0000","42101","Carbon monoxide","093","47900","Washington-Arlington-Alexandria, DC-VA-MD-WV","51","Virginia","059","Fairfax","38.76835","-77.18347"
"07/31/2022","AQS","510590031","1","0.4","ppm","5","Springfield Near Road Site","24","100.0000","42101","Carbon monoxide","093","47900","Washington-Arlington-Alexandria, DC-VA-MD-WV","51","Virginia","059","Fairfax","38.76835","-77.18347"
"08/01/2022","AQS","510590031","1","0.4","ppm","5","Springfield Near Road Site","24","100.0000","42101","Carbon monoxide","093","47900","Washington-Arlington-Alexandria, DC-VA-MD-WV","51","Virginia","059","Fairfax","38.76835","-77.18347"
"08/02/2022","AQS","510590031","1","0.4","ppm","5","Springfield Near Road Site","24","100.0000","42101","Carbon monoxide","093","47900","Washington-Arlington-Alexandria, DC-VA-MD-WV","51","Virginia","059","Fairfax","38.76835","-77.18347"
"08/03/2022","AQS","510590031","1","0.3","ppm","3","Springfield Near Road Site","24","100.0000","42101","Carbon monoxide","093","47900","Washington-Arlington-Alexandria, DC-VA-MD-WV","51","Virginia","059","Fairfax","38.76835","-77.18347"
"08/04/2022","AQS","510590031","1","0.4","ppm","5","Springfield Near Road Site","24","100.0000","42101","Carbon monoxide","093","47900","Washington-Arlington-Alexandria, DC-VA-MD-WV","51","Virginia","059","Fairfax","38.76835","-77.18347"
"08/05/2022","AQS","510590031","1","0.5","ppm","6","Springfield Near Road Site","24","100.0000","42101","Carbon monoxide","093","47900","Washington-Arlington-Alexandria, DC-VA-MD-WV","51","Virginia","059","Fairfax","38.76835","-77.18347"
"08/06/2022","AQS","510590031","1","0.4","ppm","5","Springfield Near Road Site","24","100.0000","42101","Carbon monoxide","093","47900","Washington-Arlington-Alexandria, DC-VA-MD-WV","51","Virginia","059","Fairfax","38.76835","-77.18347"
"08/07/2022","AQS","510590031","1","0.4","ppm","5","Springfield Near Road Site","24","100.0000","42101","Carbon monoxide","093","47900","Washington-Arlington-Alexandria, DC-VA-MD-WV","51","Virginia","059","Fairfax","38.76835","-77.18347"
"08/08/2022","AQS","510590031","1","0.4","ppm","5","Springfield Near Road Site","24","100.0000","42101","Carbon monoxide","093","47900","Washington-Arlington-Alexandria, DC-VA-MD-WV","51","Virginia","059","Fairfax","38.76835","-77.18347"
"08/09/2022","AQS","510590031","1","0.4","ppm","5","Springfield Near Road Site","24","100.0000","42101","Carbon monoxide","093","47900","Washington-Arlington-Alexandria, DC-VA-MD-WV","51","Virginia","059","Fairfax","38.76835","-77.18347"
"08/10/2022","AQS","510590031","1","0.4","ppm","5","Springfield Near Road Site","24","100.0000","42101","Carbon monoxide","093","47900","Washington-Arlington-Alexandria, DC-VA-MD-WV","51","Virginia","059","Fairfax","38.76835","-77.18347"
"08/11/2022","AQS","510590031","1","0.3","ppm","3","Springfield Near Road Site","24","100.0000","42101","Carbon monoxide","093","47900","Washington-Arlington-Alexandria, DC-VA-MD-WV","51","Virginia","059","Fairfax","38.76835","-77.18347"
"08/12/2022","AQS","510590031","1","0.3","ppm","3","Springfield Near Road Site","24","100.0000","42101","Carbon monoxide","093","47900","Washington-Arlington-Alexandria, DC-VA-MD-WV","51","Virginia","059","Fairfax","38.76835","-77.18347"
"08/13/2022","AQS","510590031","1","0.3","ppm","3","Springfield Near Road Site","24","100.0000","42101","Carbon monoxide","093","47900","Washington-Arlington-Alexandria, DC-VA-MD-WV","51","Virginia","059","Fairfax","38.76835","-77.18347"
"08/14/2022","AQS","510590031","1","0.5","ppm","6","Springfield Near Road Site","24","100.0000","42101","Carbon monoxide","093","47900","Washington-Arlington-Alexandria, DC-VA-MD-WV","51","Virginia","059","Fairfax","38.76835","-77.18347"
"08/15/2022","AQS","510590031","1","0.5","ppm","6","Springfield Near Road Site","24","100.0000","42101","Carbon monoxide","093","47900","Washington-Arlington-Alexandria, DC-VA-MD-WV","51","Virginia","059","Fairfax","38.76835","-77.18347"
"08/16/2022","AQS","510590031","1","0.5","ppm","6","Springfield Near Road Site","24","100.0000","42101","Carbon monoxide","093","47900","Washington-Arlington-Alexandria, DC-VA-MD-WV","51","Virginia","059","Fairfax","38.76835","-77.18347"
"08/17/2022","AQS","510590031","1","0.4","ppm","5","Springfield Near Road Site","24","100.0000","42101","Carbon monoxide","093","47900","Washington-Arlington-Alexandria, DC-VA-MD-WV","51","Virginia","059","Fairfax","38.76835","-77.18347"
"08/18/2022","AQS","510590031","1","0.4","ppm","5","Springfield Near Road Site","24","100.0000","42101","Carbon monoxide","093","47900","Washington-Arlington-Alexandria, DC-VA-MD-WV","51","Virginia","059","Fairfax","38.76835","-77.18347"
"08/19/2022","AQS","510590031","1","0.5","ppm","6","Springfield Near Road Site","24","100.0000","42101","Carbon monoxide","093","47900","Washington-Arlington-Alexandria, DC-VA-MD-WV","51","Virginia","059","Fairfax","38.76835","-77.18347"
"08/20/2022","AQS","510590031","1","0.5","ppm","6","Springfield Near Road Site","24","100.0000","42101","Carbon monoxide","093","47900","Washington-Arlington-Alexandria, DC-VA-MD-WV","51","Virginia","059","Fairfax","38.76835","-77.18347"
"08/21/2022","AQS","510590031","1","0.5","ppm","6","Springfield Near Road Site","24","100.0000","42101","Carbon monoxide","093","47900","Washington-Arlington-Alexandria, DC-VA-MD-WV","51","Virginia","059","Fairfax","38.76835","-77.18347"
"08/22/2022","AQS","510590031","1","0.4","ppm","5","Springfield Near Road Site","24","100.0000","42101","Carbon monoxide","093","47900","Washington-Arlington-Alexandria, DC-VA-MD-WV","51","Virginia","059","Fairfax","38.76835","-77.18347"
"08/23/2022","AQS","510590031","1","0.3","ppm","3","Springfield Near Road Site","24","100.0000","42101","Carbon monoxide","093","47900","Washington-Arlington-Alexandria, DC-VA-MD-WV","51","Virginia","059","Fairfax","38.76835","-77.18347"
"08/24/2022","AQS","510590031","1","0.4","ppm","5","Springfield Near Road Site","24","100.0000","42101","Carbon monoxide","093","47900","Washington-Arlington-Alexandria, DC-VA-MD-WV","51","Virginia","059","Fairfax","38.76835","-77.18347"
"08/25/2022","AQS","510590031","1","0.6","ppm","7","Springfield Near Road Site","24","100.0000","42101","Carbon monoxide","093","47900","Washington-Arlington-Alexandria, DC-VA-MD-WV","51","Virginia","059","Fairfax","38.76835","-77.18347"
"08/26/2022","AQS","510590031","1","0.5","ppm","6","Springfield Near Road Site","24","100.0000","42101","Carbon monoxide","093","47900","Washington-Arlington-Alexandria, DC-VA-MD-WV","51","Virginia","059","Fairfax","38.76835","-77.18347"
"08/27/2022","AQS","510590031","1","0.6","ppm","7","Springfield Near Road Site","24","100.0000","42101","Carbon monoxide","093","47900","Washington-Arlington-Alexandria, DC-VA-MD-WV","51","Virginia","059","Fairfax","38.76835","-77.18347"
"08/28/2022","AQS","510590031","1","0.6","ppm","7","Springfield Near Road Site","24","100.0000","42101","Carbon monoxide","093","47900","Washington-Arlington-Alexandria, DC-VA-MD-WV","51","Virginia","059","Fairfax","38.76835","-77.18347"
"08/29/2022","AQS","510590031","1","0.5","ppm","6","Springfield Near Road Site","24","100.0000","42101","Carbon monoxide","093","47900","Washington-Arlington-Alexandria, DC-VA-MD-WV","51","Virginia","059","Fairfax","38.76835","-77.18347"
"08/30/2022","AQS","510590031","1","0.4","ppm","5","Springfield Near Road Site","24","100.0000","42101","Carbon monoxide","093","47900","Washington-Arlington-Alexandria, DC-VA-MD-WV","51","Virginia","059","Fairfax","38.76835","-77.18347"
"08/31/2022","AQS","510590031","1","0.3","ppm","3","Springfield Near Road Site","24","100.0000","42101","Carbon monoxide","093","47900","Washington-Arlington-Alexandria, DC-VA-MD-WV","51","Virginia","059","Fairfax","38.76835","-77.18347"
"09/01/2022","AQS","510590031","1","0.3","ppm","3","Springfield Near Road Site","24","100.0000","42101","Carbon monoxide","093","47900","Washington-Arlington-Alexandria, DC-VA-MD-WV","51","Virginia","059","Fairfax","38.76835","-77.18347"
"09/02/2022","AQS","510590031","1","0.5","ppm","6","Springfield Near Road Site","24","100.0000","42101","Carbon monoxide","093","47900","Washington-Arlington-Alexandria, DC-VA-MD-WV","51","Virginia","059","Fairfax","38.76835","-77.18347"
"09/03/2022","AQS","510590031","1","0.6","ppm","7","Springfield Near Road Site","24","100.0000","42101","Carbon monoxide","093","47900","Washington-Arlington-Alexandria, DC-VA-MD-WV","51","Virginia","059","Fairfax","38.76835","-77.18347"
"09/04/2022","AQS","510590031","1","0.6","ppm","7","Springfield Near Road Site","24","100.0000","42101","Carbon monoxide","093","47900","Washington-Arlington-Alexandria, DC-VA-MD-WV","51","Virginia","059","Fairfax","38.76835","-77.18347"
"09/05/2022","AQS","510590031","1","0.5","ppm","6","Springfield Near Road Site","24","100.0000","42101","Carbon monoxide","093","47900","Washington-Arlington-Alexandria, DC-VA-MD-WV","51","Virginia","059","Fairfax","38.76835","-77.18347"
"09/06/2022","AQS","510590031","1","0.5","ppm","6","Springfield Near Road Site","24","100.0000","42101","Carbon monoxide","093","47900","Washington-Arlington-Alexandria, DC-VA-MD-WV","51","Virginia","059","Fairfax","38.76835","-77.18347"
"09/07/2022","AQS","510590031","1","0.5","ppm","6","Springfield Near Road Site","24","100.0000","42101","Carbon monoxide","093","47900","Washington-Arlington-Alexandria, DC-VA-MD-WV","51","Virginia","059","Fairfax","38.76835","-77.18347"
"09/08/2022","AQS","510590031","1","0.5","ppm","6","Springfield Near Road Site","24","100.0000","42101","Carbon monoxide","093","47900","Washington-Arlington-Alexandria, DC-VA-MD-WV","51","Virginia","059","Fairfax","38.76835","-77.18347"
"09/09/2022","AQS","510590031","1","0.6","ppm","7","Springfield Near Road Site","24","100.0000","42101","Carbon monoxide","093","47900","Washington-Arlington-Alexandria, DC-VA-MD-WV","51","Virginia","059","Fairfax","38.76835","-77.18347"
"09/10/2022","AQS","510590031","1","0.6","ppm","7","Springfield Near Road Site","24","100.0000","42101","Carbon monoxide","093","47900","Washington-Arlington-Alexandria, DC-VA-MD-WV","51","Virginia","059","Fairfax","38.76835","-77.18347"
"09/11/2022","AQS","510590031","1","0.6","ppm","7","Springfield Near Road Site","24","100.0000","42101","Carbon monoxide","093","47900","Washington-Arlington-Alexandria, DC-VA-MD-WV","51","Virginia","059","Fairfax","38.76835","-77.18347"
"09/12/2022","AQS","510590031","1","0.5","ppm","6","Springfield Near Road Site","24","100.0000","42101","Carbon monoxide","093","47900","Washington-Arlington-Alexandria, DC-VA-MD-WV","51","Virginia","059","Fairfax","38.76835","-77.18347"
"09/13/2022","AQS","510590031","1","0.4","ppm","5","Springfield Near Road Site","24","100.0000","42101","Carbon monoxide","093","47900","Washington-Arlington-Alexandria, DC-VA-MD-WV","51","Virginia","059","Fairfax","38.76835","-77.18347"
"09/14/2022","AQS","510590031","1","0.3","ppm","3","Springfield Near Road Site","24","100.0000","42101","Carbon monoxide","093","47900","Washington-Arlington-Alexandria, DC-VA-MD-WV","51","Virginia","059","Fairfax","38.76835","-77.18347"
"09/15/2022","AQS","510590031","1","0.4","ppm","5","Springfield Near Road Site","24","100.0000","42101","Carbon monoxide","093","47900","Washington-Arlington-Alexandria, DC-VA-MD-WV","51","Virginia","059","Fairfax","38.76835","-77.18347"
"09/16/2022","AQS","510590031","1","0.4","ppm","5","Springfield Near Road Site","24","100.0000","42101","Carbon monoxide","093","47900","Washington-Arlington-Alexandria, DC-VA-MD-WV","51","Virginia","059","Fairfax","38.76835","-77.18347"
"09/17/2022","AQS","510590031","1","0.6","ppm","7","Springfield Near Road Site","24","100.0000","42101","Carbon monoxide","093","47900","Washington-Arlington-Alexandria, DC-VA-MD-WV","51","Virginia","059","Fairfax","38.76835","-77.18347"
"09/18/2022","AQS","510590031","1","0.5","ppm","6","Springfield Near Road Site","24","100.0000","42101","Carbon monoxide","093","47900","Washington-Arlington-Alexandria, DC-VA-MD-WV","51","Virginia","059","Fairfax","38.76835","-77.18347"
"09/19/2022","AQS","510590031","1","0.5","ppm","6","Springfield Near Road Site","24","100.0000","42101","Carbon monoxide","093","47900","Washington-Arlington-Alexandria, DC-VA-MD-WV","51","Virginia","059","Fairfax","38.76835","-77.18347"
"09/20/2022","AQS","510590031","1","0.3","ppm","3","Springfield Near Road Site","24","100.0000","42101","Carbon monoxide","093","47900","Washington-Arlington-Alexandria, DC-VA-MD-WV","51","Virginia","059","Fairfax","38.76835","-77.18347"
"09/21/2022","AQS","510590031","1","0.3","ppm","3","Springfield Near Road Site","24","100.0000","42101","Carbon monoxide","093","47900","Washington-Arlington-Alexandria, DC-VA-MD-WV","51","Virginia","059","Fairfax","38.76835","-77.18347"
"09/22/2022","AQS","510590031","1","0.4","ppm","5","Springfield Near Road Site","24","100.0000","42101","Carbon monoxide","093","47900","Washington-Arlington-Alexandria, DC-VA-MD-WV","51","Virginia","059","Fairfax","38.76835","-77.18347"
"09/23/2022","AQS","510590031","1","0.1","ppm","1","Springfield Near Road Site","24","100.0000","42101","Carbon monoxide","093","47900","Washington-Arlington-Alexandria, DC-VA-MD-WV","51","Virginia","059","Fairfax","38.76835","-77.18347"
"09/24/2022","AQS","510590031","1","0.4","ppm","5","Springfield Near Road Site","24","100.0000","42101","Carbon monoxide","093","47900","Washington-Arlington-Alexandria, DC-VA-MD-WV","51","Virginia","059","Fairfax","38.76835","-77.18347"
"09/25/2022","AQS","510590031","1","0.4","ppm","5","Springfield Near Road Site","24","100.0000","42101","Carbon monoxide","093","47900","Washington-Arlington-Alexandria, DC-VA-MD-WV","51","Virginia","059","Fairfax","38.76835","-77.18347"
"09/26/2022","AQS","510590031","1","0.2","ppm","2","Springfield Near Road Site","24","100.0000","42101","Carbon monoxide","093","47900","Washington-Arlington-Alexandria, DC-VA-MD-WV","51","Virginia","059","Fairfax","38.76835","-77.18347"
"09/27/2022","AQS","510590031","1","0.2","ppm","2","Springfield Near Road Site","24","100.0000","42101","Carbon monoxide","093","47900","Washington-Arlington-Alexandria, DC-VA-MD-WV","51","Virginia","059","Fairfax","38.76835","-77.18347"
"09/28/2022","AQS","510590031","1","0.2","ppm","2","Springfield Near Road Site","24","100.0000","42101","Carbon monoxide","093","47900","Washington-Arlington-Alexandria, DC-VA-MD-WV","51","Virginia","059","Fairfax","38.76835","-77.18347"
"09/29/2022","AQS","510590031","1","0.3","ppm","3","Springfield Near Road Site","24","100.0000","42101","Carbon monoxide","093","47900","Washington-Arlington-Alexandria, DC-VA-MD-WV","51","Virginia","059","Fairfax","38.76835","-77.18347"
"09/30/2022","AQS","510590031","1","0.4","ppm","5","Springfield Near Road Site","24","100.0000","42101","Carbon monoxide","093","47900","Washington-Arlington-Alexandria, DC-VA-MD-WV","51","Virginia","059","Fairfax","38.76835","-77.18347"
"10/01/2022","AQS","510590031","1","0.4","ppm","5","Springfield Near Road Site","24","100.0000","42101","Carbon monoxide","093","47900","Washington-Arlington-Alexandria, DC-VA-MD-WV","51","Virginia","059","Fairfax","38.76835","-77.18347"
"10/02/2022","AQS","510590031","1","0.4","ppm","5","Springfield Near Road Site","24","100.0000","42101","Carbon monoxide","093","47900","Washington-Arlington-Alexandria, DC-VA-MD-WV","51","Virginia","059","Fairfax","38.76835","-77.18347"
"10/03/2022","AQS","510590031","1","0.3","ppm","3","Springfield Near Road Site","24","100.0000","42101","Carbon monoxide","093","47900","Washington-Arlington-Alexandria, DC-VA-MD-WV","51","Virginia","059","Fairfax","38.76835","-77.18347"
"10/04/2022","AQS","510590031","1","0.2","ppm","2","Springfield Near Road Site","24","100.0000","42101","Carbon monoxide","093","47900","Washington-Arlington-Alexandria, DC-VA-MD-WV","51","Virginia","059","Fairfax","38.76835","-77.18347"
"10/05/2022","AQS","510590031","1","0.3","ppm","3","Springfield Near Road Site","24","100.0000","42101","Carbon monoxide","093","47900","Washington-Arlington-Alexandria, DC-VA-MD-WV","51","Virginia","059","Fairfax","38.76835","-77.18347"
"10/06/2022","AQS","510590031","1","0.4","ppm","5","Springfield Near Road Site","24","100.0000","42101","Carbon monoxide","093","47900","Washington-Arlington-Alexandria, DC-VA-MD-WV","51","Virginia","059","Fairfax","38.76835","-77.18347"
"10/07/2022","AQS","510590031","1","0.4","ppm","5","Springfield Near Road Site","24","100.0000","42101","Carbon monoxide","093","47900","Washington-Arlington-Alexandria, DC-VA-MD-WV","51","Virginia","059","Fairfax","38.76835","-77.18347"
"10/08/2022","AQS","510590031","1","0.3","ppm","3","Springfield Near Road Site","24","100.0000","42101","Carbon monoxide","093","47900","Washington-Arlington-Alexandria, DC-VA-MD-WV","51","Virginia","059","Fairfax","38.76835","-77.18347"
"10/09/2022","AQS","510590031","1","0.3","ppm","3","Springfield Near Road Site","24","100.0000","42101","Carbon monoxide","093","47900","Washington-Arlington-Alexandria, DC-VA-MD-WV","51","Virginia","059","Fairfax","38.76835","-77.18347"
"10/10/2022","AQS","510590031","1","0.4","ppm","5","Springfield Near Road Site","24","100.0000","42101","Carbon monoxide","093","47900","Washington-Arlington-Alexandria, DC-VA-MD-WV","51","Virginia","059","Fairfax","38.76835","-77.18347"
"10/11/2022","AQS","510590031","1","0.5","ppm","6","Springfield Near Road Site","24","100.0000","42101","Carbon monoxide","093","47900","Washington-Arlington-Alexandria, DC-VA-MD-WV","51","Virginia","059","Fairfax","38.76835","-77.18347"
"10/12/2022","AQS","510590031","1","0.5","ppm","6","Springfield Near Road Site","24","100.0000","42101","Carbon monoxide","093","47900","Washington-Arlington-Alexandria, DC-VA-MD-WV","51","Virginia","059","Fairfax","38.76835","-77.18347"
"10/13/2022","AQS","510590031","1","0.5","ppm","6","Springfield Near Road Site","24","100.0000","42101","Carbon monoxide","093","47900","Washington-Arlington-Alexandria, DC-VA-MD-WV","51","Virginia","059","Fairfax","38.76835","-77.18347"
"10/14/2022","AQS","510590031","1","0.5","ppm","6","Springfield Near Road Site","24","100.0000","42101","Carbon monoxide","093","47900","Washington-Arlington-Alexandria, DC-VA-MD-WV","51","Virginia","059","Fairfax","38.76835","-77.18347"
"10/15/2022","AQS","510590031","1","0.5","ppm","6","Springfield Near Road Site","24","100.0000","42101","Carbon monoxide","093","47900","Washington-Arlington-Alexandria, DC-VA-MD-WV","51","Virginia","059","Fairfax","38.76835","-77.18347"
"10/16/2022","AQS","510590031","1","0.5","ppm","6","Springfield Near Road Site","24","100.0000","42101","Carbon monoxide","093","47900","Washington-Arlington-Alexandria, DC-VA-MD-WV","51","Virginia","059","Fairfax","38.76835","-77.18347"
"10/17/2022","AQS","510590031","1","0.3","ppm","3","Springfield Near Road Site","24","100.0000","42101","Carbon monoxide","093","47900","Washington-Arlington-Alexandria, DC-VA-MD-WV","51","Virginia","059","Fairfax","38.76835","-77.18347"
"10/18/2022","AQS","510590031","1","0.2","ppm","2","Springfield Near Road Site","24","100.0000","42101","Carbon monoxide","093","47900","Washington-Arlington-Alexandria, DC-VA-MD-WV","51","Virginia","059","Fairfax","38.76835","-77.18347"
"10/19/2022","AQS","510590031","1","0.2","ppm","2","Springfield Near Road Site","24","100.0000","42101","Carbon monoxide","093","47900","Washington-Arlington-Alexandria, DC-VA-MD-WV","51","Virginia","059","Fairfax","38.76835","-77.18347"
"10/20/2022","AQS","510590031","1","0.4","ppm","5","Springfield Near Road Site","24","100.0000","42101","Carbon monoxide","093","47900","Washington-Arlington-Alexandria, DC-VA-MD-WV","51","Virginia","059","Fairfax","38.76835","-77.18347"
"10/21/2022","AQS","510590031","1","0.5","ppm","6","Springfield Near Road Site","24","100.0000","42101","Carbon monoxide","093","47900","Washington-Arlington-Alexandria, DC-VA-MD-WV","51","Virginia","059","Fairfax","38.76835","-77.18347"
"10/22/2022","AQS","510590031","1","0.7","ppm","8","Springfield Near Road Site","24","100.0000","42101","Carbon monoxide","093","47900","Washington-Arlington-Alexandria, DC-VA-MD-WV","51","Virginia","059","Fairfax","38.76835","-77.18347"
"10/23/2022","AQS","510590031","1","0.7","ppm","8","Springfield Near Road Site","24","100.0000","42101","Carbon monoxide","093","47900","Washington-Arlington-Alexandria, DC-VA-MD-WV","51","Virginia","059","Fairfax","38.76835","-77.18347"
"10/24/2022","AQS","510590031","1","0.5","ppm","6","Springfield Near Road Site","24","100.0000","42101","Carbon monoxide","093","47900","Washington-Arlington-Alexandria, DC-VA-MD-WV","51","Virginia","059","Fairfax","38.76835","-77.18347"
"10/25/2022","AQS","510590031","1","0.6","ppm","7","Springfield Near Road Site","24","100.0000","42101","Carbon monoxide","093","47900","Washington-Arlington-Alexandria, DC-VA-MD-WV","51","Virginia","059","Fairfax","38.76835","-77.18347"
"10/26/2022","AQS","510590031","1","0.4","ppm","5","Springfield Near Road Site","24","100.0000","42101","Carbon monoxide","093","47900","Washington-Arlington-Alexandria, DC-VA-MD-WV","51","Virginia","059","Fairfax","38.76835","-77.18347"
"10/27/2022","AQS","510590031","1","0.2","ppm","2","Springfield Near Road Site","24","100.0000","42101","Carbon monoxide","093","47900","Washington-Arlington-Alexandria, DC-VA-MD-WV","51","Virginia","059","Fairfax","38.76835","-77.18347"
"10/28/2022","AQS","510590031","1","0.4","ppm","5","Springfield Near Road Site","24","100.0000","42101","Carbon monoxide","093","47900","Washington-Arlington-Alexandria, DC-VA-MD-WV","51","Virginia","059","Fairfax","38.76835","-77.18347"
"10/29/2022","AQS","510590031","1","0.5","ppm","6","Springfield Near Road Site","24","100.0000","42101","Carbon monoxide","093","47900","Washington-Arlington-Alexandria, DC-VA-MD-WV","51","Virginia","059","Fairfax","38.76835","-77.18347"
"10/30/2022","AQS","510590031","1","0.5","ppm","6","Springfield Near Road Site","24","100.0000","42101","Carbon monoxide","093","47900","Washington-Arlington-Alexandria, DC-VA-MD-WV","51","Virginia","059","Fairfax","38.76835","-77.18347"
"10/31/2022","AQS","510590031","1","0.4","ppm","5","Springfield Near Road Site","24","100.0000","42101","Carbon monoxide","093","47900","Washington-Arlington-Alexandria, DC-VA-MD-WV","51","Virginia","059","Fairfax","38.76835","-77.18347"
"11/01/2022","AQS","510590031","1","0.4","ppm","5","Springfield Near Road Site","17","71.0000","42101","Carbon monoxide","093","47900","Washington-Arlington-Alexandria, DC-VA-MD-WV","51","Virginia","059","Fairfax","38.76835","-77.18347"
"11/02/2022","AQS","510590031","1","0.5","ppm","6","Springfield Near Road Site","24","100.0000","42101","Carbon monoxide","093","47900","Washington-Arlington-Alexandria, DC-VA-MD-WV","51","Virginia","059","Fairfax","38.76835","-77.18347"
"11/03/2022","AQS","510590031","1","0.6","ppm","7","Springfield Near Road Site","24","100.0000","42101","Carbon monoxide","093","47900","Washington-Arlington-Alexandria, DC-VA-MD-WV","51","Virginia","059","Fairfax","38.76835","-77.18347"
"11/04/2022","AQS","510590031","1","0.5","ppm","6","Springfield Near Road Site","24","100.0000","42101","Carbon monoxide","093","47900","Washington-Arlington-Alexandria, DC-VA-MD-WV","51","Virginia","059","Fairfax","38.76835","-77.18347"
"11/05/2022","AQS","510590031","1","0.4","ppm","5","Springfield Near Road Site","24","100.0000","42101","Carbon monoxide","093","47900","Washington-Arlington-Alexandria, DC-VA-MD-WV","51","Virginia","059","Fairfax","38.76835","-77.18347"
"11/06/2022","AQS","510590031","1","0.3","ppm","3","Springfield Near Road Site","24","100.0000","42101","Carbon monoxide","093","47900","Washington-Arlington-Alexandria, DC-VA-MD-WV","51","Virginia","059","Fairfax","38.76835","-77.18347"
"11/07/2022","AQS","510590031","1","0.2","ppm","2","Springfield Near Road Site","24","100.0000","42101","Carbon monoxide","093","47900","Washington-Arlington-Alexandria, DC-VA-MD-WV","51","Virginia","059","Fairfax","38.76835","-77.18347"
"11/08/2022","AQS","510590031","1","0.3","ppm","3","Springfield Near Road Site","24","100.0000","42101","Carbon monoxide","093","47900","Washington-Arlington-Alexandria, DC-VA-MD-WV","51","Virginia","059","Fairfax","38.76835","-77.18347"
"11/09/2022","AQS","510590031","1","0.4","ppm","5","Springfield Near Road Site","24","100.0000","42101","Carbon monoxide","093","47900","Washington-Arlington-Alexandria, DC-VA-MD-WV","51","Virginia","059","Fairfax","38.76835","-77.18347"
"11/10/2022","AQS","510590031","1","0.6","ppm","7","Springfield Near Road Site","24","100.0000","42101","Carbon monoxide","093","47900","Washington-Arlington-Alexandria, DC-VA-MD-WV","51","Virginia","059","Fairfax","38.76835","-77.18347"
"11/11/2022","AQS","510590031","1","0.5","ppm","6","Springfield Near Road Site","24","100.0000","42101","Carbon monoxide","093","47900","Washington-Arlington-Alexandria, DC-VA-MD-WV","51","Virginia","059","Fairfax","38.76835","-77.18347"
"11/12/2022","AQS","510590031","1","0.5","ppm","6","Springfield Near Road Site","24","100.0000","42101","Carbon monoxide","093","47900","Washington-Arlington-Alexandria, DC-VA-MD-WV","51","Virginia","059","Fairfax","38.76835","-77.18347"
"11/13/2022","AQS","510590031","1","0.4","ppm","5","Springfield Near Road Site","24","100.0000","42101","Carbon monoxide","093","47900","Washington-Arlington-Alexandria, DC-VA-MD-WV","51","Virginia","059","Fairfax","38.76835","-77.18347"
"11/14/2022","AQS","510590031","1","0.4","ppm","5","Springfield Near Road Site","24","100.0000","42101","Carbon monoxide","093","47900","Washington-Arlington-Alexandria, DC-VA-MD-WV","51","Virginia","059","Fairfax","38.76835","-77.18347"
"11/15/2022","AQS","510590031","1","0.5","ppm","6","Springfield Near Road Site","24","100.0000","42101","Carbon monoxide","093","47900","Washington-Arlington-Alexandria, DC-VA-MD-WV","51","Virginia","059","Fairfax","38.76835","-77.18347"
"11/16/2022","AQS","510590031","1","0.3","ppm","3","Springfield Near Road Site","24","100.0000","42101","Carbon monoxide","093","47900","Washington-Arlington-Alexandria, DC-VA-MD-WV","51","Virginia","059","Fairfax","38.76835","-77.18347"
"11/17/2022","AQS","510590031","1","0.2","ppm","2","Springfield Near Road Site","24","100.0000","42101","Carbon monoxide","093","47900","Washington-Arlington-Alexandria, DC-VA-MD-WV","51","Virginia","059","Fairfax","38.76835","-77.18347"
"11/18/2022","AQS","510590031","1","0.2","ppm","2","Springfield Near Road Site","24","100.0000","42101","Carbon monoxide","093","47900","Washington-Arlington-Alexandria, DC-VA-MD-WV","51","Virginia","059","Fairfax","38.76835","-77.18347"
"11/19/2022","AQS","510590031","1","0.5","ppm","6","Springfield Near Road Site","24","100.0000","42101","Carbon monoxide","093","47900","Washington-Arlington-Alexandria, DC-VA-MD-WV","51","Virginia","059","Fairfax","38.76835","-77.18347"
"11/20/2022","AQS","510590031","1","0.5","ppm","6","Springfield Near Road Site","24","100.0000","42101","Carbon monoxide","093","47900","Washington-Arlington-Alexandria, DC-VA-MD-WV","51","Virginia","059","Fairfax","38.76835","-77.18347"
"11/21/2022","AQS","510590031","1","0.4","ppm","5","Springfield Near Road Site","24","100.0000","42101","Carbon monoxide","093","47900","Washington-Arlington-Alexandria, DC-VA-MD-WV","51","Virginia","059","Fairfax","38.76835","-77.18347"
"11/22/2022","AQS","510590031","1","0.6","ppm","7","Springfield Near Road Site","24","100.0000","42101","Carbon monoxide","093","47900","Washington-Arlington-Alexandria, DC-VA-MD-WV","51","Virginia","059","Fairfax","38.76835","-77.18347"
"11/23/2022","AQS","510590031","1","1","ppm","11","Springfield Near Road Site","24","100.0000","42101","Carbon monoxide","093","47900","Washington-Arlington-Alexandria, DC-VA-MD-WV","51","Virginia","059","Fairfax","38.76835","-77.18347"
"11/24/2022","AQS","510590031","1","1.1","ppm","13","Springfield Near Road Site","24","100.0000","42101","Carbon monoxide","093","47900","Washington-Arlington-Alexandria, DC-VA-MD-WV","51","Virginia","059","Fairfax","38.76835","-77.18347"
"11/25/2022","AQS","510590031","1","0.4","ppm","5","Springfield Near Road Site","24","100.0000","42101","Carbon monoxide","093","47900","Washington-Arlington-Alexandria, DC-VA-MD-WV","51","Virginia","059","Fairfax","38.76835","-77.18347"
"11/26/2022","AQS","510590031","1","0.6","ppm","7","Springfield Near Road Site","24","100.0000","42101","Carbon monoxide","093","47900","Washington-Arlington-Alexandria, DC-VA-MD-WV","51","Virginia","059","Fairfax","38.76835","-77.18347"
"11/27/2022","AQS","510590031","1","0.6","ppm","7","Springfield Near Road Site","24","100.0000","42101","Carbon monoxide","093","47900","Washington-Arlington-Alexandria, DC-VA-MD-WV","51","Virginia","059","Fairfax","38.76835","-77.18347"
"11/28/2022","AQS","510590031","1","0.2","ppm","2","Springfield Near Road Site","24","100.0000","42101","Carbon monoxide","093","47900","Washington-Arlington-Alexandria, DC-VA-MD-WV","51","Virginia","059","Fairfax","38.76835","-77.18347"
"11/29/2022","AQS","510590031","1","0.4","ppm","5","Springfield Near Road Site","24","100.0000","42101","Carbon monoxide","093","47900","Washington-Arlington-Alexandria, DC-VA-MD-WV","51","Virginia","059","Fairfax","38.76835","-77.18347"
"11/30/2022","AQS","510590031","1","0.3","ppm","3","Springfield Near Road Site","24","100.0000","42101","Carbon monoxide","093","47900","Washington-Arlington-Alexandria, DC-VA-MD-WV","51","Virginia","059","Fairfax","38.76835","-77.18347"
"12/01/2022","AQS","510590031","1","0.3","ppm","3","Springfield Near Road Site","24","100.0000","42101","Carbon monoxide","093","47900","Washington-Arlington-Alexandria, DC-VA-MD-WV","51","Virginia","059","Fairfax","38.76835","-77.18347"
"12/02/2022","AQS","510590031","1","0.5","ppm","6","Springfield Near Road Site","24","100.0000","42101","Carbon monoxide","093","47900","Washington-Arlington-Alexandria, DC-VA-MD-WV","51","Virginia","059","Fairfax","38.76835","-77.18347"
"12/03/2022","AQS","510590031","1","0.4","ppm","5","Springfield Near Road Site","24","100.0000","42101","Carbon monoxide","093","47900","Washington-Arlington-Alexandria, DC-VA-MD-WV","51","Virginia","059","Fairfax","38.76835","-77.18347"
"12/04/2022","AQS","510590031","1","0.5","ppm","6","Springfield Near Road Site","24","100.0000","42101","Carbon monoxide","093","47900","Washington-Arlington-Alexandria, DC-VA-MD-WV","51","Virginia","059","Fairfax","38.76835","-77.18347"
"12/05/2022","AQS","510590031","1","0.7","ppm","8","Springfield Near Road Site","24","100.0000","42101","Carbon monoxide","093","47900","Washington-Arlington-Alexandria, DC-VA-MD-WV","51","Virginia","059","Fairfax","38.76835","-77.18347"
"12/06/2022","AQS","510590031","1","0.6","ppm","7","Springfield Near Road Site","24","100.0000","42101","Carbon monoxide","093","47900","Washington-Arlington-Alexandria, DC-VA-MD-WV","51","Virginia","059","Fairfax","38.76835","-77.18347"
"12/07/2022","AQS","510590031","1","0.5","ppm","6","Springfield Near Road Site","24","100.0000","42101","Carbon monoxide","093","47900","Washington-Arlington-Alexandria, DC-VA-MD-WV","51","Virginia","059","Fairfax","38.76835","-77.18347"
"12/08/2022","AQS","510590031","1","0.5","ppm","6","Springfield Near Road Site","24","100.0000","42101","Carbon monoxide","093","47900","Washington-Arlington-Alexandria, DC-VA-MD-WV","51","Virginia","059","Fairfax","38.76835","-77.18347"
"12/09/2022","AQS","510590031","1","0.7","ppm","8","Springfield Near Road Site","24","100.0000","42101","Carbon monoxide","093","47900","Washington-Arlington-Alexandria, DC-VA-MD-WV","51","Virginia","059","Fairfax","38.76835","-77.18347"
"12/10/2022","AQS","510590031","1","0.7","ppm","8","Springfield Near Road Site","24","100.0000","42101","Carbon monoxide","093","47900","Washington-Arlington-Alexandria, DC-VA-MD-WV","51","Virginia","059","Fairfax","38.76835","-77.18347"
"12/11/2022","AQS","510590031","1","0.5","ppm","6","Springfield Near Road Site","24","100.0000","42101","Carbon monoxide","093","47900","Washington-Arlington-Alexandria, DC-VA-MD-WV","51","Virginia","059","Fairfax","38.76835","-77.18347"
"12/12/2022","AQS","510590031","1","0.5","ppm","6","Springfield Near Road Site","24","100.0000","42101","Carbon monoxide","093","47900","Washington-Arlington-Alexandria, DC-VA-MD-WV","51","Virginia","059","Fairfax","38.76835","-77.18347"
"12/13/2022","AQS","510590031","1","0.6","ppm","7","Springfield Near Road Site","24","100.0000","42101","Carbon monoxide","093","47900","Washington-Arlington-Alexandria, DC-VA-MD-WV","51","Virginia","059","Fairfax","38.76835","-77.18347"
"12/14/2022","AQS","510590031","1","0.6","ppm","7","Springfield Near Road Site","24","100.0000","42101","Carbon monoxide","093","47900","Washington-Arlington-Alexandria, DC-VA-MD-WV","51","Virginia","059","Fairfax","38.76835","-77.18347"
"12/15/2022","AQS","510590031","1","0.4","ppm","5","Springfield Near Road Site","24","100.0000","42101","Carbon monoxide","093","47900","Washington-Arlington-Alexandria, DC-VA-MD-WV","51","Virginia","059","Fairfax","38.76835","-77.18347"
"12/16/2022","AQS","510590031","1","0.3","ppm","3","Springfield Near Road Site","24","100.0000","42101","Carbon monoxide","093","47900","Washington-Arlington-Alexandria, DC-VA-MD-WV","51","Virginia","059","Fairfax","38.76835","-77.18347"
"12/17/2022","AQS","510590031","1","0.3","ppm","3","Springfield Near Road Site","24","100.0000","42101","Carbon monoxide","093","47900","Washington-Arlington-Alexandria, DC-VA-MD-WV","51","Virginia","059","Fairfax","38.76835","-77.18347"
"12/18/2022","AQS","510590031","1","0.4","ppm","5","Springfield Near Road Site","24","100.0000","42101","Carbon monoxide","093","47900","Washington-Arlington-Alexandria, DC-VA-MD-WV","51","Virginia","059","Fairfax","38.76835","-77.18347"
"12/19/2022","AQS","510590031","1","0.1","ppm","1","Springfield Near Road Site","21","88.0000","42101","Carbon monoxide","093","47900","Washington-Arlington-Alexandria, DC-VA-MD-WV","51","Virginia","059","Fairfax","38.76835","-77.18347"
"12/20/2022","AQS","510590031","1","0.4","ppm","5","Springfield Near Road Site","24","100.0000","42101","Carbon monoxide","093","47900","Washington-Arlington-Alexandria, DC-VA-MD-WV","51","Virginia","059","Fairfax","38.76835","-77.18347"
"12/21/2022","AQS","510590031","1","0.6","ppm","7","Springfield Near Road Site","24","100.0000","42101","Carbon monoxide","093","47900","Washington-Arlington-Alexandria, DC-VA-MD-WV","51","Virginia","059","Fairfax","38.76835","-77.18347"
"12/22/2022","AQS","510590031","1","0.4","ppm","5","Springfield Near Road Site","24","100.0000","42101","Carbon monoxide","093","47900","Washington-Arlington-Alexandria, DC-VA-MD-WV","51","Virginia","059","Fairfax","38.76835","-77.18347"
"12/23/2022","AQS","510590031","1","0.3","ppm","3","Springfield Near Road Site","24","100.0000","42101","Carbon monoxide","093","47900","Washington-Arlington-Alexandria, DC-VA-MD-WV","51","Virginia","059","Fairfax","38.76835","-77.18347"
"12/24/2022","AQS","510590031","1","0.2","ppm","2","Springfield Near Road Site","24","100.0000","42101","Carbon monoxide","093","47900","Washington-Arlington-Alexandria, DC-VA-MD-WV","51","Virginia","059","Fairfax","38.76835","-77.18347"
"12/25/2022","AQS","510590031","1","0.4","ppm","5","Springfield Near Road Site","24","100.0000","42101","Carbon monoxide","093","47900","Washington-Arlington-Alexandria, DC-VA-MD-WV","51","Virginia","059","Fairfax","38.76835","-77.18347"
"12/26/2022","AQS","510590031","1","0.4","ppm","5","Springfield Near Road Site","24","100.0000","42101","Carbon monoxide","093","47900","Washington-Arlington-Alexandria, DC-VA-MD-WV","51","Virginia","059","Fairfax","38.76835","-77.18347"
"12/27/2022","AQS","510590031","1","0.5","ppm","6","Springfield Near Road Site","24","100.0000","42101","Carbon monoxide","093","47900","Washington-Arlington-Alexandria, DC-VA-MD-WV","51","Virginia","059","Fairfax","38.76835","-77.18347"
"12/28/2022","AQS","510590031","1","0.6","ppm","7","Springfield Near Road Site","24","100.0000","42101","Carbon monoxide","093","47900","Washington-Arlington-Alexandria, DC-VA-MD-WV","51","Virginia","059","Fairfax","38.76835","-77.18347"
"12/29/2022","AQS","510590031","1","0.5","ppm","6","Springfield Near Road Site","24","100.0000","42101","Carbon monoxide","093","47900","Washington-Arlington-Alexandria, DC-VA-MD-WV","51","Virginia","059","Fairfax","38.76835","-77.18347"
"12/30/2022","AQS","510590031","1","0.6","ppm","7","Springfield Near Road Site","24","100.0000","42101","Carbon monoxide","093","47900","Washington-Arlington-Alexandria, DC-VA-MD-WV","51","Virginia","059","Fairfax","38.76835","-77.18347"
"12/31/2022","AQS","510590031","1","0.6","ppm","7","Springfield Near Road Site","24","100.0000","42101","Carbon monoxide","093","47900","Washington-Arlington-Alexandria, DC-VA-MD-WV","51","Virginia","059","Fairfax","38.76835","-77.18347"
"01/03/2022","AQS","510870014","1","0.2","ppm","2","MathScience Innovation Center","8","33.0000","42101","Carbon monoxide","554","40060","Richmond, VA","51","Virginia","087","Henrico","37.556520000912","-77.40027"
"01/04/2022","AQS","510870014","1","0.3","ppm","3","MathScience Innovation Center","24","100.0000","42101","Carbon monoxide","554","40060","Richmond, VA","51","Virginia","087","Henrico","37.556520000912","-77.40027"
"01/05/2022","AQS","510870014","1","0.4","ppm","5","MathScience Innovation Center","21","88.0000","42101","Carbon monoxide","554","40060","Richmond, VA","51","Virginia","087","Henrico","37.556520000912","-77.40027"
"01/06/2022","AQS","510870014","1","0.4","ppm","5","MathScience Innovation Center","24","100.0000","42101","Carbon monoxide","554","40060","Richmond, VA","51","Virginia","087","Henrico","37.556520000912","-77.40027"
"01/07/2022","AQS","510870014","1","0.2","ppm","2","MathScience Innovation Center","24","100.0000","42101","Carbon monoxide","554","40060","Richmond, VA","51","Virginia","087","Henrico","37.556520000912","-77.40027"
"01/08/2022","AQS","510870014","1","0.3","ppm","3","MathScience Innovation Center","24","100.0000","42101","Carbon monoxide","554","40060","Richmond, VA","51","Virginia","087","Henrico","37.556520000912","-77.40027"
"01/09/2022","AQS","510870014","1","0.3","ppm","3","MathScience Innovation Center","24","100.0000","42101","Carbon monoxide","554","40060","Richmond, VA","51","Virginia","087","Henrico","37.556520000912","-77.40027"
"01/10/2022","AQS","510870014","1","0.3","ppm","3","MathScience Innovation Center","24","100.0000","42101","Carbon monoxide","554","40060","Richmond, VA","51","Virginia","087","Henrico","37.556520000912","-77.40027"
"01/11/2022","AQS","510870014","1","0.2","ppm","2","MathScience Innovation Center","22","92.0000","42101","Carbon monoxide","554","40060","Richmond, VA","51","Virginia","087","Henrico","37.556520000912","-77.40027"
"01/12/2022","AQS","510870014","1","0.4","ppm","5","MathScience Innovation Center","24","100.0000","42101","Carbon monoxide","554","40060","Richmond, VA","51","Virginia","087","Henrico","37.556520000912","-77.40027"
"01/13/2022","AQS","510870014","1","0.6","ppm","7","MathScience Innovation Center","24","100.0000","42101","Carbon monoxide","554","40060","Richmond, VA","51","Virginia","087","Henrico","37.556520000912","-77.40027"
"01/14/2022","AQS","510870014","1","0.3","ppm","3","MathScience Innovation Center","24","100.0000","42101","Carbon monoxide","554","40060","Richmond, VA","51","Virginia","087","Henrico","37.556520000912","-77.40027"
"01/15/2022","AQS","510870014","1","0.2","ppm","2","MathScience Innovation Center","24","100.0000","42101","Carbon monoxide","554","40060","Richmond, VA","51","Virginia","087","Henrico","37.556520000912","-77.40027"
"01/16/2022","AQS","510870014","1","0.2","ppm","2","MathScience Innovation Center","24","100.0000","42101","Carbon monoxide","554","40060","Richmond, VA","51","Virginia","087","Henrico","37.556520000912","-77.40027"
"01/17/2022","AQS","510870014","1","0.3","ppm","3","MathScience Innovation Center","24","100.0000","42101","Carbon monoxide","554","40060","Richmond, VA","51","Virginia","087","Henrico","37.556520000912","-77.40027"
"01/18/2022","AQS","510870014","1","0.5","ppm","6","MathScience Innovation Center","24","100.0000","42101","Carbon monoxide","554","40060","Richmond, VA","51","Virginia","087","Henrico","37.556520000912","-77.40027"
"01/19/2022","AQS","510870014","1","0.6","ppm","7","MathScience Innovation Center","24","100.0000","42101","Carbon monoxide","554","40060","Richmond, VA","51","Virginia","087","Henrico","37.556520000912","-77.40027"
"01/20/2022","AQS","510870014","1","0.3","ppm","3","MathScience Innovation Center","24","100.0000","42101","Carbon monoxide","554","40060","Richmond, VA","51","Virginia","087","Henrico","37.556520000912","-77.40027"
"01/21/2022","AQS","510870014","1","0.2","ppm","2","MathScience Innovation Center","24","100.0000","42101","Carbon monoxide","554","40060","Richmond, VA","51","Virginia","087","Henrico","37.556520000912","-77.40027"
"01/22/2022","AQS","510870014","1","0.5","ppm","6","MathScience Innovation Center","24","100.0000","42101","Carbon monoxide","554","40060","Richmond, VA","51","Virginia","087","Henrico","37.556520000912","-77.40027"
"01/23/2022","AQS","510870014","1","0.6","ppm","7","MathScience Innovation Center","24","100.0000","42101","Carbon monoxide","554","40060","Richmond, VA","51","Virginia","087","Henrico","37.556520000912","-77.40027"
"01/24/2022","AQS","510870014","1","0.6","ppm","7","MathScience Innovation Center","24","100.0000","42101","Carbon monoxide","554","40060","Richmond, VA","51","Virginia","087","Henrico","37.556520000912","-77.40027"
"01/25/2022","AQS","510870014","1","0.4","ppm","5","MathScience Innovation Center","24","100.0000","42101","Carbon monoxide","554","40060","Richmond, VA","51","Virginia","087","Henrico","37.556520000912","-77.40027"
"01/26/2022","AQS","510870014","1","0.2","ppm","2","MathScience Innovation Center","24","100.0000","42101","Carbon monoxide","554","40060","Richmond, VA","51","Virginia","087","Henrico","37.556520000912","-77.40027"
"01/27/2022","AQS","510870014","1","0.4","ppm","5","MathScience Innovation Center","24","100.0000","42101","Carbon monoxide","554","40060","Richmond, VA","51","Virginia","087","Henrico","37.556520000912","-77.40027"
"01/28/2022","AQS","510870014","1","0.4","ppm","5","MathScience Innovation Center","24","100.0000","42101","Carbon monoxide","554","40060","Richmond, VA","51","Virginia","087","Henrico","37.556520000912","-77.40027"
"01/29/2022","AQS","510870014","1","0.2","ppm","2","MathScience Innovation Center","24","100.0000","42101","Carbon monoxide","554","40060","Richmond, VA","51","Virginia","087","Henrico","37.556520000912","-77.40027"
"01/30/2022","AQS","510870014","1","0.3","ppm","3","MathScience Innovation Center","24","100.0000","42101","Carbon monoxide","554","40060","Richmond, VA","51","Virginia","087","Henrico","37.556520000912","-77.40027"
"01/31/2022","AQS","510870014","1","0.3","ppm","3","MathScience Innovation Center","15","63.0000","42101","Carbon monoxide","554","40060","Richmond, VA","51","Virginia","087","Henrico","37.556520000912","-77.40027"
"02/02/2022","AQS","510870014","1","0.3","ppm","3","MathScience Innovation Center","8","33.0000","42101","Carbon monoxide","554","40060","Richmond, VA","51","Virginia","087","Henrico","37.556520000912","-77.40027"
"02/03/2022","AQS","510870014","1","0.3","ppm","3","MathScience Innovation Center","24","100.0000","42101","Carbon monoxide","554","40060","Richmond, VA","51","Virginia","087","Henrico","37.556520000912","-77.40027"
"02/04/2022","AQS","510870014","1","0.3","ppm","3","MathScience Innovation Center","24","100.0000","42101","Carbon monoxide","554","40060","Richmond, VA","51","Virginia","087","Henrico","37.556520000912","-77.40027"
"02/05/2022","AQS","510870014","1","0.2","ppm","2","MathScience Innovation Center","24","100.0000","42101","Carbon monoxide","554","40060","Richmond, VA","51","Virginia","087","Henrico","37.556520000912","-77.40027"
"02/06/2022","AQS","510870014","1","0.2","ppm","2","MathScience Innovation Center","24","100.0000","42101","Carbon monoxide","554","40060","Richmond, VA","51","Virginia","087","Henrico","37.556520000912","-77.40027"
"02/07/2022","AQS","510870014","1","0.2","ppm","2","MathScience Innovation Center","23","96.0000","42101","Carbon monoxide","554","40060","Richmond, VA","51","Virginia","087","Henrico","37.556520000912","-77.40027"
"02/08/2022","AQS","510870014","1","0.4","ppm","5","MathScience Innovation Center","24","100.0000","42101","Carbon monoxide","554","40060","Richmond, VA","51","Virginia","087","Henrico","37.556520000912","-77.40027"
"02/09/2022","AQS","510870014","1","0.5","ppm","6","MathScience Innovation Center","24","100.0000","42101","Carbon monoxide","554","40060","Richmond, VA","51","Virginia","087","Henrico","37.556520000912","-77.40027"
"02/10/2022","AQS","510870014","1","0.6","ppm","7","MathScience Innovation Center","22","92.0000","42101","Carbon monoxide","554","40060","Richmond, VA","51","Virginia","087","Henrico","37.556520000912","-77.40027"
"02/11/2022","AQS","510870014","1","0.7","ppm","8","MathScience Innovation Center","24","100.0000","42101","Carbon monoxide","554","40060","Richmond, VA","51","Virginia","087","Henrico","37.556520000912","-77.40027"
"02/12/2022","AQS","510870014","1","0.3","ppm","3","MathScience Innovation Center","24","100.0000","42101","Carbon monoxide","554","40060","Richmond, VA","51","Virginia","087","Henrico","37.556520000912","-77.40027"
"02/13/2022","AQS","510870014","1","0.3","ppm","3","MathScience Innovation Center","24","100.0000","42101","Carbon monoxide","554","40060","Richmond, VA","51","Virginia","087","Henrico","37.556520000912","-77.40027"
"02/14/2022","AQS","510870014","1","0.3","ppm","3","MathScience Innovation Center","24","100.0000","42101","Carbon monoxide","554","40060","Richmond, VA","51","Virginia","087","Henrico","37.556520000912","-77.40027"
"02/15/2022","AQS","510870014","1","0.3","ppm","3","MathScience Innovation Center","24","100.0000","42101","Carbon monoxide","554","40060","Richmond, VA","51","Virginia","087","Henrico","37.556520000912","-77.40027"
"02/16/2022","AQS","510870014","1","0.4","ppm","5","MathScience Innovation Center","24","100.0000","42101","Carbon monoxide","554","40060","Richmond, VA","51","Virginia","087","Henrico","37.556520000912","-77.40027"
"02/17/2022","AQS","510870014","1","0.3","ppm","3","MathScience Innovation Center","24","100.0000","42101","Carbon monoxide","554","40060","Richmond, VA","51","Virginia","087","Henrico","37.556520000912","-77.40027"
"02/18/2022","AQS","510870014","1","0.2","ppm","2","MathScience Innovation Center","24","100.0000","42101","Carbon monoxide","554","40060","Richmond, VA","51","Virginia","087","Henrico","37.556520000912","-77.40027"
"02/19/2022","AQS","510870014","1","0.3","ppm","3","MathScience Innovation Center","24","100.0000","42101","Carbon monoxide","554","40060","Richmond, VA","51","Virginia","087","Henrico","37.556520000912","-77.40027"
"02/20/2022","AQS","510870014","1","0.2","ppm","2","MathScience Innovation Center","24","100.0000","42101","Carbon monoxide","554","40060","Richmond, VA","51","Virginia","087","Henrico","37.556520000912","-77.40027"
"02/21/2022","AQS","510870014","1","0.3","ppm","3","MathScience Innovation Center","24","100.0000","42101","Carbon monoxide","554","40060","Richmond, VA","51","Virginia","087","Henrico","37.556520000912","-77.40027"
"02/22/2022","AQS","510870014","1","0.3","ppm","3","MathScience Innovation Center","24","100.0000","42101","Carbon monoxide","554","40060","Richmond, VA","51","Virginia","087","Henrico","37.556520000912","-77.40027"
"02/23/2022","AQS","510870014","1","0.3","ppm","3","MathScience Innovation Center","24","100.0000","42101","Carbon monoxide","554","40060","Richmond, VA","51","Virginia","087","Henrico","37.556520000912","-77.40027"
"02/24/2022","AQS","510870014","1","0.3","ppm","3","MathScience Innovation Center","24","100.0000","42101","Carbon monoxide","554","40060","Richmond, VA","51","Virginia","087","Henrico","37.556520000912","-77.40027"
"02/25/2022","AQS","510870014","1","0.3","ppm","3","MathScience Innovation Center","24","100.0000","42101","Carbon monoxide","554","40060","Richmond, VA","51","Virginia","087","Henrico","37.556520000912","-77.40027"
"02/26/2022","AQS","510870014","1","0.3","ppm","3","MathScience Innovation Center","24","100.0000","42101","Carbon monoxide","554","40060","Richmond, VA","51","Virginia","087","Henrico","37.556520000912","-77.40027"
"02/27/2022","AQS","510870014","1","0.3","ppm","3","MathScience Innovation Center","24","100.0000","42101","Carbon monoxide","554","40060","Richmond, VA","51","Virginia","087","Henrico","37.556520000912","-77.40027"
"02/28/2022","AQS","510870014","1","0.3","ppm","3","MathScience Innovation Center","24","100.0000","42101","Carbon monoxide","554","40060","Richmond, VA","51","Virginia","087","Henrico","37.556520000912","-77.40027"
"03/01/2022","AQS","510870014","1","0.4","ppm","5","MathScience Innovation Center","24","100.0000","42101","Carbon monoxide","554","40060","Richmond, VA","51","Virginia","087","Henrico","37.556520000912","-77.40027"
"03/02/2022","AQS","510870014","1","0.4","ppm","5","MathScience Innovation Center","24","100.0000","42101","Carbon monoxide","554","40060","Richmond, VA","51","Virginia","087","Henrico","37.556520000912","-77.40027"
"03/03/2022","AQS","510870014","1","0.4","ppm","5","MathScience Innovation Center","24","100.0000","42101","Carbon monoxide","554","40060","Richmond, VA","51","Virginia","087","Henrico","37.556520000912","-77.40027"
"03/04/2022","AQS","510870014","1","0.2","ppm","2","MathScience Innovation Center","24","100.0000","42101","Carbon monoxide","554","40060","Richmond, VA","51","Virginia","087","Henrico","37.556520000912","-77.40027"
"03/05/2022","AQS","510870014","1","0.3","ppm","3","MathScience Innovation Center","24","100.0000","42101","Carbon monoxide","554","40060","Richmond, VA","51","Virginia","087","Henrico","37.556520000912","-77.40027"
"03/06/2022","AQS","510870014","1","0.3","ppm","3","MathScience Innovation Center","24","100.0000","42101","Carbon monoxide","554","40060","Richmond, VA","51","Virginia","087","Henrico","37.556520000912","-77.40027"
"03/07/2022","AQS","510870014","1","0.3","ppm","3","MathScience Innovation Center","24","100.0000","42101","Carbon monoxide","554","40060","Richmond, VA","51","Virginia","087","Henrico","37.556520000912","-77.40027"
"03/08/2022","AQS","510870014","1","0.3","ppm","3","MathScience Innovation Center","24","100.0000","42101","Carbon monoxide","554","40060","Richmond, VA","51","Virginia","087","Henrico","37.556520000912","-77.40027"
"03/09/2022","AQS","510870014","1","0.2","ppm","2","MathScience Innovation Center","24","100.0000","42101","Carbon monoxide","554","40060","Richmond, VA","51","Virginia","087","Henrico","37.556520000912","-77.40027"
"03/10/2022","AQS","510870014","1","0.3","ppm","3","MathScience Innovation Center","24","100.0000","42101","Carbon monoxide","554","40060","Richmond, VA","51","Virginia","087","Henrico","37.556520000912","-77.40027"
"03/11/2022","AQS","510870014","1","0.5","ppm","6","MathScience Innovation Center","24","100.0000","42101","Carbon monoxide","554","40060","Richmond, VA","51","Virginia","087","Henrico","37.556520000912","-77.40027"
"03/12/2022","AQS","510870014","1","0.3","ppm","3","MathScience Innovation Center","24","100.0000","42101","Carbon monoxide","554","40060","Richmond, VA","51","Virginia","087","Henrico","37.556520000912","-77.40027"
"03/13/2022","AQS","510870014","1","0.2","ppm","2","MathScience Innovation Center","24","100.0000","42101","Carbon monoxide","554","40060","Richmond, VA","51","Virginia","087","Henrico","37.556520000912","-77.40027"
"03/14/2022","AQS","510870014","1","0.3","ppm","3","MathScience Innovation Center","18","75.0000","42101","Carbon monoxide","554","40060","Richmond, VA","51","Virginia","087","Henrico","37.556520000912","-77.40027"
"03/15/2022","AQS","510870014","1","0.5","ppm","6","MathScience Innovation Center","24","100.0000","42101","Carbon monoxide","554","40060","Richmond, VA","51","Virginia","087","Henrico","37.556520000912","-77.40027"
"03/16/2022","AQS","510870014","1","0.5","ppm","6","MathScience Innovation Center","17","71.0000","42101","Carbon monoxide","554","40060","Richmond, VA","51","Virginia","087","Henrico","37.556520000912","-77.40027"
"03/17/2022","AQS","510870014","1","0.5","ppm","6","MathScience Innovation Center","24","100.0000","42101","Carbon monoxide","554","40060","Richmond, VA","51","Virginia","087","Henrico","37.556520000912","-77.40027"
"03/18/2022","AQS","510870014","1","0.7","ppm","8","MathScience Innovation Center","21","88.0000","42101","Carbon monoxide","554","40060","Richmond, VA","51","Virginia","087","Henrico","37.556520000912","-77.40027"
"03/19/2022","AQS","510870014","1","0.2","ppm","2","MathScience Innovation Center","24","100.0000","42101","Carbon monoxide","554","40060","Richmond, VA","51","Virginia","087","Henrico","37.556520000912","-77.40027"
"03/20/2022","AQS","510870014","1","0.2","ppm","2","MathScience Innovation Center","24","100.0000","42101","Carbon monoxide","554","40060","Richmond, VA","51","Virginia","087","Henrico","37.556520000912","-77.40027"
"03/21/2022","AQS","510870014","1","0.3","ppm","3","MathScience Innovation Center","22","92.0000","42101","Carbon monoxide","554","40060","Richmond, VA","51","Virginia","087","Henrico","37.556520000912","-77.40027"
"03/22/2022","AQS","510870014","1","0.3","ppm","3","MathScience Innovation Center","24","100.0000","42101","Carbon monoxide","554","40060","Richmond, VA","51","Virginia","087","Henrico","37.556520000912","-77.40027"
"03/23/2022","AQS","510870014","1","0.3","ppm","3","MathScience Innovation Center","24","100.0000","42101","Carbon monoxide","554","40060","Richmond, VA","51","Virginia","087","Henrico","37.556520000912","-77.40027"
"03/24/2022","AQS","510870014","1","0.3","ppm","3","MathScience Innovation Center","22","92.0000","42101","Carbon monoxide","554","40060","Richmond, VA","51","Virginia","087","Henrico","37.556520000912","-77.40027"
"03/25/2022","AQS","510870014","1","0.2","ppm","2","MathScience Innovation Center","24","100.0000","42101","Carbon monoxide","554","40060","Richmond, VA","51","Virginia","087","Henrico","37.556520000912","-77.40027"
"03/26/2022","AQS","510870014","1","0.1","ppm","1","MathScience Innovation Center","24","100.0000","42101","Carbon monoxide","554","40060","Richmond, VA","51","Virginia","087","Henrico","37.556520000912","-77.40027"
"03/27/2022","AQS","510870014","1","0.1","ppm","1","MathScience Innovation Center","24","100.0000","42101","Carbon monoxide","554","40060","Richmond, VA","51","Virginia","087","Henrico","37.556520000912","-77.40027"
"03/28/2022","AQS","510870014","1","0.1","ppm","1","MathScience Innovation Center","24","100.0000","42101","Carbon monoxide","554","40060","Richmond, VA","51","Virginia","087","Henrico","37.556520000912","-77.40027"
"03/29/2022","AQS","510870014","1","0.3","ppm","3","MathScience Innovation Center","24","100.0000","42101","Carbon monoxide","554","40060","Richmond, VA","51","Virginia","087","Henrico","37.556520000912","-77.40027"
"03/30/2022","AQS","510870014","1","0.3","ppm","3","MathScience Innovation Center","24","100.0000","42101","Carbon monoxide","554","40060","Richmond, VA","51","Virginia","087","Henrico","37.556520000912","-77.40027"
"03/31/2022","AQS","510870014","1","0.3","ppm","3","MathScience Innovation Center","24","100.0000","42101","Carbon monoxide","554","40060","Richmond, VA","51","Virginia","087","Henrico","37.556520000912","-77.40027"
"04/01/2022","AQS","510870014","1","0.2","ppm","2","MathScience Innovation Center","24","100.0000","42101","Carbon monoxide","554","40060","Richmond, VA","51","Virginia","087","Henrico","37.556520000912","-77.40027"
"04/02/2022","AQS","510870014","1","0.2","ppm","2","MathScience Innovation Center","24","100.0000","42101","Carbon monoxide","554","40060","Richmond, VA","51","Virginia","087","Henrico","37.556520000912","-77.40027"
"04/03/2022","AQS","510870014","1","0.2","ppm","2","MathScience Innovation Center","24","100.0000","42101","Carbon monoxide","554","40060","Richmond, VA","51","Virginia","087","Henrico","37.556520000912","-77.40027"
"04/04/2022","AQS","510870014","1","0.2","ppm","2","MathScience Innovation Center","24","100.0000","42101","Carbon monoxide","554","40060","Richmond, VA","51","Virginia","087","Henrico","37.556520000912","-77.40027"
"04/05/2022","AQS","510870014","1","0.2","ppm","2","MathScience Innovation Center","21","88.0000","42101","Carbon monoxide","554","40060","Richmond, VA","51","Virginia","087","Henrico","37.556520000912","-77.40027"
"04/06/2022","AQS","510870014","1","0.2","ppm","2","MathScience Innovation Center","24","100.0000","42101","Carbon monoxide","554","40060","Richmond, VA","51","Virginia","087","Henrico","37.556520000912","-77.40027"
"04/07/2022","AQS","510870014","1","0.2","ppm","2","MathScience Innovation Center","24","100.0000","42101","Carbon monoxide","554","40060","Richmond, VA","51","Virginia","087","Henrico","37.556520000912","-77.40027"
"04/08/2022","AQS","510870014","1","0.3","ppm","3","MathScience Innovation Center","24","100.0000","42101","Carbon monoxide","554","40060","Richmond, VA","51","Virginia","087","Henrico","37.556520000912","-77.40027"
"04/09/2022","AQS","510870014","1","0.2","ppm","2","MathScience Innovation Center","24","100.0000","42101","Carbon monoxide","554","40060","Richmond, VA","51","Virginia","087","Henrico","37.556520000912","-77.40027"
"04/10/2022","AQS","510870014","1","0.2","ppm","2","MathScience Innovation Center","24","100.0000","42101","Carbon monoxide","554","40060","Richmond, VA","51","Virginia","087","Henrico","37.556520000912","-77.40027"
"04/11/2022","AQS","510870014","1","0.3","ppm","3","MathScience Innovation Center","22","92.0000","42101","Carbon monoxide","554","40060","Richmond, VA","51","Virginia","087","Henrico","37.556520000912","-77.40027"
"04/12/2022","AQS","510870014","1","0.4","ppm","5","MathScience Innovation Center","24","100.0000","42101","Carbon monoxide","554","40060","Richmond, VA","51","Virginia","087","Henrico","37.556520000912","-77.40027"
"04/13/2022","AQS","510870014","1","0.4","ppm","5","MathScience Innovation Center","24","100.0000","42101","Carbon monoxide","554","40060","Richmond, VA","51","Virginia","087","Henrico","37.556520000912","-77.40027"
"04/14/2022","AQS","510870014","1","0.2","ppm","2","MathScience Innovation Center","24","100.0000","42101","Carbon monoxide","554","40060","Richmond, VA","51","Virginia","087","Henrico","37.556520000912","-77.40027"
"04/15/2022","AQS","510870014","1","0.2","ppm","2","MathScience Innovation Center","24","100.0000","42101","Carbon monoxide","554","40060","Richmond, VA","51","Virginia","087","Henrico","37.556520000912","-77.40027"
"04/16/2022","AQS","510870014","1","0.2","ppm","2","MathScience Innovation Center","24","100.0000","42101","Carbon monoxide","554","40060","Richmond, VA","51","Virginia","087","Henrico","37.556520000912","-77.40027"
"04/17/2022","AQS","510870014","1","0.3","ppm","3","MathScience Innovation Center","24","100.0000","42101","Carbon monoxide","554","40060","Richmond, VA","51","Virginia","087","Henrico","37.556520000912","-77.40027"
"04/18/2022","AQS","510870014","1","0.3","ppm","3","MathScience Innovation Center","24","100.0000","42101","Carbon monoxide","554","40060","Richmond, VA","51","Virginia","087","Henrico","37.556520000912","-77.40027"
"04/19/2022","AQS","510870014","1","0.3","ppm","3","MathScience Innovation Center","24","100.0000","42101","Carbon monoxide","554","40060","Richmond, VA","51","Virginia","087","Henrico","37.556520000912","-77.40027"
"04/20/2022","AQS","510870014","1","0.3","ppm","3","MathScience Innovation Center","24","100.0000","42101","Carbon monoxide","554","40060","Richmond, VA","51","Virginia","087","Henrico","37.556520000912","-77.40027"
"04/21/2022","AQS","510870014","1","0.3","ppm","3","MathScience Innovation Center","24","100.0000","42101","Carbon monoxide","554","40060","Richmond, VA","51","Virginia","087","Henrico","37.556520000912","-77.40027"
"04/22/2022","AQS","510870014","1","0.3","ppm","3","MathScience Innovation Center","24","100.0000","42101","Carbon monoxide","554","40060","Richmond, VA","51","Virginia","087","Henrico","37.556520000912","-77.40027"
"04/23/2022","AQS","510870014","1","0.3","ppm","3","MathScience Innovation Center","24","100.0000","42101","Carbon monoxide","554","40060","Richmond, VA","51","Virginia","087","Henrico","37.556520000912","-77.40027"
"04/24/2022","AQS","510870014","1","0.3","ppm","3","MathScience Innovation Center","24","100.0000","42101","Carbon monoxide","554","40060","Richmond, VA","51","Virginia","087","Henrico","37.556520000912","-77.40027"
"04/25/2022","AQS","510870014","1","0.3","ppm","3","MathScience Innovation Center","24","100.0000","42101","Carbon monoxide","554","40060","Richmond, VA","51","Virginia","087","Henrico","37.556520000912","-77.40027"
"04/26/2022","AQS","510870014","1","0.3","ppm","3","MathScience Innovation Center","24","100.0000","42101","Carbon monoxide","554","40060","Richmond, VA","51","Virginia","087","Henrico","37.556520000912","-77.40027"
"04/27/2022","AQS","510870014","1","0.2","ppm","2","MathScience Innovation Center","24","100.0000","42101","Carbon monoxide","554","40060","Richmond, VA","51","Virginia","087","Henrico","37.556520000912","-77.40027"
"04/28/2022","AQS","510870014","1","0.2","ppm","2","MathScience Innovation Center","24","100.0000","42101","Carbon monoxide","554","40060","Richmond, VA","51","Virginia","087","Henrico","37.556520000912","-77.40027"
"04/29/2022","AQS","510870014","1","0.3","ppm","3","MathScience Innovation Center","24","100.0000","42101","Carbon monoxide","554","40060","Richmond, VA","51","Virginia","087","Henrico","37.556520000912","-77.40027"
"04/30/2022","AQS","510870014","1","0.3","ppm","3","MathScience Innovation Center","24","100.0000","42101","Carbon monoxide","554","40060","Richmond, VA","51","Virginia","087","Henrico","37.556520000912","-77.40027"
"05/01/2022","AQS","510870014","1","0.3","ppm","3","MathScience Innovation Center","24","100.0000","42101","Carbon monoxide","554","40060","Richmond, VA","51","Virginia","087","Henrico","37.556520000912","-77.40027"
"05/02/2022","AQS","510870014","1","0.3","ppm","3","MathScience Innovation Center","19","79.0000","42101","Carbon monoxide","554","40060","Richmond, VA","51","Virginia","087","Henrico","37.556520000912","-77.40027"
"05/03/2022","AQS","510870014","1","0.2","ppm","2","MathScience Innovation Center","24","100.0000","42101","Carbon monoxide","554","40060","Richmond, VA","51","Virginia","087","Henrico","37.556520000912","-77.40027"
"05/04/2022","AQS","510870014","1","0.2","ppm","2","MathScience Innovation Center","24","100.0000","42101","Carbon monoxide","554","40060","Richmond, VA","51","Virginia","087","Henrico","37.556520000912","-77.40027"
"05/05/2022","AQS","510870014","1","0.2","ppm","2","MathScience Innovation Center","20","83.0000","42101","Carbon monoxide","554","40060","Richmond, VA","51","Virginia","087","Henrico","37.556520000912","-77.40027"
"05/06/2022","AQS","510870014","1","0.2","ppm","2","MathScience Innovation Center","24","100.0000","42101","Carbon monoxide","554","40060","Richmond, VA","51","Virginia","087","Henrico","37.556520000912","-77.40027"
"05/07/2022","AQS","510870014","1","0.2","ppm","2","MathScience Innovation Center","24","100.0000","42101","Carbon monoxide","554","40060","Richmond, VA","51","Virginia","087","Henrico","37.556520000912","-77.40027"
"05/08/2022","AQS","510870014","1","0.1","ppm","1","MathScience Innovation Center","24","100.0000","42101","Carbon monoxide","554","40060","Richmond, VA","51","Virginia","087","Henrico","37.556520000912","-77.40027"
"05/09/2022","AQS","510870014","1","0.2","ppm","2","MathScience Innovation Center","24","100.0000","42101","Carbon monoxide","554","40060","Richmond, VA","51","Virginia","087","Henrico","37.556520000912","-77.40027"
"05/10/2022","AQS","510870014","1","0.2","ppm","2","MathScience Innovation Center","24","100.0000","42101","Carbon monoxide","554","40060","Richmond, VA","51","Virginia","087","Henrico","37.556520000912","-77.40027"
"05/11/2022","AQS","510870014","1","0.2","ppm","2","MathScience Innovation Center","24","100.0000","42101","Carbon monoxide","554","40060","Richmond, VA","51","Virginia","087","Henrico","37.556520000912","-77.40027"
"05/12/2022","AQS","510870014","1","0.2","ppm","2","MathScience Innovation Center","24","100.0000","42101","Carbon monoxide","554","40060","Richmond, VA","51","Virginia","087","Henrico","37.556520000912","-77.40027"
"05/13/2022","AQS","510870014","1","0.2","ppm","2","MathScience Innovation Center","24","100.0000","42101","Carbon monoxide","554","40060","Richmond, VA","51","Virginia","087","Henrico","37.556520000912","-77.40027"
"05/14/2022","AQS","510870014","1","0.3","ppm","3","MathScience Innovation Center","24","100.0000","42101","Carbon monoxide","554","40060","Richmond, VA","51","Virginia","087","Henrico","37.556520000912","-77.40027"
"05/15/2022","AQS","510870014","1","0.4","ppm","5","MathScience Innovation Center","24","100.0000","42101","Carbon monoxide","554","40060","Richmond, VA","51","Virginia","087","Henrico","37.556520000912","-77.40027"
"05/16/2022","AQS","510870014","1","0.3","ppm","3","MathScience Innovation Center","24","100.0000","42101","Carbon monoxide","554","40060","Richmond, VA","51","Virginia","087","Henrico","37.556520000912","-77.40027"
"05/17/2022","AQS","510870014","1","0.2","ppm","2","MathScience Innovation Center","15","63.0000","42101","Carbon monoxide","554","40060","Richmond, VA","51","Virginia","087","Henrico","37.556520000912","-77.40027"
"05/18/2022","AQS","510870014","1","0.2","ppm","2","MathScience Innovation Center","24","100.0000","42101","Carbon monoxide","554","40060","Richmond, VA","51","Virginia","087","Henrico","37.556520000912","-77.40027"
"05/19/2022","AQS","510870014","1","0.3","ppm","3","MathScience Innovation Center","24","100.0000","42101","Carbon monoxide","554","40060","Richmond, VA","51","Virginia","087","Henrico","37.556520000912","-77.40027"
"05/20/2022","AQS","510870014","1","0.3","ppm","3","MathScience Innovation Center","20","83.0000","42101","Carbon monoxide","554","40060","Richmond, VA","51","Virginia","087","Henrico","37.556520000912","-77.40027"
"05/21/2022","AQS","510870014","1","0.3","ppm","3","MathScience Innovation Center","24","100.0000","42101","Carbon monoxide","554","40060","Richmond, VA","51","Virginia","087","Henrico","37.556520000912","-77.40027"
"05/22/2022","AQS","510870014","1","0.2","ppm","2","MathScience Innovation Center","24","100.0000","42101","Carbon monoxide","554","40060","Richmond, VA","51","Virginia","087","Henrico","37.556520000912","-77.40027"
"05/23/2022","AQS","510870014","1","0.2","ppm","2","MathScience Innovation Center","23","96.0000","42101","Carbon monoxide","554","40060","Richmond, VA","51","Virginia","087","Henrico","37.556520000912","-77.40027"
"05/24/2022","AQS","510870014","1","0.2","ppm","2","MathScience Innovation Center","24","100.0000","42101","Carbon monoxide","554","40060","Richmond, VA","51","Virginia","087","Henrico","37.556520000912","-77.40027"
"05/25/2022","AQS","510870014","1","0.2","ppm","2","MathScience Innovation Center","24","100.0000","42101","Carbon monoxide","554","40060","Richmond, VA","51","Virginia","087","Henrico","37.556520000912","-77.40027"
"05/26/2022","AQS","510870014","1","0.2","ppm","2","MathScience Innovation Center","21","88.0000","42101","Carbon monoxide","554","40060","Richmond, VA","51","Virginia","087","Henrico","37.556520000912","-77.40027"
"05/27/2022","AQS","510870014","1","0.2","ppm","2","MathScience Innovation Center","24","100.0000","42101","Carbon monoxide","554","40060","Richmond, VA","51","Virginia","087","Henrico","37.556520000912","-77.40027"
"05/28/2022","AQS","510870014","1","0.3","ppm","3","MathScience Innovation Center","24","100.0000","42101","Carbon monoxide","554","40060","Richmond, VA","51","Virginia","087","Henrico","37.556520000912","-77.40027"
"05/29/2022","AQS","510870014","1","0.4","ppm","5","MathScience Innovation Center","24","100.0000","42101","Carbon monoxide","554","40060","Richmond, VA","51","Virginia","087","Henrico","37.556520000912","-77.40027"
"05/30/2022","AQS","510870014","1","0.3","ppm","3","MathScience Innovation Center","24","100.0000","42101","Carbon monoxide","554","40060","Richmond, VA","51","Virginia","087","Henrico","37.556520000912","-77.40027"
"05/31/2022","AQS","510870014","1","0.4","ppm","5","MathScience Innovation Center","24","100.0000","42101","Carbon monoxide","554","40060","Richmond, VA","51","Virginia","087","Henrico","37.556520000912","-77.40027"
"06/01/2022","AQS","510870014","1","0.4","ppm","5","MathScience Innovation Center","20","83.0000","42101","Carbon monoxide","554","40060","Richmond, VA","51","Virginia","087","Henrico","37.556520000912","-77.40027"
"06/02/2022","AQS","510870014","1","0.3","ppm","3","MathScience Innovation Center","24","100.0000","42101","Carbon monoxide","554","40060","Richmond, VA","51","Virginia","087","Henrico","37.556520000912","-77.40027"
"06/03/2022","AQS","510870014","1","0.3","ppm","3","MathScience Innovation Center","24","100.0000","42101","Carbon monoxide","554","40060","Richmond, VA","51","Virginia","087","Henrico","37.556520000912","-77.40027"
"06/04/2022","AQS","510870014","1","0.4","ppm","5","MathScience Innovation Center","24","100.0000","42101","Carbon monoxide","554","40060","Richmond, VA","51","Virginia","087","Henrico","37.556520000912","-77.40027"
"06/05/2022","AQS","510870014","1","0.3","ppm","3","MathScience Innovation Center","24","100.0000","42101","Carbon monoxide","554","40060","Richmond, VA","51","Virginia","087","Henrico","37.556520000912","-77.40027"
"06/06/2022","AQS","510870014","1","0.2","ppm","2","MathScience Innovation Center","24","100.0000","42101","Carbon monoxide","554","40060","Richmond, VA","51","Virginia","087","Henrico","37.556520000912","-77.40027"
"06/07/2022","AQS","510870014","1","0.2","ppm","2","MathScience Innovation Center","24","100.0000","42101","Carbon monoxide","554","40060","Richmond, VA","51","Virginia","087","Henrico","37.556520000912","-77.40027"
"06/08/2022","AQS","510870014","1","0.2","ppm","2","MathScience Innovation Center","24","100.0000","42101","Carbon monoxide","554","40060","Richmond, VA","51","Virginia","087","Henrico","37.556520000912","-77.40027"
"06/09/2022","AQS","510870014","1","0.2","ppm","2","MathScience Innovation Center","24","100.0000","42101","Carbon monoxide","554","40060","Richmond, VA","51","Virginia","087","Henrico","37.556520000912","-77.40027"
"06/10/2022","AQS","510870014","1","0.2","ppm","2","MathScience Innovation Center","24","100.0000","42101","Carbon monoxide","554","40060","Richmond, VA","51","Virginia","087","Henrico","37.556520000912","-77.40027"
"06/11/2022","AQS","510870014","1","0.2","ppm","2","MathScience Innovation Center","24","100.0000","42101","Carbon monoxide","554","40060","Richmond, VA","51","Virginia","087","Henrico","37.556520000912","-77.40027"
"06/12/2022","AQS","510870014","1","0.2","ppm","2","MathScience Innovation Center","24","100.0000","42101","Carbon monoxide","554","40060","Richmond, VA","51","Virginia","087","Henrico","37.556520000912","-77.40027"
"06/13/2022","AQS","510870014","1","0.3","ppm","3","MathScience Innovation Center","19","79.0000","42101","Carbon monoxide","554","40060","Richmond, VA","51","Virginia","087","Henrico","37.556520000912","-77.40027"
"06/14/2022","AQS","510870014","1","0.3","ppm","3","MathScience Innovation Center","24","100.0000","42101","Carbon monoxide","554","40060","Richmond, VA","51","Virginia","087","Henrico","37.556520000912","-77.40027"
"06/15/2022","AQS","510870014","1","0.2","ppm","2","MathScience Innovation Center","24","100.0000","42101","Carbon monoxide","554","40060","Richmond, VA","51","Virginia","087","Henrico","37.556520000912","-77.40027"
"06/16/2022","AQS","510870014","1","0.2","ppm","2","MathScience Innovation Center","24","100.0000","42101","Carbon monoxide","554","40060","Richmond, VA","51","Virginia","087","Henrico","37.556520000912","-77.40027"
"06/17/2022","AQS","510870014","1","0.2","ppm","2","MathScience Innovation Center","24","100.0000","42101","Carbon monoxide","554","40060","Richmond, VA","51","Virginia","087","Henrico","37.556520000912","-77.40027"
"06/18/2022","AQS","510870014","1","0.2","ppm","2","MathScience Innovation Center","24","100.0000","42101","Carbon monoxide","554","40060","Richmond, VA","51","Virginia","087","Henrico","37.556520000912","-77.40027"
"06/19/2022","AQS","510870014","1","0.2","ppm","2","MathScience Innovation Center","24","100.0000","42101","Carbon monoxide","554","40060","Richmond, VA","51","Virginia","087","Henrico","37.556520000912","-77.40027"
"06/20/2022","AQS","510870014","1","0.3","ppm","3","MathScience Innovation Center","24","100.0000","42101","Carbon monoxide","554","40060","Richmond, VA","51","Virginia","087","Henrico","37.556520000912","-77.40027"
"06/21/2022","AQS","510870014","1","0.3","ppm","3","MathScience Innovation Center","24","100.0000","42101","Carbon monoxide","554","40060","Richmond, VA","51","Virginia","087","Henrico","37.556520000912","-77.40027"
"06/22/2022","AQS","510870014","1","0.2","ppm","2","MathScience Innovation Center","14","58.0000","42101","Carbon monoxide","554","40060","Richmond, VA","51","Virginia","087","Henrico","37.556520000912","-77.40027"
"06/25/2022","AQS","510870014","1","0.1","ppm","1","MathScience Innovation Center","15","63.0000","42101","Carbon monoxide","554","40060","Richmond, VA","51","Virginia","087","Henrico","37.556520000912","-77.40027"
"06/26/2022","AQS","510870014","1","0.2","ppm","2","MathScience Innovation Center","24","100.0000","42101","Carbon monoxide","554","40060","Richmond, VA","51","Virginia","087","Henrico","37.556520000912","-77.40027"
"06/27/2022","AQS","510870014","1","0.3","ppm","3","MathScience Innovation Center","24","100.0000","42101","Carbon monoxide","554","40060","Richmond, VA","51","Virginia","087","Henrico","37.556520000912","-77.40027"
"06/28/2022","AQS","510870014","1","0.3","ppm","3","MathScience Innovation Center","24","100.0000","42101","Carbon monoxide","554","40060","Richmond, VA","51","Virginia","087","Henrico","37.556520000912","-77.40027"
"06/29/2022","AQS","510870014","1","0.3","ppm","3","MathScience Innovation Center","24","100.0000","42101","Carbon monoxide","554","40060","Richmond, VA","51","Virginia","087","Henrico","37.556520000912","-77.40027"
"06/30/2022","AQS","510870014","1","0.3","ppm","3","MathScience Innovation Center","24","100.0000","42101","Carbon monoxide","554","40060","Richmond, VA","51","Virginia","087","Henrico","37.556520000912","-77.40027"
"07/01/2022","AQS","510870014","1","0.2","ppm","2","MathScience Innovation Center","24","100.0000","42101","Carbon monoxide","554","40060","Richmond, VA","51","Virginia","087","Henrico","37.556520000912","-77.40027"
"07/02/2022","AQS","510870014","1","0.2","ppm","2","MathScience Innovation Center","24","100.0000","42101","Carbon monoxide","554","40060","Richmond, VA","51","Virginia","087","Henrico","37.556520000912","-77.40027"
"07/03/2022","AQS","510870014","1","0.2","ppm","2","MathScience Innovation Center","24","100.0000","42101","Carbon monoxide","554","40060","Richmond, VA","51","Virginia","087","Henrico","37.556520000912","-77.40027"
"07/04/2022","AQS","510870014","1","0.3","ppm","3","MathScience Innovation Center","24","100.0000","42101","Carbon monoxide","554","40060","Richmond, VA","51","Virginia","087","Henrico","37.556520000912","-77.40027"
"07/05/2022","AQS","510870014","1","0.2","ppm","2","MathScience Innovation Center","24","100.0000","42101","Carbon monoxide","554","40060","Richmond, VA","51","Virginia","087","Henrico","37.556520000912","-77.40027"
"07/06/2022","AQS","510870014","1","0.2","ppm","2","MathScience Innovation Center","24","100.0000","42101","Carbon monoxide","554","40060","Richmond, VA","51","Virginia","087","Henrico","37.556520000912","-77.40027"
"07/07/2022","AQS","510870014","1","0.2","ppm","2","MathScience Innovation Center","24","100.0000","42101","Carbon monoxide","554","40060","Richmond, VA","51","Virginia","087","Henrico","37.556520000912","-77.40027"
"07/08/2022","AQS","510870014","1","0.2","ppm","2","MathScience Innovation Center","24","100.0000","42101","Carbon monoxide","554","40060","Richmond, VA","51","Virginia","087","Henrico","37.556520000912","-77.40027"
"07/09/2022","AQS","510870014","1","0.2","ppm","2","MathScience Innovation Center","24","100.0000","42101","Carbon monoxide","554","40060","Richmond, VA","51","Virginia","087","Henrico","37.556520000912","-77.40027"
"07/10/2022","AQS","510870014","1","0.2","ppm","2","MathScience Innovation Center","24","100.0000","42101","Carbon monoxide","554","40060","Richmond, VA","51","Virginia","087","Henrico","37.556520000912","-77.40027"
"07/11/2022","AQS","510870014","1","0.2","ppm","2","MathScience Innovation Center","24","100.0000","42101","Carbon monoxide","554","40060","Richmond, VA","51","Virginia","087","Henrico","37.556520000912","-77.40027"
"07/12/2022","AQS","510870014","1","0.2","ppm","2","MathScience Innovation Center","24","100.0000","42101","Carbon monoxide","554","40060","Richmond, VA","51","Virginia","087","Henrico","37.556520000912","-77.40027"
"07/13/2022","AQS","510870014","1","0.2","ppm","2","MathScience Innovation Center","24","100.0000","42101","Carbon monoxide","554","40060","Richmond, VA","51","Virginia","087","Henrico","37.556520000912","-77.40027"
"07/14/2022","AQS","510870014","1","0.2","ppm","2","MathScience Innovation Center","24","100.0000","42101","Carbon monoxide","554","40060","Richmond, VA","51","Virginia","087","Henrico","37.556520000912","-77.40027"
"07/15/2022","AQS","510870014","1","0.2","ppm","2","MathScience Innovation Center","24","100.0000","42101","Carbon monoxide","554","40060","Richmond, VA","51","Virginia","087","Henrico","37.556520000912","-77.40027"
"07/16/2022","AQS","510870014","1","0.2","ppm","2","MathScience Innovation Center","24","100.0000","42101","Carbon monoxide","554","40060","Richmond, VA","51","Virginia","087","Henrico","37.556520000912","-77.40027"
"07/17/2022","AQS","510870014","1","0.2","ppm","2","MathScience Innovation Center","24","100.0000","42101","Carbon monoxide","554","40060","Richmond, VA","51","Virginia","087","Henrico","37.556520000912","-77.40027"
"07/18/2022","AQS","510870014","1","0.2","ppm","2","MathScience Innovation Center","24","100.0000","42101","Carbon monoxide","554","40060","Richmond, VA","51","Virginia","087","Henrico","37.556520000912","-77.40027"
"07/19/2022","AQS","510870014","1","0.2","ppm","2","MathScience Innovation Center","20","83.0000","42101","Carbon monoxide","554","40060","Richmond, VA","51","Virginia","087","Henrico","37.556520000912","-77.40027"
"07/20/2022","AQS","510870014","1","0.2","ppm","2","MathScience Innovation Center","24","100.0000","42101","Carbon monoxide","554","40060","Richmond, VA","51","Virginia","087","Henrico","37.556520000912","-77.40027"
"07/21/2022","AQS","510870014","1","0.2","ppm","2","MathScience Innovation Center","24","100.0000","42101","Carbon monoxide","554","40060","Richmond, VA","51","Virginia","087","Henrico","37.556520000912","-77.40027"
"07/22/2022","AQS","510870014","1","0.2","ppm","2","MathScience Innovation Center","24","100.0000","42101","Carbon monoxide","554","40060","Richmond, VA","51","Virginia","087","Henrico","37.556520000912","-77.40027"
"07/23/2022","AQS","510870014","1","0.3","ppm","3","MathScience Innovation Center","24","100.0000","42101","Carbon monoxide","554","40060","Richmond, VA","51","Virginia","087","Henrico","37.556520000912","-77.40027"
"07/24/2022","AQS","510870014","1","0.2","ppm","2","MathScience Innovation Center","24","100.0000","42101","Carbon monoxide","554","40060","Richmond, VA","51","Virginia","087","Henrico","37.556520000912","-77.40027"
"07/25/2022","AQS","510870014","1","0.2","ppm","2","MathScience Innovation Center","20","83.0000","42101","Carbon monoxide","554","40060","Richmond, VA","51","Virginia","087","Henrico","37.556520000912","-77.40027"
"07/26/2022","AQS","510870014","1","0.2","ppm","2","MathScience Innovation Center","24","100.0000","42101","Carbon monoxide","554","40060","Richmond, VA","51","Virginia","087","Henrico","37.556520000912","-77.40027"
"07/27/2022","AQS","510870014","1","0.3","ppm","3","MathScience Innovation Center","24","100.0000","42101","Carbon monoxide","554","40060","Richmond, VA","51","Virginia","087","Henrico","37.556520000912","-77.40027"
"07/28/2022","AQS","510870014","1","0.3","ppm","3","MathScience Innovation Center","21","88.0000","42101","Carbon monoxide","554","40060","Richmond, VA","51","Virginia","087","Henrico","37.556520000912","-77.40027"
"07/29/2022","AQS","510870014","1","0.3","ppm","3","MathScience Innovation Center","24","100.0000","42101","Carbon monoxide","554","40060","Richmond, VA","51","Virginia","087","Henrico","37.556520000912","-77.40027"
"07/30/2022","AQS","510870014","1","0.3","ppm","3","MathScience Innovation Center","24","100.0000","42101","Carbon monoxide","554","40060","Richmond, VA","51","Virginia","087","Henrico","37.556520000912","-77.40027"
"07/31/2022","AQS","510870014","1","0.3","ppm","3","MathScience Innovation Center","24","100.0000","42101","Carbon monoxide","554","40060","Richmond, VA","51","Virginia","087","Henrico","37.556520000912","-77.40027"
"08/01/2022","AQS","510870014","1","0.2","ppm","2","MathScience Innovation Center","24","100.0000","42101","Carbon monoxide","554","40060","Richmond, VA","51","Virginia","087","Henrico","37.556520000912","-77.40027"
"08/02/2022","AQS","510870014","1","0.3","ppm","3","MathScience Innovation Center","24","100.0000","42101","Carbon monoxide","554","40060","Richmond, VA","51","Virginia","087","Henrico","37.556520000912","-77.40027"
"08/03/2022","AQS","510870014","1","0.4","ppm","5","MathScience Innovation Center","24","100.0000","42101","Carbon monoxide","554","40060","Richmond, VA","51","Virginia","087","Henrico","37.556520000912","-77.40027"
"08/04/2022","AQS","510870014","1","0.3","ppm","3","MathScience Innovation Center","24","100.0000","42101","Carbon monoxide","554","40060","Richmond, VA","51","Virginia","087","Henrico","37.556520000912","-77.40027"
"08/05/2022","AQS","510870014","1","0.2","ppm","2","MathScience Innovation Center","24","100.0000","42101","Carbon monoxide","554","40060","Richmond, VA","51","Virginia","087","Henrico","37.556520000912","-77.40027"
"08/06/2022","AQS","510870014","1","0.2","ppm","2","MathScience Innovation Center","24","100.0000","42101","Carbon monoxide","554","40060","Richmond, VA","51","Virginia","087","Henrico","37.556520000912","-77.40027"
"08/07/2022","AQS","510870014","1","0.2","ppm","2","MathScience Innovation Center","24","100.0000","42101","Carbon monoxide","554","40060","Richmond, VA","51","Virginia","087","Henrico","37.556520000912","-77.40027"
"08/08/2022","AQS","510870014","1","0.2","ppm","2","MathScience Innovation Center","24","100.0000","42101","Carbon monoxide","554","40060","Richmond, VA","51","Virginia","087","Henrico","37.556520000912","-77.40027"
"08/09/2022","AQS","510870014","1","0.2","ppm","2","MathScience Innovation Center","19","79.0000","42101","Carbon monoxide","554","40060","Richmond, VA","51","Virginia","087","Henrico","37.556520000912","-77.40027"
"08/10/2022","AQS","510870014","1","0.2","ppm","2","MathScience Innovation Center","24","100.0000","42101","Carbon monoxide","554","40060","Richmond, VA","51","Virginia","087","Henrico","37.556520000912","-77.40027"
"08/11/2022","AQS","510870014","1","0.3","ppm","3","MathScience Innovation Center","24","100.0000","42101","Carbon monoxide","554","40060","Richmond, VA","51","Virginia","087","Henrico","37.556520000912","-77.40027"
"08/12/2022","AQS","510870014","1","0.4","ppm","5","MathScience Innovation Center","24","100.0000","42101","Carbon monoxide","554","40060","Richmond, VA","51","Virginia","087","Henrico","37.556520000912","-77.40027"
"08/13/2022","AQS","510870014","1","0.2","ppm","2","MathScience Innovation Center","24","100.0000","42101","Carbon monoxide","554","40060","Richmond, VA","51","Virginia","087","Henrico","37.556520000912","-77.40027"
"08/14/2022","AQS","510870014","1","0.3","ppm","3","MathScience Innovation Center","24","100.0000","42101","Carbon monoxide","554","40060","Richmond, VA","51","Virginia","087","Henrico","37.556520000912","-77.40027"
"08/15/2022","AQS","510870014","1","0.2","ppm","2","MathScience Innovation Center","20","83.0000","42101","Carbon monoxide","554","40060","Richmond, VA","51","Virginia","087","Henrico","37.556520000912","-77.40027"
"08/16/2022","AQS","510870014","1","0.2","ppm","2","MathScience Innovation Center","24","100.0000","42101","Carbon monoxide","554","40060","Richmond, VA","51","Virginia","087","Henrico","37.556520000912","-77.40027"
"08/17/2022","AQS","510870014","1","0.2","ppm","2","MathScience Innovation Center","24","100.0000","42101","Carbon monoxide","554","40060","Richmond, VA","51","Virginia","087","Henrico","37.556520000912","-77.40027"
"08/18/2022","AQS","510870014","1","0.3","ppm","3","MathScience Innovation Center","21","88.0000","42101","Carbon monoxide","554","40060","Richmond, VA","51","Virginia","087","Henrico","37.556520000912","-77.40027"
"08/19/2022","AQS","510870014","1","0.3","ppm","3","MathScience Innovation Center","24","100.0000","42101","Carbon monoxide","554","40060","Richmond, VA","51","Virginia","087","Henrico","37.556520000912","-77.40027"
"08/20/2022","AQS","510870014","1","0.3","ppm","3","MathScience Innovation Center","24","100.0000","42101","Carbon monoxide","554","40060","Richmond, VA","51","Virginia","087","Henrico","37.556520000912","-77.40027"
"08/21/2022","AQS","510870014","1","0.3","ppm","3","MathScience Innovation Center","24","100.0000","42101","Carbon monoxide","554","40060","Richmond, VA","51","Virginia","087","Henrico","37.556520000912","-77.40027"
"08/22/2022","AQS","510870014","1","0.3","ppm","3","MathScience Innovation Center","24","100.0000","42101","Carbon monoxide","554","40060","Richmond, VA","51","Virginia","087","Henrico","37.556520000912","-77.40027"
"08/23/2022","AQS","510870014","1","0.4","ppm","5","MathScience Innovation Center","24","100.0000","42101","Carbon monoxide","554","40060","Richmond, VA","51","Virginia","087","Henrico","37.556520000912","-77.40027"
"08/24/2022","AQS","510870014","1","0.4","ppm","5","MathScience Innovation Center","24","100.0000","42101","Carbon monoxide","554","40060","Richmond, VA","51","Virginia","087","Henrico","37.556520000912","-77.40027"
"08/25/2022","AQS","510870014","1","0.3","ppm","3","MathScience Innovation Center","24","100.0000","42101","Carbon monoxide","554","40060","Richmond, VA","51","Virginia","087","Henrico","37.556520000912","-77.40027"
"08/26/2022","AQS","510870014","1","0.3","ppm","3","MathScience Innovation Center","24","100.0000","42101","Carbon monoxide","554","40060","Richmond, VA","51","Virginia","087","Henrico","37.556520000912","-77.40027"
"08/27/2022","AQS","510870014","1","0.4","ppm","5","MathScience Innovation Center","24","100.0000","42101","Carbon monoxide","554","40060","Richmond, VA","51","Virginia","087","Henrico","37.556520000912","-77.40027"
"08/28/2022","AQS","510870014","1","0.3","ppm","3","MathScience Innovation Center","24","100.0000","42101","Carbon monoxide","554","40060","Richmond, VA","51","Virginia","087","Henrico","37.556520000912","-77.40027"
"08/29/2022","AQS","510870014","1","0.2","ppm","2","MathScience Innovation Center","24","100.0000","42101","Carbon monoxide","554","40060","Richmond, VA","51","Virginia","087","Henrico","37.556520000912","-77.40027"
"08/30/2022","AQS","510870014","1","0.2","ppm","2","MathScience Innovation Center","24","100.0000","42101","Carbon monoxide","554","40060","Richmond, VA","51","Virginia","087","Henrico","37.556520000912","-77.40027"
"08/31/2022","AQS","510870014","1","0.3","ppm","3","MathScience Innovation Center","24","100.0000","42101","Carbon monoxide","554","40060","Richmond, VA","51","Virginia","087","Henrico","37.556520000912","-77.40027"
"09/01/2022","AQS","510870014","1","0.3","ppm","3","MathScience Innovation Center","24","100.0000","42101","Carbon monoxide","554","40060","Richmond, VA","51","Virginia","087","Henrico","37.556520000912","-77.40027"
"09/02/2022","AQS","510870014","1","0.3","ppm","3","MathScience Innovation Center","24","100.0000","42101","Carbon monoxide","554","40060","Richmond, VA","51","Virginia","087","Henrico","37.556520000912","-77.40027"
"09/03/2022","AQS","510870014","1","0.2","ppm","2","MathScience Innovation Center","24","100.0000","42101","Carbon monoxide","554","40060","Richmond, VA","51","Virginia","087","Henrico","37.556520000912","-77.40027"
"09/04/2022","AQS","510870014","1","0.2","ppm","2","MathScience Innovation Center","24","100.0000","42101","Carbon monoxide","554","40060","Richmond, VA","51","Virginia","087","Henrico","37.556520000912","-77.40027"
"09/05/2022","AQS","510870014","1","0.2","ppm","2","MathScience Innovation Center","24","100.0000","42101","Carbon monoxide","554","40060","Richmond, VA","51","Virginia","087","Henrico","37.556520000912","-77.40027"
"09/06/2022","AQS","510870014","1","0.2","ppm","2","MathScience Innovation Center","24","100.0000","42101","Carbon monoxide","554","40060","Richmond, VA","51","Virginia","087","Henrico","37.556520000912","-77.40027"
"09/07/2022","AQS","510870014","1","0.2","ppm","2","MathScience Innovation Center","24","100.0000","42101","Carbon monoxide","554","40060","Richmond, VA","51","Virginia","087","Henrico","37.556520000912","-77.40027"
"09/08/2022","AQS","510870014","1","0.2","ppm","2","MathScience Innovation Center","24","100.0000","42101","Carbon monoxide","554","40060","Richmond, VA","51","Virginia","087","Henrico","37.556520000912","-77.40027"
"09/09/2022","AQS","510870014","1","0.3","ppm","3","MathScience Innovation Center","24","100.0000","42101","Carbon monoxide","554","40060","Richmond, VA","51","Virginia","087","Henrico","37.556520000912","-77.40027"
"09/10/2022","AQS","510870014","1","0.2","ppm","2","MathScience Innovation Center","24","100.0000","42101","Carbon monoxide","554","40060","Richmond, VA","51","Virginia","087","Henrico","37.556520000912","-77.40027"
"09/11/2022","AQS","510870014","1","0.2","ppm","2","MathScience Innovation Center","24","100.0000","42101","Carbon monoxide","554","40060","Richmond, VA","51","Virginia","087","Henrico","37.556520000912","-77.40027"
"09/12/2022","AQS","510870014","1","0.2","ppm","2","MathScience Innovation Center","24","100.0000","42101","Carbon monoxide","554","40060","Richmond, VA","51","Virginia","087","Henrico","37.556520000912","-77.40027"
"09/13/2022","AQS","510870014","1","0.2","ppm","2","MathScience Innovation Center","24","100.0000","42101","Carbon monoxide","554","40060","Richmond, VA","51","Virginia","087","Henrico","37.556520000912","-77.40027"
"09/14/2022","AQS","510870014","1","0.2","ppm","2","MathScience Innovation Center","24","100.0000","42101","Carbon monoxide","554","40060","Richmond, VA","51","Virginia","087","Henrico","37.556520000912","-77.40027"
"09/15/2022","AQS","510870014","1","0.3","ppm","3","MathScience Innovation Center","24","100.0000","42101","Carbon monoxide","554","40060","Richmond, VA","51","Virginia","087","Henrico","37.556520000912","-77.40027"
"09/16/2022","AQS","510870014","1","0.3","ppm","3","MathScience Innovation Center","15","63.0000","42101","Carbon monoxide","554","40060","Richmond, VA","51","Virginia","087","Henrico","37.556520000912","-77.40027"
"09/17/2022","AQS","510870014","1","0.4","ppm","5","MathScience Innovation Center","24","100.0000","42101","Carbon monoxide","554","40060","Richmond, VA","51","Virginia","087","Henrico","37.556520000912","-77.40027"
"09/18/2022","AQS","510870014","1","0.3","ppm","3","MathScience Innovation Center","24","100.0000","42101","Carbon monoxide","554","40060","Richmond, VA","51","Virginia","087","Henrico","37.556520000912","-77.40027"
"09/19/2022","AQS","510870014","1","0.3","ppm","3","MathScience Innovation Center","15","63.0000","42101","Carbon monoxide","554","40060","Richmond, VA","51","Virginia","087","Henrico","37.556520000912","-77.40027"
"09/20/2022","AQS","510870014","1","0.4","ppm","5","MathScience Innovation Center","24","100.0000","42101","Carbon monoxide","554","40060","Richmond, VA","51","Virginia","087","Henrico","37.556520000912","-77.40027"
"09/21/2022","AQS","510870014","1","0.4","ppm","5","MathScience Innovation Center","24","100.0000","42101","Carbon monoxide","554","40060","Richmond, VA","51","Virginia","087","Henrico","37.556520000912","-77.40027"
"09/22/2022","AQS","510870014","1","0.3","ppm","3","MathScience Innovation Center","24","100.0000","42101","Carbon monoxide","554","40060","Richmond, VA","51","Virginia","087","Henrico","37.556520000912","-77.40027"
"09/23/2022","AQS","510870014","1","0.2","ppm","2","MathScience Innovation Center","24","100.0000","42101","Carbon monoxide","554","40060","Richmond, VA","51","Virginia","087","Henrico","37.556520000912","-77.40027"
"09/24/2022","AQS","510870014","1","0.2","ppm","2","MathScience Innovation Center","24","100.0000","42101","Carbon monoxide","554","40060","Richmond, VA","51","Virginia","087","Henrico","37.556520000912","-77.40027"
"09/25/2022","AQS","510870014","1","0.2","ppm","2","MathScience Innovation Center","24","100.0000","42101","Carbon monoxide","554","40060","Richmond, VA","51","Virginia","087","Henrico","37.556520000912","-77.40027"
"09/26/2022","AQS","510870014","1","0.2","ppm","2","MathScience Innovation Center","21","88.0000","42101","Carbon monoxide","554","40060","Richmond, VA","51","Virginia","087","Henrico","37.556520000912","-77.40027"
"09/27/2022","AQS","510870014","1","0.2","ppm","2","MathScience Innovation Center","24","100.0000","42101","Carbon monoxide","554","40060","Richmond, VA","51","Virginia","087","Henrico","37.556520000912","-77.40027"
"09/28/2022","AQS","510870014","1","0.1","ppm","1","MathScience Innovation Center","24","100.0000","42101","Carbon monoxide","554","40060","Richmond, VA","51","Virginia","087","Henrico","37.556520000912","-77.40027"
"09/29/2022","AQS","510870014","1","0.1","ppm","1","MathScience Innovation Center","21","88.0000","42101","Carbon monoxide","554","40060","Richmond, VA","51","Virginia","087","Henrico","37.556520000912","-77.40027"
"09/30/2022","AQS","510870014","1","0.2","ppm","2","MathScience Innovation Center","24","100.0000","42101","Carbon monoxide","554","40060","Richmond, VA","51","Virginia","087","Henrico","37.556520000912","-77.40027"
"10/01/2022","AQS","510870014","1","0.3","ppm","3","MathScience Innovation Center","24","100.0000","42101","Carbon monoxide","554","40060","Richmond, VA","51","Virginia","087","Henrico","37.556520000912","-77.40027"
"10/02/2022","AQS","510870014","1","0.3","ppm","3","MathScience Innovation Center","24","100.0000","42101","Carbon monoxide","554","40060","Richmond, VA","51","Virginia","087","Henrico","37.556520000912","-77.40027"
"10/03/2022","AQS","510870014","1","0.2","ppm","2","MathScience Innovation Center","24","100.0000","42101","Carbon monoxide","554","40060","Richmond, VA","51","Virginia","087","Henrico","37.556520000912","-77.40027"
"10/04/2022","AQS","510870014","1","0.2","ppm","2","MathScience Innovation Center","24","100.0000","42101","Carbon monoxide","554","40060","Richmond, VA","51","Virginia","087","Henrico","37.556520000912","-77.40027"
"10/05/2022","AQS","510870014","1","0.4","ppm","5","MathScience Innovation Center","24","100.0000","42101","Carbon monoxide","554","40060","Richmond, VA","51","Virginia","087","Henrico","37.556520000912","-77.40027"
"10/06/2022","AQS","510870014","1","0.4","ppm","5","MathScience Innovation Center","24","100.0000","42101","Carbon monoxide","554","40060","Richmond, VA","51","Virginia","087","Henrico","37.556520000912","-77.40027"
"10/07/2022","AQS","510870014","1","0.6","ppm","7","MathScience Innovation Center","24","100.0000","42101","Carbon monoxide","554","40060","Richmond, VA","51","Virginia","087","Henrico","37.556520000912","-77.40027"
"10/08/2022","AQS","510870014","1","0.3","ppm","3","MathScience Innovation Center","24","100.0000","42101","Carbon monoxide","554","40060","Richmond, VA","51","Virginia","087","Henrico","37.556520000912","-77.40027"
"10/09/2022","AQS","510870014","1","0.4","ppm","5","MathScience Innovation Center","24","100.0000","42101","Carbon monoxide","554","40060","Richmond, VA","51","Virginia","087","Henrico","37.556520000912","-77.40027"
"10/10/2022","AQS","510870014","1","0.4","ppm","5","MathScience Innovation Center","24","100.0000","42101","Carbon monoxide","554","40060","Richmond, VA","51","Virginia","087","Henrico","37.556520000912","-77.40027"
"10/11/2022","AQS","510870014","1","0.4","ppm","5","MathScience Innovation Center","21","88.0000","42101","Carbon monoxide","554","40060","Richmond, VA","51","Virginia","087","Henrico","37.556520000912","-77.40027"
"10/12/2022","AQS","510870014","1","0.3","ppm","3","MathScience Innovation Center","24","100.0000","42101","Carbon monoxide","554","40060","Richmond, VA","51","Virginia","087","Henrico","37.556520000912","-77.40027"
"10/13/2022","AQS","510870014","1","0.3","ppm","3","MathScience Innovation Center","24","100.0000","42101","Carbon monoxide","554","40060","Richmond, VA","51","Virginia","087","Henrico","37.556520000912","-77.40027"
"10/14/2022","AQS","510870014","1","0.2","ppm","2","MathScience Innovation Center","24","100.0000","42101","Carbon monoxide","554","40060","Richmond, VA","51","Virginia","087","Henrico","37.556520000912","-77.40027"
"10/15/2022","AQS","510870014","1","0.3","ppm","3","MathScience Innovation Center","24","100.0000","42101","Carbon monoxide","554","40060","Richmond, VA","51","Virginia","087","Henrico","37.556520000912","-77.40027"
"10/16/2022","AQS","510870014","1","0.3","ppm","3","MathScience Innovation Center","24","100.0000","42101","Carbon monoxide","554","40060","Richmond, VA","51","Virginia","087","Henrico","37.556520000912","-77.40027"
"10/17/2022","AQS","510870014","1","0.3","ppm","3","MathScience Innovation Center","21","88.0000","42101","Carbon monoxide","554","40060","Richmond, VA","51","Virginia","087","Henrico","37.556520000912","-77.40027"
"10/18/2022","AQS","510870014","1","0.2","ppm","2","MathScience Innovation Center","24","100.0000","42101","Carbon monoxide","554","40060","Richmond, VA","51","Virginia","087","Henrico","37.556520000912","-77.40027"
"10/19/2022","AQS","510870014","1","0.2","ppm","2","MathScience Innovation Center","24","100.0000","42101","Carbon monoxide","554","40060","Richmond, VA","51","Virginia","087","Henrico","37.556520000912","-77.40027"
"10/20/2022","AQS","510870014","1","0.3","ppm","3","MathScience Innovation Center","20","83.0000","42101","Carbon monoxide","554","40060","Richmond, VA","51","Virginia","087","Henrico","37.556520000912","-77.40027"
"10/21/2022","AQS","510870014","1","0.4","ppm","5","MathScience Innovation Center","24","100.0000","42101","Carbon monoxide","554","40060","Richmond, VA","51","Virginia","087","Henrico","37.556520000912","-77.40027"
"10/22/2022","AQS","510870014","1","0.4","ppm","5","MathScience Innovation Center","24","100.0000","42101","Carbon monoxide","554","40060","Richmond, VA","51","Virginia","087","Henrico","37.556520000912","-77.40027"
"10/23/2022","AQS","510870014","1","0.3","ppm","3","MathScience Innovation Center","24","100.0000","42101","Carbon monoxide","554","40060","Richmond, VA","51","Virginia","087","Henrico","37.556520000912","-77.40027"
"10/24/2022","AQS","510870014","1","0.3","ppm","3","MathScience Innovation Center","24","100.0000","42101","Carbon monoxide","554","40060","Richmond, VA","51","Virginia","087","Henrico","37.556520000912","-77.40027"
"10/25/2022","AQS","510870014","1","0.5","ppm","6","MathScience Innovation Center","24","100.0000","42101","Carbon monoxide","554","40060","Richmond, VA","51","Virginia","087","Henrico","37.556520000912","-77.40027"
"10/26/2022","AQS","510870014","1","0.4","ppm","5","MathScience Innovation Center","20","83.0000","42101","Carbon monoxide","554","40060","Richmond, VA","51","Virginia","087","Henrico","37.556520000912","-77.40027"
"10/27/2022","AQS","510870014","1","0.4","ppm","5","MathScience Innovation Center","18","75.0000","42101","Carbon monoxide","554","40060","Richmond, VA","51","Virginia","087","Henrico","37.556520000912","-77.40027"
"10/28/2022","AQS","510870014","1","0.2","ppm","2","MathScience Innovation Center","24","100.0000","42101","Carbon monoxide","554","40060","Richmond, VA","51","Virginia","087","Henrico","37.556520000912","-77.40027"
"10/29/2022","AQS","510870014","1","0.2","ppm","2","MathScience Innovation Center","24","100.0000","42101","Carbon monoxide","554","40060","Richmond, VA","51","Virginia","087","Henrico","37.556520000912","-77.40027"
"10/30/2022","AQS","510870014","1","0.3","ppm","3","MathScience Innovation Center","24","100.0000","42101","Carbon monoxide","554","40060","Richmond, VA","51","Virginia","087","Henrico","37.556520000912","-77.40027"
"10/31/2022","AQS","510870014","1","0.3","ppm","3","MathScience Innovation Center","24","100.0000","42101","Carbon monoxide","554","40060","Richmond, VA","51","Virginia","087","Henrico","37.556520000912","-77.40027"
"11/01/2022","AQS","510870014","1","0.3","ppm","3","MathScience Innovation Center","24","100.0000","42101","Carbon monoxide","554","40060","Richmond, VA","51","Virginia","087","Henrico","37.556520000912","-77.40027"
"11/02/2022","AQS","510870014","1","0.3","ppm","3","MathScience Innovation Center","17","71.0000","42101","Carbon monoxide","554","40060","Richmond, VA","51","Virginia","087","Henrico","37.556520000912","-77.40027"
"11/03/2022","AQS","510870014","1","0.3","ppm","3","MathScience Innovation Center","24","100.0000","42101","Carbon monoxide","554","40060","Richmond, VA","51","Virginia","087","Henrico","37.556520000912","-77.40027"
"11/04/2022","AQS","510870014","1","0.3","ppm","3","MathScience Innovation Center","24","100.0000","42101","Carbon monoxide","554","40060","Richmond, VA","51","Virginia","087","Henrico","37.556520000912","-77.40027"
"11/05/2022","AQS","510870014","1","0.2","ppm","2","MathScience Innovation Center","24","100.0000","42101","Carbon monoxide","554","40060","Richmond, VA","51","Virginia","087","Henrico","37.556520000912","-77.40027"
"11/06/2022","AQS","510870014","1","0.2","ppm","2","MathScience Innovation Center","24","100.0000","42101","Carbon monoxide","554","40060","Richmond, VA","51","Virginia","087","Henrico","37.556520000912","-77.40027"
"11/07/2022","AQS","510870014","1","0.3","ppm","3","MathScience Innovation Center","24","100.0000","42101","Carbon monoxide","554","40060","Richmond, VA","51","Virginia","087","Henrico","37.556520000912","-77.40027"
"11/08/2022","AQS","510870014","1","0.3","ppm","3","MathScience Innovation Center","24","100.0000","42101","Carbon monoxide","554","40060","Richmond, VA","51","Virginia","087","Henrico","37.556520000912","-77.40027"
"11/09/2022","AQS","510870014","1","0.2","ppm","2","MathScience Innovation Center","24","100.0000","42101","Carbon monoxide","554","40060","Richmond, VA","51","Virginia","087","Henrico","37.556520000912","-77.40027"
"11/10/2022","AQS","510870014","1","0.2","ppm","2","MathScience Innovation Center","22","92.0000","42101","Carbon monoxide","554","40060","Richmond, VA","51","Virginia","087","Henrico","37.556520000912","-77.40027"
"11/11/2022","AQS","510870014","1","0.2","ppm","2","MathScience Innovation Center","24","100.0000","42101","Carbon monoxide","554","40060","Richmond, VA","51","Virginia","087","Henrico","37.556520000912","-77.40027"
"11/12/2022","AQS","510870014","1","0.3","ppm","3","MathScience Innovation Center","24","100.0000","42101","Carbon monoxide","554","40060","Richmond, VA","51","Virginia","087","Henrico","37.556520000912","-77.40027"
"11/13/2022","AQS","510870014","1","0.3","ppm","3","MathScience Innovation Center","24","100.0000","42101","Carbon monoxide","554","40060","Richmond, VA","51","Virginia","087","Henrico","37.556520000912","-77.40027"
"11/14/2022","AQS","510870014","1","0.3","ppm","3","MathScience Innovation Center","24","100.0000","42101","Carbon monoxide","554","40060","Richmond, VA","51","Virginia","087","Henrico","37.556520000912","-77.40027"
"11/15/2022","AQS","510870014","1","0.3","ppm","3","MathScience Innovation Center","24","100.0000","42101","Carbon monoxide","554","40060","Richmond, VA","51","Virginia","087","Henrico","37.556520000912","-77.40027"
"11/16/2022","AQS","510870014","1","0.2","ppm","2","MathScience Innovation Center","24","100.0000","42101","Carbon monoxide","554","40060","Richmond, VA","51","Virginia","087","Henrico","37.556520000912","-77.40027"
"11/17/2022","AQS","510870014","1","0.3","ppm","3","MathScience Innovation Center","24","100.0000","42101","Carbon monoxide","554","40060","Richmond, VA","51","Virginia","087","Henrico","37.556520000912","-77.40027"
"11/18/2022","AQS","510870014","1","0.5","ppm","6","MathScience Innovation Center","24","100.0000","42101","Carbon monoxide","554","40060","Richmond, VA","51","Virginia","087","Henrico","37.556520000912","-77.40027"
"11/19/2022","AQS","510870014","1","0.4","ppm","5","MathScience Innovation Center","24","100.0000","42101","Carbon monoxide","554","40060","Richmond, VA","51","Virginia","087","Henrico","37.556520000912","-77.40027"
"11/20/2022","AQS","510870014","1","0.4","ppm","5","MathScience Innovation Center","24","100.0000","42101","Carbon monoxide","554","40060","Richmond, VA","51","Virginia","087","Henrico","37.556520000912","-77.40027"
"11/21/2022","AQS","510870014","1","0.4","ppm","5","MathScience Innovation Center","24","100.0000","42101","Carbon monoxide","554","40060","Richmond, VA","51","Virginia","087","Henrico","37.556520000912","-77.40027"
"11/22/2022","AQS","510870014","1","0.4","ppm","5","MathScience Innovation Center","22","92.0000","42101","Carbon monoxide","554","40060","Richmond, VA","51","Virginia","087","Henrico","37.556520000912","-77.40027"
"11/23/2022","AQS","510870014","1","0.9","ppm","10","MathScience Innovation Center","24","100.0000","42101","Carbon monoxide","554","40060","Richmond, VA","51","Virginia","087","Henrico","37.556520000912","-77.40027"
"11/24/2022","AQS","510870014","1","0.7","ppm","8","MathScience Innovation Center","24","100.0000","42101","Carbon monoxide","554","40060","Richmond, VA","51","Virginia","087","Henrico","37.556520000912","-77.40027"
"11/25/2022","AQS","510870014","1","0.5","ppm","6","MathScience Innovation Center","24","100.0000","42101","Carbon monoxide","554","40060","Richmond, VA","51","Virginia","087","Henrico","37.556520000912","-77.40027"
"11/26/2022","AQS","510870014","1","0.5","ppm","6","MathScience Innovation Center","24","100.0000","42101","Carbon monoxide","554","40060","Richmond, VA","51","Virginia","087","Henrico","37.556520000912","-77.40027"
"11/27/2022","AQS","510870014","1","0.5","ppm","6","MathScience Innovation Center","10","42.0000","42101","Carbon monoxide","554","40060","Richmond, VA","51","Virginia","087","Henrico","37.556520000912","-77.40027"
"11/28/2022","AQS","510870014","1","0.1","ppm","1","MathScience Innovation Center","5","21.0000","42101","Carbon monoxide","554","40060","Richmond, VA","51","Virginia","087","Henrico","37.556520000912","-77.40027"
"11/29/2022","AQS","510870014","1","0.2","ppm","2","MathScience Innovation Center","24","100.0000","42101","Carbon monoxide","554","40060","Richmond, VA","51","Virginia","087","Henrico","37.556520000912","-77.40027"
"11/30/2022","AQS","510870014","1","0.2","ppm","2","MathScience Innovation Center","24","100.0000","42101","Carbon monoxide","554","40060","Richmond, VA","51","Virginia","087","Henrico","37.556520000912","-77.40027"
"12/01/2022","AQS","510870014","1","0.4","ppm","5","MathScience Innovation Center","24","100.0000","42101","Carbon monoxide","554","40060","Richmond, VA","51","Virginia","087","Henrico","37.556520000912","-77.40027"
"12/02/2022","AQS","510870014","1","0.5","ppm","6","MathScience Innovation Center","14","58.0000","42101","Carbon monoxide","554","40060","Richmond, VA","51","Virginia","087","Henrico","37.556520000912","-77.40027"
"12/03/2022","AQS","510870014","1","0.3","ppm","3","MathScience Innovation Center","24","100.0000","42101","Carbon monoxide","554","40060","Richmond, VA","51","Virginia","087","Henrico","37.556520000912","-77.40027"
"12/04/2022","AQS","510870014","1","0.5","ppm","6","MathScience Innovation Center","24","100.0000","42101","Carbon monoxide","554","40060","Richmond, VA","51","Virginia","087","Henrico","37.556520000912","-77.40027"
"12/05/2022","AQS","510870014","1","0.7","ppm","8","MathScience Innovation Center","24","100.0000","42101","Carbon monoxide","554","40060","Richmond, VA","51","Virginia","087","Henrico","37.556520000912","-77.40027"
"12/06/2022","AQS","510870014","1","0.8","ppm","9","MathScience Innovation Center","24","100.0000","42101","Carbon monoxide","554","40060","Richmond, VA","51","Virginia","087","Henrico","37.556520000912","-77.40027"
"12/07/2022","AQS","510870014","1","0.4","ppm","5","MathScience Innovation Center","24","100.0000","42101","Carbon monoxide","554","40060","Richmond, VA","51","Virginia","087","Henrico","37.556520000912","-77.40027"
"12/08/2022","AQS","510870014","1","0.3","ppm","3","MathScience Innovation Center","24","100.0000","42101","Carbon monoxide","554","40060","Richmond, VA","51","Virginia","087","Henrico","37.556520000912","-77.40027"
"12/09/2022","AQS","510870014","1","0.3","ppm","3","MathScience Innovation Center","24","100.0000","42101","Carbon monoxide","554","40060","Richmond, VA","51","Virginia","087","Henrico","37.556520000912","-77.40027"
"12/10/2022","AQS","510870014","1","0.2","ppm","2","MathScience Innovation Center","24","100.0000","42101","Carbon monoxide","554","40060","Richmond, VA","51","Virginia","087","Henrico","37.556520000912","-77.40027"
"12/11/2022","AQS","510870014","1","0.5","ppm","6","MathScience Innovation Center","24","100.0000","42101","Carbon monoxide","554","40060","Richmond, VA","51","Virginia","087","Henrico","37.556520000912","-77.40027"
"12/12/2022","AQS","510870014","1","0.5","ppm","6","MathScience Innovation Center","24","100.0000","42101","Carbon monoxide","554","40060","Richmond, VA","51","Virginia","087","Henrico","37.556520000912","-77.40027"
"12/13/2022","AQS","510870014","1","0.5","ppm","6","MathScience Innovation Center","24","100.0000","42101","Carbon monoxide","554","40060","Richmond, VA","51","Virginia","087","Henrico","37.556520000912","-77.40027"
"12/14/2022","AQS","510870014","1","0.9","ppm","10","MathScience Innovation Center","24","100.0000","42101","Carbon monoxide","554","40060","Richmond, VA","51","Virginia","087","Henrico","37.556520000912","-77.40027"
"12/15/2022","AQS","510870014","1","0.3","ppm","3","MathScience Innovation Center","24","100.0000","42101","Carbon monoxide","554","40060","Richmond, VA","51","Virginia","087","Henrico","37.556520000912","-77.40027"
"12/16/2022","AQS","510870014","1","0.5","ppm","6","MathScience Innovation Center","24","100.0000","42101","Carbon monoxide","554","40060","Richmond, VA","51","Virginia","087","Henrico","37.556520000912","-77.40027"
"12/17/2022","AQS","510870014","1","0.5","ppm","6","MathScience Innovation Center","24","100.0000","42101","Carbon monoxide","554","40060","Richmond, VA","51","Virginia","087","Henrico","37.556520000912","-77.40027"
"12/18/2022","AQS","510870014","1","0.5","ppm","6","MathScience Innovation Center","24","100.0000","42101","Carbon monoxide","554","40060","Richmond, VA","51","Virginia","087","Henrico","37.556520000912","-77.40027"
"12/19/2022","AQS","510870014","1","0.3","ppm","3","MathScience Innovation Center","21","88.0000","42101","Carbon monoxide","554","40060","Richmond, VA","51","Virginia","087","Henrico","37.556520000912","-77.40027"
"12/20/2022","AQS","510870014","1","0.5","ppm","6","MathScience Innovation Center","24","100.0000","42101","Carbon monoxide","554","40060","Richmond, VA","51","Virginia","087","Henrico","37.556520000912","-77.40027"
"12/21/2022","AQS","510870014","1","0.7","ppm","8","MathScience Innovation Center","24","100.0000","42101","Carbon monoxide","554","40060","Richmond, VA","51","Virginia","087","Henrico","37.556520000912","-77.40027"
"12/22/2022","AQS","510870014","1","0.3","ppm","3","MathScience Innovation Center","24","100.0000","42101","Carbon monoxide","554","40060","Richmond, VA","51","Virginia","087","Henrico","37.556520000912","-77.40027"
"12/23/2022","AQS","510870014","1","0.3","ppm","3","MathScience Innovation Center","24","100.0000","42101","Carbon monoxide","554","40060","Richmond, VA","51","Virginia","087","Henrico","37.556520000912","-77.40027"
"12/24/2022","AQS","510870014","1","0.2","ppm","2","MathScience Innovation Center","24","100.0000","42101","Carbon monoxide","554","40060","Richmond, VA","51","Virginia","087","Henrico","37.556520000912","-77.40027"
"12/25/2022","AQS","510870014","1","0.2","ppm","2","MathScience Innovation Center","24","100.0000","42101","Carbon monoxide","554","40060","Richmond, VA","51","Virginia","087","Henrico","37.556520000912","-77.40027"
"12/26/2022","AQS","510870014","1","0.5","ppm","6","MathScience Innovation Center","24","100.0000","42101","Carbon monoxide","554","40060","Richmond, VA","51","Virginia","087","Henrico","37.556520000912","-77.40027"
"12/27/2022","AQS","510870014","1","0.5","ppm","6","MathScience Innovation Center","24","100.0000","42101","Carbon monoxide","554","40060","Richmond, VA","51","Virginia","087","Henrico","37.556520000912","-77.40027"
"12/28/2022","AQS","510870014","1","0.5","ppm","6","MathScience Innovation Center","4","17.0000","42101","Carbon monoxide","554","40060","Richmond, VA","51","Virginia","087","Henrico","37.556520000912","-77.40027"
"01/01/2022","AQS","511611004","1","0.4","ppm","5","East Vinton Elementary School","19","79.0000","42101","Carbon monoxide","054","40220","Roanoke, VA","51","Virginia","161","Roanoke","37.2834200009096","-79.88452"
"01/02/2022","AQS","511611004","1","0.2","ppm","2","East Vinton Elementary School","24","100.0000","42101","Carbon monoxide","054","40220","Roanoke, VA","51","Virginia","161","Roanoke","37.2834200009096","-79.88452"
"01/03/2022","AQS","511611004","1","0.2","ppm","2","East Vinton Elementary School","24","100.0000","42101","Carbon monoxide","054","40220","Roanoke, VA","51","Virginia","161","Roanoke","37.2834200009096","-79.88452"
"01/04/2022","AQS","511611004","1","0.2","ppm","2","East Vinton Elementary School","24","100.0000","42101","Carbon monoxide","054","40220","Roanoke, VA","51","Virginia","161","Roanoke","37.2834200009096","-79.88452"
"01/05/2022","AQS","511611004","1","0.5","ppm","6","East Vinton Elementary School","24","100.0000","42101","Carbon monoxide","054","40220","Roanoke, VA","51","Virginia","161","Roanoke","37.2834200009096","-79.88452"
"01/06/2022","AQS","511611004","1","0.3","ppm","3","East Vinton Elementary School","24","100.0000","42101","Carbon monoxide","054","40220","Roanoke, VA","51","Virginia","161","Roanoke","37.2834200009096","-79.88452"
"01/07/2022","AQS","511611004","1","0.1","ppm","1","East Vinton Elementary School","24","100.0000","42101","Carbon monoxide","054","40220","Roanoke, VA","51","Virginia","161","Roanoke","37.2834200009096","-79.88452"
"01/08/2022","AQS","511611004","1","0.1","ppm","1","East Vinton Elementary School","24","100.0000","42101","Carbon monoxide","054","40220","Roanoke, VA","51","Virginia","161","Roanoke","37.2834200009096","-79.88452"
"01/09/2022","AQS","511611004","1","0.4","ppm","5","East Vinton Elementary School","24","100.0000","42101","Carbon monoxide","054","40220","Roanoke, VA","51","Virginia","161","Roanoke","37.2834200009096","-79.88452"
"01/10/2022","AQS","511611004","1","0.3","ppm","3","East Vinton Elementary School","24","100.0000","42101","Carbon monoxide","054","40220","Roanoke, VA","51","Virginia","161","Roanoke","37.2834200009096","-79.88452"
"01/11/2022","AQS","511611004","1","0.2","ppm","2","East Vinton Elementary School","24","100.0000","42101","Carbon monoxide","054","40220","Roanoke, VA","51","Virginia","161","Roanoke","37.2834200009096","-79.88452"
"01/12/2022","AQS","511611004","1","0.3","ppm","3","East Vinton Elementary School","24","100.0000","42101","Carbon monoxide","054","40220","Roanoke, VA","51","Virginia","161","Roanoke","37.2834200009096","-79.88452"
"01/13/2022","AQS","511611004","1","0.3","ppm","3","East Vinton Elementary School","24","100.0000","42101","Carbon monoxide","054","40220","Roanoke, VA","51","Virginia","161","Roanoke","37.2834200009096","-79.88452"
"01/14/2022","AQS","511611004","1","0.3","ppm","3","East Vinton Elementary School","24","100.0000","42101","Carbon monoxide","054","40220","Roanoke, VA","51","Virginia","161","Roanoke","37.2834200009096","-79.88452"
"01/15/2022","AQS","511611004","1","0.2","ppm","2","East Vinton Elementary School","24","100.0000","42101","Carbon monoxide","054","40220","Roanoke, VA","51","Virginia","161","Roanoke","37.2834200009096","-79.88452"
"01/16/2022","AQS","511611004","1","0.3","ppm","3","East Vinton Elementary School","24","100.0000","42101","Carbon monoxide","054","40220","Roanoke, VA","51","Virginia","161","Roanoke","37.2834200009096","-79.88452"
"01/17/2022","AQS","511611004","1","0.3","ppm","3","East Vinton Elementary School","24","100.0000","42101","Carbon monoxide","054","40220","Roanoke, VA","51","Virginia","161","Roanoke","37.2834200009096","-79.88452"
"01/18/2022","AQS","511611004","1","0.3","ppm","3","East Vinton Elementary School","24","100.0000","42101","Carbon monoxide","054","40220","Roanoke, VA","51","Virginia","161","Roanoke","37.2834200009096","-79.88452"
"01/19/2022","AQS","511611004","1","0.5","ppm","6","East Vinton Elementary School","24","100.0000","42101","Carbon monoxide","054","40220","Roanoke, VA","51","Virginia","161","Roanoke","37.2834200009096","-79.88452"
"01/20/2022","AQS","511611004","1","0.6","ppm","7","East Vinton Elementary School","24","100.0000","42101","Carbon monoxide","054","40220","Roanoke, VA","51","Virginia","161","Roanoke","37.2834200009096","-79.88452"
"01/21/2022","AQS","511611004","1","0.2","ppm","2","East Vinton Elementary School","24","100.0000","42101","Carbon monoxide","054","40220","Roanoke, VA","51","Virginia","161","Roanoke","37.2834200009096","-79.88452"
"01/22/2022","AQS","511611004","1","0.2","ppm","2","East Vinton Elementary School","24","100.0000","42101","Carbon monoxide","054","40220","Roanoke, VA","51","Virginia","161","Roanoke","37.2834200009096","-79.88452"
"01/23/2022","AQS","511611004","1","0.3","ppm","3","East Vinton Elementary School","24","100.0000","42101","Carbon monoxide","054","40220","Roanoke, VA","51","Virginia","161","Roanoke","37.2834200009096","-79.88452"
"01/24/2022","AQS","511611004","1","0.3","ppm","3","East Vinton Elementary School","24","100.0000","42101","Carbon monoxide","054","40220","Roanoke, VA","51","Virginia","161","Roanoke","37.2834200009096","-79.88452"
"01/25/2022","AQS","511611004","1","0.3","ppm","3","East Vinton Elementary School","24","100.0000","42101","Carbon monoxide","054","40220","Roanoke, VA","51","Virginia","161","Roanoke","37.2834200009096","-79.88452"
"01/26/2022","AQS","511611004","1","0.2","ppm","2","East Vinton Elementary School","24","100.0000","42101","Carbon monoxide","054","40220","Roanoke, VA","51","Virginia","161","Roanoke","37.2834200009096","-79.88452"
"01/27/2022","AQS","511611004","1","0.5","ppm","6","East Vinton Elementary School","24","100.0000","42101","Carbon monoxide","054","40220","Roanoke, VA","51","Virginia","161","Roanoke","37.2834200009096","-79.88452"
"01/28/2022","AQS","511611004","1","0.4","ppm","5","East Vinton Elementary School","24","100.0000","42101","Carbon monoxide","054","40220","Roanoke, VA","51","Virginia","161","Roanoke","37.2834200009096","-79.88452"
"01/29/2022","AQS","511611004","1","0.3","ppm","3","East Vinton Elementary School","24","100.0000","42101","Carbon monoxide","054","40220","Roanoke, VA","51","Virginia","161","Roanoke","37.2834200009096","-79.88452"
"01/30/2022","AQS","511611004","1","0.3","ppm","3","East Vinton Elementary School","24","100.0000","42101","Carbon monoxide","054","40220","Roanoke, VA","51","Virginia","161","Roanoke","37.2834200009096","-79.88452"
"01/31/2022","AQS","511611004","1","0.4","ppm","5","East Vinton Elementary School","24","100.0000","42101","Carbon monoxide","054","40220","Roanoke, VA","51","Virginia","161","Roanoke","37.2834200009096","-79.88452"
"02/01/2022","AQS","511611004","1","0.4","ppm","5","East Vinton Elementary School","24","100.0000","42101","Carbon monoxide","054","40220","Roanoke, VA","51","Virginia","161","Roanoke","37.2834200009096","-79.88452"
"02/02/2022","AQS","511611004","1","0.6","ppm","7","East Vinton Elementary School","24","100.0000","42101","Carbon monoxide","054","40220","Roanoke, VA","51","Virginia","161","Roanoke","37.2834200009096","-79.88452"
"02/03/2022","AQS","511611004","1","0.5","ppm","6","East Vinton Elementary School","24","100.0000","42101","Carbon monoxide","054","40220","Roanoke, VA","51","Virginia","161","Roanoke","37.2834200009096","-79.88452"
"02/04/2022","AQS","511611004","1","0.3","ppm","3","East Vinton Elementary School","24","100.0000","42101","Carbon monoxide","054","40220","Roanoke, VA","51","Virginia","161","Roanoke","37.2834200009096","-79.88452"
"02/05/2022","AQS","511611004","1","0.2","ppm","2","East Vinton Elementary School","24","100.0000","42101","Carbon monoxide","054","40220","Roanoke, VA","51","Virginia","161","Roanoke","37.2834200009096","-79.88452"
"02/06/2022","AQS","511611004","1","0.2","ppm","2","East Vinton Elementary School","24","100.0000","42101","Carbon monoxide","054","40220","Roanoke, VA","51","Virginia","161","Roanoke","37.2834200009096","-79.88452"
"02/07/2022","AQS","511611004","1","0.3","ppm","3","East Vinton Elementary School","24","100.0000","42101","Carbon monoxide","054","40220","Roanoke, VA","51","Virginia","161","Roanoke","37.2834200009096","-79.88452"
"02/08/2022","AQS","511611004","1","0.3","ppm","3","East Vinton Elementary School","24","100.0000","42101","Carbon monoxide","054","40220","Roanoke, VA","51","Virginia","161","Roanoke","37.2834200009096","-79.88452"
"02/09/2022","AQS","511611004","1","0.2","ppm","2","East Vinton Elementary School","24","100.0000","42101","Carbon monoxide","054","40220","Roanoke, VA","51","Virginia","161","Roanoke","37.2834200009096","-79.88452"
"02/10/2022","AQS","511611004","1","0.3","ppm","3","East Vinton Elementary School","24","100.0000","42101","Carbon monoxide","054","40220","Roanoke, VA","51","Virginia","161","Roanoke","37.2834200009096","-79.88452"
"02/11/2022","AQS","511611004","1","0.2","ppm","2","East Vinton Elementary School","24","100.0000","42101","Carbon monoxide","054","40220","Roanoke, VA","51","Virginia","161","Roanoke","37.2834200009096","-79.88452"
"02/12/2022","AQS","511611004","1","0.2","ppm","2","East Vinton Elementary School","24","100.0000","42101","Carbon monoxide","054","40220","Roanoke, VA","51","Virginia","161","Roanoke","37.2834200009096","-79.88452"
"02/13/2022","AQS","511611004","1","0.2","ppm","2","East Vinton Elementary School","24","100.0000","42101","Carbon monoxide","054","40220","Roanoke, VA","51","Virginia","161","Roanoke","37.2834200009096","-79.88452"
"02/14/2022","AQS","511611004","1","0.2","ppm","2","East Vinton Elementary School","24","100.0000","42101","Carbon monoxide","054","40220","Roanoke, VA","51","Virginia","161","Roanoke","37.2834200009096","-79.88452"
"02/15/2022","AQS","511611004","1","0.3","ppm","3","East Vinton Elementary School","24","100.0000","42101","Carbon monoxide","054","40220","Roanoke, VA","51","Virginia","161","Roanoke","37.2834200009096","-79.88452"
"02/16/2022","AQS","511611004","1","0.2","ppm","2","East Vinton Elementary School","24","100.0000","42101","Carbon monoxide","054","40220","Roanoke, VA","51","Virginia","161","Roanoke","37.2834200009096","-79.88452"
"02/17/2022","AQS","511611004","1","0.2","ppm","2","East Vinton Elementary School","24","100.0000","42101","Carbon monoxide","054","40220","Roanoke, VA","51","Virginia","161","Roanoke","37.2834200009096","-79.88452"
"02/18/2022","AQS","511611004","1","0.2","ppm","2","East Vinton Elementary School","24","100.0000","42101","Carbon monoxide","054","40220","Roanoke, VA","51","Virginia","161","Roanoke","37.2834200009096","-79.88452"
"02/19/2022","AQS","511611004","1","0.1","ppm","1","East Vinton Elementary School","24","100.0000","42101","Carbon monoxide","054","40220","Roanoke, VA","51","Virginia","161","Roanoke","37.2834200009096","-79.88452"
"02/20/2022","AQS","511611004","1","0.1","ppm","1","East Vinton Elementary School","24","100.0000","42101","Carbon monoxide","054","40220","Roanoke, VA","51","Virginia","161","Roanoke","37.2834200009096","-79.88452"
"02/21/2022","AQS","511611004","1","0.4","ppm","5","East Vinton Elementary School","24","100.0000","42101","Carbon monoxide","054","40220","Roanoke, VA","51","Virginia","161","Roanoke","37.2834200009096","-79.88452"
"02/22/2022","AQS","511611004","1","0.3","ppm","3","East Vinton Elementary School","24","100.0000","42101","Carbon monoxide","054","40220","Roanoke, VA","51","Virginia","161","Roanoke","37.2834200009096","-79.88452"
"02/23/2022","AQS","511611004","1","0.3","ppm","3","East Vinton Elementary School","24","100.0000","42101","Carbon monoxide","054","40220","Roanoke, VA","51","Virginia","161","Roanoke","37.2834200009096","-79.88452"
"02/24/2022","AQS","511611004","1","0.3","ppm","3","East Vinton Elementary School","24","100.0000","42101","Carbon monoxide","054","40220","Roanoke, VA","51","Virginia","161","Roanoke","37.2834200009096","-79.88452"
"02/25/2022","AQS","511611004","1","0.2","ppm","2","East Vinton Elementary School","24","100.0000","42101","Carbon monoxide","054","40220","Roanoke, VA","51","Virginia","161","Roanoke","37.2834200009096","-79.88452"
"02/26/2022","AQS","511611004","1","0.1","ppm","1","East Vinton Elementary School","24","100.0000","42101","Carbon monoxide","054","40220","Roanoke, VA","51","Virginia","161","Roanoke","37.2834200009096","-79.88452"
"02/27/2022","AQS","511611004","1","0.1","ppm","1","East Vinton Elementary School","24","100.0000","42101","Carbon monoxide","054","40220","Roanoke, VA","51","Virginia","161","Roanoke","37.2834200009096","-79.88452"
"02/28/2022","AQS","511611004","1","0.1","ppm","1","East Vinton Elementary School","24","100.0000","42101","Carbon monoxide","054","40220","Roanoke, VA","51","Virginia","161","Roanoke","37.2834200009096","-79.88452"
"03/01/2022","AQS","511611004","1","0.2","ppm","2","East Vinton Elementary School","24","100.0000","42101","Carbon monoxide","054","40220","Roanoke, VA","51","Virginia","161","Roanoke","37.2834200009096","-79.88452"
"03/02/2022","AQS","511611004","1","0.2","ppm","2","East Vinton Elementary School","24","100.0000","42101","Carbon monoxide","054","40220","Roanoke, VA","51","Virginia","161","Roanoke","37.2834200009096","-79.88452"
"03/03/2022","AQS","511611004","1","0.1","ppm","1","East Vinton Elementary School","24","100.0000","42101","Carbon monoxide","054","40220","Roanoke, VA","51","Virginia","161","Roanoke","37.2834200009096","-79.88452"
"03/04/2022","AQS","511611004","1","0.1","ppm","1","East Vinton Elementary School","24","100.0000","42101","Carbon monoxide","054","40220","Roanoke, VA","51","Virginia","161","Roanoke","37.2834200009096","-79.88452"
"03/05/2022","AQS","511611004","1","0.3","ppm","3","East Vinton Elementary School","24","100.0000","42101","Carbon monoxide","054","40220","Roanoke, VA","51","Virginia","161","Roanoke","37.2834200009096","-79.88452"
"03/06/2022","AQS","511611004","1","0.2","ppm","2","East Vinton Elementary School","24","100.0000","42101","Carbon monoxide","054","40220","Roanoke, VA","51","Virginia","161","Roanoke","37.2834200009096","-79.88452"
"03/07/2022","AQS","511611004","1","0.2","ppm","2","East Vinton Elementary School","24","100.0000","42101","Carbon monoxide","054","40220","Roanoke, VA","51","Virginia","161","Roanoke","37.2834200009096","-79.88452"
"03/08/2022","AQS","511611004","1","0.1","ppm","1","East Vinton Elementary School","24","100.0000","42101","Carbon monoxide","054","40220","Roanoke, VA","51","Virginia","161","Roanoke","37.2834200009096","-79.88452"
"03/09/2022","AQS","511611004","1","0.2","ppm","2","East Vinton Elementary School","24","100.0000","42101","Carbon monoxide","054","40220","Roanoke, VA","51","Virginia","161","Roanoke","37.2834200009096","-79.88452"
"03/10/2022","AQS","511611004","1","0.2","ppm","2","East Vinton Elementary School","24","100.0000","42101","Carbon monoxide","054","40220","Roanoke, VA","51","Virginia","161","Roanoke","37.2834200009096","-79.88452"
"03/11/2022","AQS","511611004","1","0.3","ppm","3","East Vinton Elementary School","24","100.0000","42101","Carbon monoxide","054","40220","Roanoke, VA","51","Virginia","161","Roanoke","37.2834200009096","-79.88452"
"03/12/2022","AQS","511611004","1","0.2","ppm","2","East Vinton Elementary School","24","100.0000","42101","Carbon monoxide","054","40220","Roanoke, VA","51","Virginia","161","Roanoke","37.2834200009096","-79.88452"
"03/13/2022","AQS","511611004","1","0.1","ppm","1","East Vinton Elementary School","24","100.0000","42101","Carbon monoxide","054","40220","Roanoke, VA","51","Virginia","161","Roanoke","37.2834200009096","-79.88452"
"03/14/2022","AQS","511611004","1","0.1","ppm","1","East Vinton Elementary School","24","100.0000","42101","Carbon monoxide","054","40220","Roanoke, VA","51","Virginia","161","Roanoke","37.2834200009096","-79.88452"
"03/15/2022","AQS","511611004","1","0.3","ppm","3","East Vinton Elementary School","24","100.0000","42101","Carbon monoxide","054","40220","Roanoke, VA","51","Virginia","161","Roanoke","37.2834200009096","-79.88452"
"03/16/2022","AQS","511611004","1","0.3","ppm","3","East Vinton Elementary School","24","100.0000","42101","Carbon monoxide","054","40220","Roanoke, VA","51","Virginia","161","Roanoke","37.2834200009096","-79.88452"
"03/17/2022","AQS","511611004","1","0.2","ppm","2","East Vinton Elementary School","24","100.0000","42101","Carbon monoxide","054","40220","Roanoke, VA","51","Virginia","161","Roanoke","37.2834200009096","-79.88452"
"03/18/2022","AQS","511611004","1","0.3","ppm","3","East Vinton Elementary School","24","100.0000","42101","Carbon monoxide","054","40220","Roanoke, VA","51","Virginia","161","Roanoke","37.2834200009096","-79.88452"
"03/19/2022","AQS","511611004","1","0.2","ppm","2","East Vinton Elementary School","24","100.0000","42101","Carbon monoxide","054","40220","Roanoke, VA","51","Virginia","161","Roanoke","37.2834200009096","-79.88452"
"03/20/2022","AQS","511611004","1","0.1","ppm","1","East Vinton Elementary School","24","100.0000","42101","Carbon monoxide","054","40220","Roanoke, VA","51","Virginia","161","Roanoke","37.2834200009096","-79.88452"
"03/21/2022","AQS","511611004","1","0.1","ppm","1","East Vinton Elementary School","24","100.0000","42101","Carbon monoxide","054","40220","Roanoke, VA","51","Virginia","161","Roanoke","37.2834200009096","-79.88452"
"03/22/2022","AQS","511611004","1","0.2","ppm","2","East Vinton Elementary School","24","100.0000","42101","Carbon monoxide","054","40220","Roanoke, VA","51","Virginia","161","Roanoke","37.2834200009096","-79.88452"
"03/23/2022","AQS","511611004","1","0.3","ppm","3","East Vinton Elementary School","18","75.0000","42101","Carbon monoxide","054","40220","Roanoke, VA","51","Virginia","161","Roanoke","37.2834200009096","-79.88452"
"03/24/2022","AQS","511611004","1","0.3","ppm","3","East Vinton Elementary School","24","100.0000","42101","Carbon monoxide","054","40220","Roanoke, VA","51","Virginia","161","Roanoke","37.2834200009096","-79.88452"
"03/25/2022","AQS","511611004","1","0.2","ppm","2","East Vinton Elementary School","24","100.0000","42101","Carbon monoxide","054","40220","Roanoke, VA","51","Virginia","161","Roanoke","37.2834200009096","-79.88452"
"03/26/2022","AQS","511611004","1","0.2","ppm","2","East Vinton Elementary School","24","100.0000","42101","Carbon monoxide","054","40220","Roanoke, VA","51","Virginia","161","Roanoke","37.2834200009096","-79.88452"
"03/27/2022","AQS","511611004","1","0.1","ppm","1","East Vinton Elementary School","24","100.0000","42101","Carbon monoxide","054","40220","Roanoke, VA","51","Virginia","161","Roanoke","37.2834200009096","-79.88452"
"03/28/2022","AQS","511611004","1","0.1","ppm","1","East Vinton Elementary School","24","100.0000","42101","Carbon monoxide","054","40220","Roanoke, VA","51","Virginia","161","Roanoke","37.2834200009096","-79.88452"
"03/29/2022","AQS","511611004","1","0.1","ppm","1","East Vinton Elementary School","24","100.0000","42101","Carbon monoxide","054","40220","Roanoke, VA","51","Virginia","161","Roanoke","37.2834200009096","-79.88452"
"03/30/2022","AQS","511611004","1","0.2","ppm","2","East Vinton Elementary School","24","100.0000","42101","Carbon monoxide","054","40220","Roanoke, VA","51","Virginia","161","Roanoke","37.2834200009096","-79.88452"
"03/31/2022","AQS","511611004","1","0.3","ppm","3","East Vinton Elementary School","24","100.0000","42101","Carbon monoxide","054","40220","Roanoke, VA","51","Virginia","161","Roanoke","37.2834200009096","-79.88452"
"04/01/2022","AQS","511611004","1","0.3","ppm","3","East Vinton Elementary School","24","100.0000","42101","Carbon monoxide","054","40220","Roanoke, VA","51","Virginia","161","Roanoke","37.2834200009096","-79.88452"
"04/02/2022","AQS","511611004","1","0.1","ppm","1","East Vinton Elementary School","24","100.0000","42101","Carbon monoxide","054","40220","Roanoke, VA","51","Virginia","161","Roanoke","37.2834200009096","-79.88452"
"04/03/2022","AQS","511611004","1","0","ppm","0","East Vinton Elementary School","24","100.0000","42101","Carbon monoxide","054","40220","Roanoke, VA","51","Virginia","161","Roanoke","37.2834200009096","-79.88452"
"04/04/2022","AQS","511611004","1","0.2","ppm","2","East Vinton Elementary School","24","100.0000","42101","Carbon monoxide","054","40220","Roanoke, VA","51","Virginia","161","Roanoke","37.2834200009096","-79.88452"
"04/05/2022","AQS","511611004","1","0.3","ppm","3","East Vinton Elementary School","24","100.0000","42101","Carbon monoxide","054","40220","Roanoke, VA","51","Virginia","161","Roanoke","37.2834200009096","-79.88452"
"04/06/2022","AQS","511611004","1","0.3","ppm","3","East Vinton Elementary School","24","100.0000","42101","Carbon monoxide","054","40220","Roanoke, VA","51","Virginia","161","Roanoke","37.2834200009096","-79.88452"
"04/07/2022","AQS","511611004","1","0.2","ppm","2","East Vinton Elementary School","24","100.0000","42101","Carbon monoxide","054","40220","Roanoke, VA","51","Virginia","161","Roanoke","37.2834200009096","-79.88452"
"04/08/2022","AQS","511611004","1","0.1","ppm","1","East Vinton Elementary School","24","100.0000","42101","Carbon monoxide","054","40220","Roanoke, VA","51","Virginia","161","Roanoke","37.2834200009096","-79.88452"
"04/09/2022","AQS","511611004","1","0.1","ppm","1","East Vinton Elementary School","24","100.0000","42101","Carbon monoxide","054","40220","Roanoke, VA","51","Virginia","161","Roanoke","37.2834200009096","-79.88452"
"04/10/2022","AQS","511611004","1","0.1","ppm","1","East Vinton Elementary School","24","100.0000","42101","Carbon monoxide","054","40220","Roanoke, VA","51","Virginia","161","Roanoke","37.2834200009096","-79.88452"
"04/11/2022","AQS","511611004","1","0.2","ppm","2","East Vinton Elementary School","24","100.0000","42101","Carbon monoxide","054","40220","Roanoke, VA","51","Virginia","161","Roanoke","37.2834200009096","-79.88452"
"04/12/2022","AQS","511611004","1","0.2","ppm","2","East Vinton Elementary School","24","100.0000","42101","Carbon monoxide","054","40220","Roanoke, VA","51","Virginia","161","Roanoke","37.2834200009096","-79.88452"
"04/13/2022","AQS","511611004","1","0.3","ppm","3","East Vinton Elementary School","24","100.0000","42101","Carbon monoxide","054","40220","Roanoke, VA","51","Virginia","161","Roanoke","37.2834200009096","-79.88452"
"04/14/2022","AQS","511611004","1","0.2","ppm","2","East Vinton Elementary School","24","100.0000","42101","Carbon monoxide","054","40220","Roanoke, VA","51","Virginia","161","Roanoke","37.2834200009096","-79.88452"
"04/15/2022","AQS","511611004","1","0.1","ppm","1","East Vinton Elementary School","24","100.0000","42101","Carbon monoxide","054","40220","Roanoke, VA","51","Virginia","161","Roanoke","37.2834200009096","-79.88452"
"04/16/2022","AQS","511611004","1","0.2","ppm","2","East Vinton Elementary School","24","100.0000","42101","Carbon monoxide","054","40220","Roanoke, VA","51","Virginia","161","Roanoke","37.2834200009096","-79.88452"
"04/17/2022","AQS","511611004","1","0.2","ppm","2","East Vinton Elementary School","24","100.0000","42101","Carbon monoxide","054","40220","Roanoke, VA","51","Virginia","161","Roanoke","37.2834200009096","-79.88452"
"04/18/2022","AQS","511611004","1","0.2","ppm","2","East Vinton Elementary School","24","100.0000","42101","Carbon monoxide","054","40220","Roanoke, VA","51","Virginia","161","Roanoke","37.2834200009096","-79.88452"
"04/19/2022","AQS","511611004","1","0.2","ppm","2","East Vinton Elementary School","24","100.0000","42101","Carbon monoxide","054","40220","Roanoke, VA","51","Virginia","161","Roanoke","37.2834200009096","-79.88452"
"04/20/2022","AQS","511611004","1","0.3","ppm","3","East Vinton Elementary School","24","100.0000","42101","Carbon monoxide","054","40220","Roanoke, VA","51","Virginia","161","Roanoke","37.2834200009096","-79.88452"
"04/21/2022","AQS","511611004","1","0.2","ppm","2","East Vinton Elementary School","24","100.0000","42101","Carbon monoxide","054","40220","Roanoke, VA","51","Virginia","161","Roanoke","37.2834200009096","-79.88452"
"04/22/2022","AQS","511611004","1","0.2","ppm","2","East Vinton Elementary School","24","100.0000","42101","Carbon monoxide","054","40220","Roanoke, VA","51","Virginia","161","Roanoke","37.2834200009096","-79.88452"
"04/23/2022","AQS","511611004","1","0.2","ppm","2","East Vinton Elementary School","24","100.0000","42101","Carbon monoxide","054","40220","Roanoke, VA","51","Virginia","161","Roanoke","37.2834200009096","-79.88452"
"04/24/2022","AQS","511611004","1","0.2","ppm","2","East Vinton Elementary School","12","50.0000","42101","Carbon monoxide","054","40220","Roanoke, VA","51","Virginia","161","Roanoke","37.2834200009096","-79.88452"
"04/25/2022","AQS","511611004","1","0.2","ppm","2","East Vinton Elementary School","23","96.0000","42101","Carbon monoxide","054","40220","Roanoke, VA","51","Virginia","161","Roanoke","37.2834200009096","-79.88452"
"04/26/2022","AQS","511611004","1","0.1","ppm","1","East Vinton Elementary School","24","100.0000","42101","Carbon monoxide","054","40220","Roanoke, VA","51","Virginia","161","Roanoke","37.2834200009096","-79.88452"
"04/27/2022","AQS","511611004","1","0","ppm","0","East Vinton Elementary School","24","100.0000","42101","Carbon monoxide","054","40220","Roanoke, VA","51","Virginia","161","Roanoke","37.2834200009096","-79.88452"
"04/28/2022","AQS","511611004","1","0.1","ppm","1","East Vinton Elementary School","24","100.0000","42101","Carbon monoxide","054","40220","Roanoke, VA","51","Virginia","161","Roanoke","37.2834200009096","-79.88452"
"04/29/2022","AQS","511611004","1","0.2","ppm","2","East Vinton Elementary School","24","100.0000","42101","Carbon monoxide","054","40220","Roanoke, VA","51","Virginia","161","Roanoke","37.2834200009096","-79.88452"
"04/30/2022","AQS","511611004","1","0.3","ppm","3","East Vinton Elementary School","24","100.0000","42101","Carbon monoxide","054","40220","Roanoke, VA","51","Virginia","161","Roanoke","37.2834200009096","-79.88452"
"05/01/2022","AQS","511611004","1","0.4","ppm","5","East Vinton Elementary School","24","100.0000","42101","Carbon monoxide","054","40220","Roanoke, VA","51","Virginia","161","Roanoke","37.2834200009096","-79.88452"
"05/02/2022","AQS","511611004","1","0.4","ppm","5","East Vinton Elementary School","24","100.0000","42101","Carbon monoxide","054","40220","Roanoke, VA","51","Virginia","161","Roanoke","37.2834200009096","-79.88452"
"05/03/2022","AQS","511611004","1","0.4","ppm","5","East Vinton Elementary School","24","100.0000","42101","Carbon monoxide","054","40220","Roanoke, VA","51","Virginia","161","Roanoke","37.2834200009096","-79.88452"
"05/04/2022","AQS","511611004","1","0.4","ppm","5","East Vinton Elementary School","24","100.0000","42101","Carbon monoxide","054","40220","Roanoke, VA","51","Virginia","161","Roanoke","37.2834200009096","-79.88452"
"05/05/2022","AQS","511611004","1","0.2","ppm","2","East Vinton Elementary School","24","100.0000","42101","Carbon monoxide","054","40220","Roanoke, VA","51","Virginia","161","Roanoke","37.2834200009096","-79.88452"
"05/06/2022","AQS","511611004","1","0.2","ppm","2","East Vinton Elementary School","24","100.0000","42101","Carbon monoxide","054","40220","Roanoke, VA","51","Virginia","161","Roanoke","37.2834200009096","-79.88452"
"05/07/2022","AQS","511611004","1","0.1","ppm","1","East Vinton Elementary School","24","100.0000","42101","Carbon monoxide","054","40220","Roanoke, VA","51","Virginia","161","Roanoke","37.2834200009096","-79.88452"
"05/08/2022","AQS","511611004","1","0","ppm","0","East Vinton Elementary School","24","100.0000","42101","Carbon monoxide","054","40220","Roanoke, VA","51","Virginia","161","Roanoke","37.2834200009096","-79.88452"
"05/09/2022","AQS","511611004","1","0","ppm","0","East Vinton Elementary School","24","100.0000","42101","Carbon monoxide","054","40220","Roanoke, VA","51","Virginia","161","Roanoke","37.2834200009096","-79.88452"
"05/10/2022","AQS","511611004","1","0.1","ppm","1","East Vinton Elementary School","24","100.0000","42101","Carbon monoxide","054","40220","Roanoke, VA","51","Virginia","161","Roanoke","37.2834200009096","-79.88452"
"05/11/2022","AQS","511611004","1","0.1","ppm","1","East Vinton Elementary School","24","100.0000","42101","Carbon monoxide","054","40220","Roanoke, VA","51","Virginia","161","Roanoke","37.2834200009096","-79.88452"
"05/12/2022","AQS","511611004","1","0.1","ppm","1","East Vinton Elementary School","24","100.0000","42101","Carbon monoxide","054","40220","Roanoke, VA","51","Virginia","161","Roanoke","37.2834200009096","-79.88452"
"05/13/2022","AQS","511611004","1","0.2","ppm","2","East Vinton Elementary School","24","100.0000","42101","Carbon monoxide","054","40220","Roanoke, VA","51","Virginia","161","Roanoke","37.2834200009096","-79.88452"
"05/14/2022","AQS","511611004","1","0.2","ppm","2","East Vinton Elementary School","24","100.0000","42101","Carbon monoxide","054","40220","Roanoke, VA","51","Virginia","161","Roanoke","37.2834200009096","-79.88452"
"05/15/2022","AQS","511611004","1","0.2","ppm","2","East Vinton Elementary School","24","100.0000","42101","Carbon monoxide","054","40220","Roanoke, VA","51","Virginia","161","Roanoke","37.2834200009096","-79.88452"
"05/16/2022","AQS","511611004","1","0.2","ppm","2","East Vinton Elementary School","24","100.0000","42101","Carbon monoxide","054","40220","Roanoke, VA","51","Virginia","161","Roanoke","37.2834200009096","-79.88452"
"05/17/2022","AQS","511611004","1","0","ppm","0","East Vinton Elementary School","24","100.0000","42101","Carbon monoxide","054","40220","Roanoke, VA","51","Virginia","161","Roanoke","37.2834200009096","-79.88452"
"05/18/2022","AQS","511611004","1","0.2","ppm","2","East Vinton Elementary School","24","100.0000","42101","Carbon monoxide","054","40220","Roanoke, VA","51","Virginia","161","Roanoke","37.2834200009096","-79.88452"
"05/19/2022","AQS","511611004","1","0.3","ppm","3","East Vinton Elementary School","24","100.0000","42101","Carbon monoxide","054","40220","Roanoke, VA","51","Virginia","161","Roanoke","37.2834200009096","-79.88452"
"05/20/2022","AQS","511611004","1","0.4","ppm","5","East Vinton Elementary School","24","100.0000","42101","Carbon monoxide","054","40220","Roanoke, VA","51","Virginia","161","Roanoke","37.2834200009096","-79.88452"
"05/21/2022","AQS","511611004","1","0.3","ppm","3","East Vinton Elementary School","24","100.0000","42101","Carbon monoxide","054","40220","Roanoke, VA","51","Virginia","161","Roanoke","37.2834200009096","-79.88452"
"05/22/2022","AQS","511611004","1","0.3","ppm","3","East Vinton Elementary School","24","100.0000","42101","Carbon monoxide","054","40220","Roanoke, VA","51","Virginia","161","Roanoke","37.2834200009096","-79.88452"
"05/23/2022","AQS","511611004","1","0.3","ppm","3","East Vinton Elementary School","24","100.0000","42101","Carbon monoxide","054","40220","Roanoke, VA","51","Virginia","161","Roanoke","37.2834200009096","-79.88452"
"05/24/2022","AQS","511611004","1","0.1","ppm","1","East Vinton Elementary School","24","100.0000","42101","Carbon monoxide","054","40220","Roanoke, VA","51","Virginia","161","Roanoke","37.2834200009096","-79.88452"
"05/25/2022","AQS","511611004","1","0.1","ppm","1","East Vinton Elementary School","24","100.0000","42101","Carbon monoxide","054","40220","Roanoke, VA","51","Virginia","161","Roanoke","37.2834200009096","-79.88452"
"05/26/2022","AQS","511611004","1","0.2","ppm","2","East Vinton Elementary School","24","100.0000","42101","Carbon monoxide","054","40220","Roanoke, VA","51","Virginia","161","Roanoke","37.2834200009096","-79.88452"
"05/27/2022","AQS","511611004","1","0.2","ppm","2","East Vinton Elementary School","24","100.0000","42101","Carbon monoxide","054","40220","Roanoke, VA","51","Virginia","161","Roanoke","37.2834200009096","-79.88452"
"05/28/2022","AQS","511611004","1","0.2","ppm","2","East Vinton Elementary School","24","100.0000","42101","Carbon monoxide","054","40220","Roanoke, VA","51","Virginia","161","Roanoke","37.2834200009096","-79.88452"
"05/29/2022","AQS","511611004","1","0.2","ppm","2","East Vinton Elementary School","24","100.0000","42101","Carbon monoxide","054","40220","Roanoke, VA","51","Virginia","161","Roanoke","37.2834200009096","-79.88452"
"05/30/2022","AQS","511611004","1","0.2","ppm","2","East Vinton Elementary School","24","100.0000","42101","Carbon monoxide","054","40220","Roanoke, VA","51","Virginia","161","Roanoke","37.2834200009096","-79.88452"
"05/31/2022","AQS","511611004","1","0.2","ppm","2","East Vinton Elementary School","24","100.0000","42101","Carbon monoxide","054","40220","Roanoke, VA","51","Virginia","161","Roanoke","37.2834200009096","-79.88452"
"06/01/2022","AQS","511611004","1","0.2","ppm","2","East Vinton Elementary School","24","100.0000","42101","Carbon monoxide","054","40220","Roanoke, VA","51","Virginia","161","Roanoke","37.2834200009096","-79.88452"
"06/02/2022","AQS","511611004","1","0.2","ppm","2","East Vinton Elementary School","24","100.0000","42101","Carbon monoxide","054","40220","Roanoke, VA","51","Virginia","161","Roanoke","37.2834200009096","-79.88452"
"06/03/2022","AQS","511611004","1","0.1","ppm","1","East Vinton Elementary School","24","100.0000","42101","Carbon monoxide","054","40220","Roanoke, VA","51","Virginia","161","Roanoke","37.2834200009096","-79.88452"
"06/04/2022","AQS","511611004","1","0.2","ppm","2","East Vinton Elementary School","24","100.0000","42101","Carbon monoxide","054","40220","Roanoke, VA","51","Virginia","161","Roanoke","37.2834200009096","-79.88452"
"06/05/2022","AQS","511611004","1","0.2","ppm","2","East Vinton Elementary School","24","100.0000","42101","Carbon monoxide","054","40220","Roanoke, VA","51","Virginia","161","Roanoke","37.2834200009096","-79.88452"
"06/06/2022","AQS","511611004","1","0.2","ppm","2","East Vinton Elementary School","24","100.0000","42101","Carbon monoxide","054","40220","Roanoke, VA","51","Virginia","161","Roanoke","37.2834200009096","-79.88452"
"06/07/2022","AQS","511611004","1","0.2","ppm","2","East Vinton Elementary School","24","100.0000","42101","Carbon monoxide","054","40220","Roanoke, VA","51","Virginia","161","Roanoke","37.2834200009096","-79.88452"
"06/08/2022","AQS","511611004","1","0.2","ppm","2","East Vinton Elementary School","17","71.0000","42101","Carbon monoxide","054","40220","Roanoke, VA","51","Virginia","161","Roanoke","37.2834200009096","-79.88452"
"06/09/2022","AQS","511611004","1","0.2","ppm","2","East Vinton Elementary School","24","100.0000","42101","Carbon monoxide","054","40220","Roanoke, VA","51","Virginia","161","Roanoke","37.2834200009096","-79.88452"
"06/10/2022","AQS","511611004","1","0.2","ppm","2","East Vinton Elementary School","24","100.0000","42101","Carbon monoxide","054","40220","Roanoke, VA","51","Virginia","161","Roanoke","37.2834200009096","-79.88452"
"06/11/2022","AQS","511611004","1","0.2","ppm","2","East Vinton Elementary School","24","100.0000","42101","Carbon monoxide","054","40220","Roanoke, VA","51","Virginia","161","Roanoke","37.2834200009096","-79.88452"
"06/12/2022","AQS","511611004","1","0.2","ppm","2","East Vinton Elementary School","24","100.0000","42101","Carbon monoxide","054","40220","Roanoke, VA","51","Virginia","161","Roanoke","37.2834200009096","-79.88452"
"06/13/2022","AQS","511611004","1","0.2","ppm","2","East Vinton Elementary School","24","100.0000","42101","Carbon monoxide","054","40220","Roanoke, VA","51","Virginia","161","Roanoke","37.2834200009096","-79.88452"
"06/14/2022","AQS","511611004","1","0.2","ppm","2","East Vinton Elementary School","24","100.0000","42101","Carbon monoxide","054","40220","Roanoke, VA","51","Virginia","161","Roanoke","37.2834200009096","-79.88452"
"06/15/2022","AQS","511611004","1","0.4","ppm","5","East Vinton Elementary School","15","63.0000","42101","Carbon monoxide","054","40220","Roanoke, VA","51","Virginia","161","Roanoke","37.2834200009096","-79.88452"
"06/16/2022","AQS","511611004","1","0.4","ppm","5","East Vinton Elementary School","24","100.0000","42101","Carbon monoxide","054","40220","Roanoke, VA","51","Virginia","161","Roanoke","37.2834200009096","-79.88452"
"06/17/2022","AQS","511611004","1","0.3","ppm","3","East Vinton Elementary School","24","100.0000","42101","Carbon monoxide","054","40220","Roanoke, VA","51","Virginia","161","Roanoke","37.2834200009096","-79.88452"
"06/18/2022","AQS","511611004","1","0.2","ppm","2","East Vinton Elementary School","24","100.0000","42101","Carbon monoxide","054","40220","Roanoke, VA","51","Virginia","161","Roanoke","37.2834200009096","-79.88452"
"06/19/2022","AQS","511611004","1","0.1","ppm","1","East Vinton Elementary School","24","100.0000","42101","Carbon monoxide","054","40220","Roanoke, VA","51","Virginia","161","Roanoke","37.2834200009096","-79.88452"
"06/20/2022","AQS","511611004","1","0.2","ppm","2","East Vinton Elementary School","24","100.0000","42101","Carbon monoxide","054","40220","Roanoke, VA","51","Virginia","161","Roanoke","37.2834200009096","-79.88452"
"06/21/2022","AQS","511611004","1","0.2","ppm","2","East Vinton Elementary School","24","100.0000","42101","Carbon monoxide","054","40220","Roanoke, VA","51","Virginia","161","Roanoke","37.2834200009096","-79.88452"
"06/22/2022","AQS","511611004","1","0.2","ppm","2","East Vinton Elementary School","24","100.0000","42101","Carbon monoxide","054","40220","Roanoke, VA","51","Virginia","161","Roanoke","37.2834200009096","-79.88452"
"06/23/2022","AQS","511611004","1","0.3","ppm","3","East Vinton Elementary School","24","100.0000","42101","Carbon monoxide","054","40220","Roanoke, VA","51","Virginia","161","Roanoke","37.2834200009096","-79.88452"
"06/24/2022","AQS","511611004","1","0.3","ppm","3","East Vinton Elementary School","24","100.0000","42101","Carbon monoxide","054","40220","Roanoke, VA","51","Virginia","161","Roanoke","37.2834200009096","-79.88452"
"06/25/2022","AQS","511611004","1","0.3","ppm","3","East Vinton Elementary School","24","100.0000","42101","Carbon monoxide","054","40220","Roanoke, VA","51","Virginia","161","Roanoke","37.2834200009096","-79.88452"
"06/26/2022","AQS","511611004","1","0.3","ppm","3","East Vinton Elementary School","24","100.0000","42101","Carbon monoxide","054","40220","Roanoke, VA","51","Virginia","161","Roanoke","37.2834200009096","-79.88452"
"06/27/2022","AQS","511611004","1","0.3","ppm","3","East Vinton Elementary School","24","100.0000","42101","Carbon monoxide","054","40220","Roanoke, VA","51","Virginia","161","Roanoke","37.2834200009096","-79.88452"
"06/28/2022","AQS","511611004","1","0.2","ppm","2","East Vinton Elementary School","24","100.0000","42101","Carbon monoxide","054","40220","Roanoke, VA","51","Virginia","161","Roanoke","37.2834200009096","-79.88452"
"06/29/2022","AQS","511611004","1","0.3","ppm","3","East Vinton Elementary School","24","100.0000","42101","Carbon monoxide","054","40220","Roanoke, VA","51","Virginia","161","Roanoke","37.2834200009096","-79.88452"
"06/30/2022","AQS","511611004","1","0.3","ppm","3","East Vinton Elementary School","24","100.0000","42101","Carbon monoxide","054","40220","Roanoke, VA","51","Virginia","161","Roanoke","37.2834200009096","-79.88452"
"07/01/2022","AQS","511611004","1","0.3","ppm","3","East Vinton Elementary School","24","100.0000","42101","Carbon monoxide","054","40220","Roanoke, VA","51","Virginia","161","Roanoke","37.2834200009096","-79.88452"
"07/02/2022","AQS","511611004","1","0.3","ppm","3","East Vinton Elementary School","24","100.0000","42101","Carbon monoxide","054","40220","Roanoke, VA","51","Virginia","161","Roanoke","37.2834200009096","-79.88452"
"07/03/2022","AQS","511611004","1","0.3","ppm","3","East Vinton Elementary School","24","100.0000","42101","Carbon monoxide","054","40220","Roanoke, VA","51","Virginia","161","Roanoke","37.2834200009096","-79.88452"
"07/04/2022","AQS","511611004","1","0.3","ppm","3","East Vinton Elementary School","24","100.0000","42101","Carbon monoxide","054","40220","Roanoke, VA","51","Virginia","161","Roanoke","37.2834200009096","-79.88452"
"07/05/2022","AQS","511611004","1","0.3","ppm","3","East Vinton Elementary School","24","100.0000","42101","Carbon monoxide","054","40220","Roanoke, VA","51","Virginia","161","Roanoke","37.2834200009096","-79.88452"
"07/06/2022","AQS","511611004","1","0.3","ppm","3","East Vinton Elementary School","24","100.0000","42101","Carbon monoxide","054","40220","Roanoke, VA","51","Virginia","161","Roanoke","37.2834200009096","-79.88452"
"07/07/2022","AQS","511611004","1","0.3","ppm","3","East Vinton Elementary School","24","100.0000","42101","Carbon monoxide","054","40220","Roanoke, VA","51","Virginia","161","Roanoke","37.2834200009096","-79.88452"
"07/08/2022","AQS","511611004","1","0.3","ppm","3","East Vinton Elementary School","24","100.0000","42101","Carbon monoxide","054","40220","Roanoke, VA","51","Virginia","161","Roanoke","37.2834200009096","-79.88452"
"07/09/2022","AQS","511611004","1","0.3","ppm","3","East Vinton Elementary School","24","100.0000","42101","Carbon monoxide","054","40220","Roanoke, VA","51","Virginia","161","Roanoke","37.2834200009096","-79.88452"
"07/10/2022","AQS","511611004","1","0.2","ppm","2","East Vinton Elementary School","24","100.0000","42101","Carbon monoxide","054","40220","Roanoke, VA","51","Virginia","161","Roanoke","37.2834200009096","-79.88452"
"07/11/2022","AQS","511611004","1","0.2","ppm","2","East Vinton Elementary School","24","100.0000","42101","Carbon monoxide","054","40220","Roanoke, VA","51","Virginia","161","Roanoke","37.2834200009096","-79.88452"
"07/12/2022","AQS","511611004","1","0.3","ppm","3","East Vinton Elementary School","24","100.0000","42101","Carbon monoxide","054","40220","Roanoke, VA","51","Virginia","161","Roanoke","37.2834200009096","-79.88452"
"07/13/2022","AQS","511611004","1","0.3","ppm","3","East Vinton Elementary School","24","100.0000","42101","Carbon monoxide","054","40220","Roanoke, VA","51","Virginia","161","Roanoke","37.2834200009096","-79.88452"
"07/14/2022","AQS","511611004","1","0.3","ppm","3","East Vinton Elementary School","24","100.0000","42101","Carbon monoxide","054","40220","Roanoke, VA","51","Virginia","161","Roanoke","37.2834200009096","-79.88452"
"07/15/2022","AQS","511611004","1","0.3","ppm","3","East Vinton Elementary School","24","100.0000","42101","Carbon monoxide","054","40220","Roanoke, VA","51","Virginia","161","Roanoke","37.2834200009096","-79.88452"
"07/16/2022","AQS","511611004","1","0.3","ppm","3","East Vinton Elementary School","24","100.0000","42101","Carbon monoxide","054","40220","Roanoke, VA","51","Virginia","161","Roanoke","37.2834200009096","-79.88452"
"07/17/2022","AQS","511611004","1","0.3","ppm","3","East Vinton Elementary School","24","100.0000","42101","Carbon monoxide","054","40220","Roanoke, VA","51","Virginia","161","Roanoke","37.2834200009096","-79.88452"
"07/18/2022","AQS","511611004","1","0.3","ppm","3","East Vinton Elementary School","24","100.0000","42101","Carbon monoxide","054","40220","Roanoke, VA","51","Virginia","161","Roanoke","37.2834200009096","-79.88452"
"07/19/2022","AQS","511611004","1","0.3","ppm","3","East Vinton Elementary School","24","100.0000","42101","Carbon monoxide","054","40220","Roanoke, VA","51","Virginia","161","Roanoke","37.2834200009096","-79.88452"
"07/20/2022","AQS","511611004","1","0.3","ppm","3","East Vinton Elementary School","24","100.0000","42101","Carbon monoxide","054","40220","Roanoke, VA","51","Virginia","161","Roanoke","37.2834200009096","-79.88452"
"07/21/2022","AQS","511611004","1","0.3","ppm","3","East Vinton Elementary School","24","100.0000","42101","Carbon monoxide","054","40220","Roanoke, VA","51","Virginia","161","Roanoke","37.2834200009096","-79.88452"
"07/22/2022","AQS","511611004","1","0.3","ppm","3","East Vinton Elementary School","24","100.0000","42101","Carbon monoxide","054","40220","Roanoke, VA","51","Virginia","161","Roanoke","37.2834200009096","-79.88452"
"07/23/2022","AQS","511611004","1","0.3","ppm","3","East Vinton Elementary School","24","100.0000","42101","Carbon monoxide","054","40220","Roanoke, VA","51","Virginia","161","Roanoke","37.2834200009096","-79.88452"
"07/24/2022","AQS","511611004","1","0.3","ppm","3","East Vinton Elementary School","24","100.0000","42101","Carbon monoxide","054","40220","Roanoke, VA","51","Virginia","161","Roanoke","37.2834200009096","-79.88452"
"07/25/2022","AQS","511611004","1","0.3","ppm","3","East Vinton Elementary School","24","100.0000","42101","Carbon monoxide","054","40220","Roanoke, VA","51","Virginia","161","Roanoke","37.2834200009096","-79.88452"
"07/26/2022","AQS","511611004","1","0.3","ppm","3","East Vinton Elementary School","24","100.0000","42101","Carbon monoxide","054","40220","Roanoke, VA","51","Virginia","161","Roanoke","37.2834200009096","-79.88452"
"07/27/2022","AQS","511611004","1","0.3","ppm","3","East Vinton Elementary School","24","100.0000","42101","Carbon monoxide","054","40220","Roanoke, VA","51","Virginia","161","Roanoke","37.2834200009096","-79.88452"
"07/28/2022","AQS","511611004","1","0.3","ppm","3","East Vinton Elementary School","24","100.0000","42101","Carbon monoxide","054","40220","Roanoke, VA","51","Virginia","161","Roanoke","37.2834200009096","-79.88452"
"07/29/2022","AQS","511611004","1","0.3","ppm","3","East Vinton Elementary School","24","100.0000","42101","Carbon monoxide","054","40220","Roanoke, VA","51","Virginia","161","Roanoke","37.2834200009096","-79.88452"
"07/30/2022","AQS","511611004","1","0.3","ppm","3","East Vinton Elementary School","24","100.0000","42101","Carbon monoxide","054","40220","Roanoke, VA","51","Virginia","161","Roanoke","37.2834200009096","-79.88452"
"07/31/2022","AQS","511611004","1","0.4","ppm","5","East Vinton Elementary School","24","100.0000","42101","Carbon monoxide","054","40220","Roanoke, VA","51","Virginia","161","Roanoke","37.2834200009096","-79.88452"
"08/01/2022","AQS","511611004","1","0.3","ppm","3","East Vinton Elementary School","24","100.0000","42101","Carbon monoxide","054","40220","Roanoke, VA","51","Virginia","161","Roanoke","37.2834200009096","-79.88452"
"08/02/2022","AQS","511611004","1","0.3","ppm","3","East Vinton Elementary School","24","100.0000","42101","Carbon monoxide","054","40220","Roanoke, VA","51","Virginia","161","Roanoke","37.2834200009096","-79.88452"
"08/03/2022","AQS","511611004","1","0.4","ppm","5","East Vinton Elementary School","24","100.0000","42101","Carbon monoxide","054","40220","Roanoke, VA","51","Virginia","161","Roanoke","37.2834200009096","-79.88452"
"08/04/2022","AQS","511611004","1","0.4","ppm","5","East Vinton Elementary School","24","100.0000","42101","Carbon monoxide","054","40220","Roanoke, VA","51","Virginia","161","Roanoke","37.2834200009096","-79.88452"
"08/05/2022","AQS","511611004","1","0.3","ppm","3","East Vinton Elementary School","24","100.0000","42101","Carbon monoxide","054","40220","Roanoke, VA","51","Virginia","161","Roanoke","37.2834200009096","-79.88452"
"08/06/2022","AQS","511611004","1","0.3","ppm","3","East Vinton Elementary School","24","100.0000","42101","Carbon monoxide","054","40220","Roanoke, VA","51","Virginia","161","Roanoke","37.2834200009096","-79.88452"
"08/07/2022","AQS","511611004","1","0.3","ppm","3","East Vinton Elementary School","24","100.0000","42101","Carbon monoxide","054","40220","Roanoke, VA","51","Virginia","161","Roanoke","37.2834200009096","-79.88452"
"08/08/2022","AQS","511611004","1","0.4","ppm","5","East Vinton Elementary School","16","67.0000","42101","Carbon monoxide","054","40220","Roanoke, VA","51","Virginia","161","Roanoke","37.2834200009096","-79.88452"
"08/09/2022","AQS","511611004","1","0.4","ppm","5","East Vinton Elementary School","24","100.0000","42101","Carbon monoxide","054","40220","Roanoke, VA","51","Virginia","161","Roanoke","37.2834200009096","-79.88452"
"08/10/2022","AQS","511611004","1","0.3","ppm","3","East Vinton Elementary School","24","100.0000","42101","Carbon monoxide","054","40220","Roanoke, VA","51","Virginia","161","Roanoke","37.2834200009096","-79.88452"
"08/11/2022","AQS","511611004","1","0.3","ppm","3","East Vinton Elementary School","24","100.0000","42101","Carbon monoxide","054","40220","Roanoke, VA","51","Virginia","161","Roanoke","37.2834200009096","-79.88452"
"08/12/2022","AQS","511611004","1","0.3","ppm","3","East Vinton Elementary School","24","100.0000","42101","Carbon monoxide","054","40220","Roanoke, VA","51","Virginia","161","Roanoke","37.2834200009096","-79.88452"
"08/13/2022","AQS","511611004","1","0.2","ppm","2","East Vinton Elementary School","24","100.0000","42101","Carbon monoxide","054","40220","Roanoke, VA","51","Virginia","161","Roanoke","37.2834200009096","-79.88452"
"08/14/2022","AQS","511611004","1","0.3","ppm","3","East Vinton Elementary School","24","100.0000","42101","Carbon monoxide","054","40220","Roanoke, VA","51","Virginia","161","Roanoke","37.2834200009096","-79.88452"
"08/15/2022","AQS","511611004","1","0.3","ppm","3","East Vinton Elementary School","24","100.0000","42101","Carbon monoxide","054","40220","Roanoke, VA","51","Virginia","161","Roanoke","37.2834200009096","-79.88452"
"08/16/2022","AQS","511611004","1","0.3","ppm","3","East Vinton Elementary School","24","100.0000","42101","Carbon monoxide","054","40220","Roanoke, VA","51","Virginia","161","Roanoke","37.2834200009096","-79.88452"
"08/17/2022","AQS","511611004","1","0.3","ppm","3","East Vinton Elementary School","24","100.0000","42101","Carbon monoxide","054","40220","Roanoke, VA","51","Virginia","161","Roanoke","37.2834200009096","-79.88452"
"08/18/2022","AQS","511611004","1","0.3","ppm","3","East Vinton Elementary School","24","100.0000","42101","Carbon monoxide","054","40220","Roanoke, VA","51","Virginia","161","Roanoke","37.2834200009096","-79.88452"
"08/19/2022","AQS","511611004","1","0.3","ppm","3","East Vinton Elementary School","24","100.0000","42101","Carbon monoxide","054","40220","Roanoke, VA","51","Virginia","161","Roanoke","37.2834200009096","-79.88452"
"08/20/2022","AQS","511611004","1","0.4","ppm","5","East Vinton Elementary School","24","100.0000","42101","Carbon monoxide","054","40220","Roanoke, VA","51","Virginia","161","Roanoke","37.2834200009096","-79.88452"
"08/21/2022","AQS","511611004","1","0.4","ppm","5","East Vinton Elementary School","24","100.0000","42101","Carbon monoxide","054","40220","Roanoke, VA","51","Virginia","161","Roanoke","37.2834200009096","-79.88452"
"08/22/2022","AQS","511611004","1","0.3","ppm","3","East Vinton Elementary School","24","100.0000","42101","Carbon monoxide","054","40220","Roanoke, VA","51","Virginia","161","Roanoke","37.2834200009096","-79.88452"
"08/23/2022","AQS","511611004","1","0.3","ppm","3","East Vinton Elementary School","24","100.0000","42101","Carbon monoxide","054","40220","Roanoke, VA","51","Virginia","161","Roanoke","37.2834200009096","-79.88452"
"08/24/2022","AQS","511611004","1","0.3","ppm","3","East Vinton Elementary School","24","100.0000","42101","Carbon monoxide","054","40220","Roanoke, VA","51","Virginia","161","Roanoke","37.2834200009096","-79.88452"
"08/25/2022","AQS","511611004","1","0.4","ppm","5","East Vinton Elementary School","24","100.0000","42101","Carbon monoxide","054","40220","Roanoke, VA","51","Virginia","161","Roanoke","37.2834200009096","-79.88452"
"08/26/2022","AQS","511611004","1","0.4","ppm","5","East Vinton Elementary School","24","100.0000","42101","Carbon monoxide","054","40220","Roanoke, VA","51","Virginia","161","Roanoke","37.2834200009096","-79.88452"
"08/27/2022","AQS","511611004","1","0.4","ppm","5","East Vinton Elementary School","24","100.0000","42101","Carbon monoxide","054","40220","Roanoke, VA","51","Virginia","161","Roanoke","37.2834200009096","-79.88452"
"08/28/2022","AQS","511611004","1","0.4","ppm","5","East Vinton Elementary School","24","100.0000","42101","Carbon monoxide","054","40220","Roanoke, VA","51","Virginia","161","Roanoke","37.2834200009096","-79.88452"
"08/29/2022","AQS","511611004","1","0.4","ppm","5","East Vinton Elementary School","24","100.0000","42101","Carbon monoxide","054","40220","Roanoke, VA","51","Virginia","161","Roanoke","37.2834200009096","-79.88452"
"08/30/2022","AQS","511611004","1","0.3","ppm","3","East Vinton Elementary School","24","100.0000","42101","Carbon monoxide","054","40220","Roanoke, VA","51","Virginia","161","Roanoke","37.2834200009096","-79.88452"
"08/31/2022","AQS","511611004","1","0.2","ppm","2","East Vinton Elementary School","24","100.0000","42101","Carbon monoxide","054","40220","Roanoke, VA","51","Virginia","161","Roanoke","37.2834200009096","-79.88452"
"09/01/2022","AQS","511611004","1","0.3","ppm","3","East Vinton Elementary School","24","100.0000","42101","Carbon monoxide","054","40220","Roanoke, VA","51","Virginia","161","Roanoke","37.2834200009096","-79.88452"
"09/02/2022","AQS","511611004","1","0.3","ppm","3","East Vinton Elementary School","24","100.0000","42101","Carbon monoxide","054","40220","Roanoke, VA","51","Virginia","161","Roanoke","37.2834200009096","-79.88452"
"09/03/2022","AQS","511611004","1","0.4","ppm","5","East Vinton Elementary School","24","100.0000","42101","Carbon monoxide","054","40220","Roanoke, VA","51","Virginia","161","Roanoke","37.2834200009096","-79.88452"
"09/04/2022","AQS","511611004","1","0.4","ppm","5","East Vinton Elementary School","24","100.0000","42101","Carbon monoxide","054","40220","Roanoke, VA","51","Virginia","161","Roanoke","37.2834200009096","-79.88452"
"09/05/2022","AQS","511611004","1","0.3","ppm","3","East Vinton Elementary School","24","100.0000","42101","Carbon monoxide","054","40220","Roanoke, VA","51","Virginia","161","Roanoke","37.2834200009096","-79.88452"
"09/06/2022","AQS","511611004","1","0.3","ppm","3","East Vinton Elementary School","24","100.0000","42101","Carbon monoxide","054","40220","Roanoke, VA","51","Virginia","161","Roanoke","37.2834200009096","-79.88452"
"09/07/2022","AQS","511611004","1","0.3","ppm","3","East Vinton Elementary School","24","100.0000","42101","Carbon monoxide","054","40220","Roanoke, VA","51","Virginia","161","Roanoke","37.2834200009096","-79.88452"
"09/08/2022","AQS","511611004","1","0.3","ppm","3","East Vinton Elementary School","24","100.0000","42101","Carbon monoxide","054","40220","Roanoke, VA","51","Virginia","161","Roanoke","37.2834200009096","-79.88452"
"09/09/2022","AQS","511611004","1","0.3","ppm","3","East Vinton Elementary School","24","100.0000","42101","Carbon monoxide","054","40220","Roanoke, VA","51","Virginia","161","Roanoke","37.2834200009096","-79.88452"
"09/10/2022","AQS","511611004","1","0.2","ppm","2","East Vinton Elementary School","24","100.0000","42101","Carbon monoxide","054","40220","Roanoke, VA","51","Virginia","161","Roanoke","37.2834200009096","-79.88452"
"09/11/2022","AQS","511611004","1","0.2","ppm","2","East Vinton Elementary School","24","100.0000","42101","Carbon monoxide","054","40220","Roanoke, VA","51","Virginia","161","Roanoke","37.2834200009096","-79.88452"
"09/12/2022","AQS","511611004","1","0.3","ppm","3","East Vinton Elementary School","24","100.0000","42101","Carbon monoxide","054","40220","Roanoke, VA","51","Virginia","161","Roanoke","37.2834200009096","-79.88452"
"09/13/2022","AQS","511611004","1","0.2","ppm","2","East Vinton Elementary School","24","100.0000","42101","Carbon monoxide","054","40220","Roanoke, VA","51","Virginia","161","Roanoke","37.2834200009096","-79.88452"
"09/14/2022","AQS","511611004","1","0.3","ppm","3","East Vinton Elementary School","24","100.0000","42101","Carbon monoxide","054","40220","Roanoke, VA","51","Virginia","161","Roanoke","37.2834200009096","-79.88452"
"09/15/2022","AQS","511611004","1","0.4","ppm","5","East Vinton Elementary School","24","100.0000","42101","Carbon monoxide","054","40220","Roanoke, VA","51","Virginia","161","Roanoke","37.2834200009096","-79.88452"
"09/16/2022","AQS","511611004","1","0.4","ppm","5","East Vinton Elementary School","24","100.0000","42101","Carbon monoxide","054","40220","Roanoke, VA","51","Virginia","161","Roanoke","37.2834200009096","-79.88452"
"09/17/2022","AQS","511611004","1","0.3","ppm","3","East Vinton Elementary School","24","100.0000","42101","Carbon monoxide","054","40220","Roanoke, VA","51","Virginia","161","Roanoke","37.2834200009096","-79.88452"
"09/18/2022","AQS","511611004","1","0.3","ppm","3","East Vinton Elementary School","24","100.0000","42101","Carbon monoxide","054","40220","Roanoke, VA","51","Virginia","161","Roanoke","37.2834200009096","-79.88452"
"09/19/2022","AQS","511611004","1","0.3","ppm","3","East Vinton Elementary School","24","100.0000","42101","Carbon monoxide","054","40220","Roanoke, VA","51","Virginia","161","Roanoke","37.2834200009096","-79.88452"
"09/20/2022","AQS","511611004","1","0.3","ppm","3","East Vinton Elementary School","24","100.0000","42101","Carbon monoxide","054","40220","Roanoke, VA","51","Virginia","161","Roanoke","37.2834200009096","-79.88452"
"09/21/2022","AQS","511611004","1","0.4","ppm","5","East Vinton Elementary School","24","100.0000","42101","Carbon monoxide","054","40220","Roanoke, VA","51","Virginia","161","Roanoke","37.2834200009096","-79.88452"
"09/22/2022","AQS","511611004","1","0.4","ppm","5","East Vinton Elementary School","24","100.0000","42101","Carbon monoxide","054","40220","Roanoke, VA","51","Virginia","161","Roanoke","37.2834200009096","-79.88452"
"09/23/2022","AQS","511611004","1","0.2","ppm","2","East Vinton Elementary School","24","100.0000","42101","Carbon monoxide","054","40220","Roanoke, VA","51","Virginia","161","Roanoke","37.2834200009096","-79.88452"
"09/24/2022","AQS","511611004","1","0.3","ppm","3","East Vinton Elementary School","24","100.0000","42101","Carbon monoxide","054","40220","Roanoke, VA","51","Virginia","161","Roanoke","37.2834200009096","-79.88452"
"09/25/2022","AQS","511611004","1","0.3","ppm","3","East Vinton Elementary School","24","100.0000","42101","Carbon monoxide","054","40220","Roanoke, VA","51","Virginia","161","Roanoke","37.2834200009096","-79.88452"
"09/26/2022","AQS","511611004","1","0.3","ppm","3","East Vinton Elementary School","24","100.0000","42101","Carbon monoxide","054","40220","Roanoke, VA","51","Virginia","161","Roanoke","37.2834200009096","-79.88452"
"09/27/2022","AQS","511611004","1","0.2","ppm","2","East Vinton Elementary School","24","100.0000","42101","Carbon monoxide","054","40220","Roanoke, VA","51","Virginia","161","Roanoke","37.2834200009096","-79.88452"
"09/28/2022","AQS","511611004","1","0.2","ppm","2","East Vinton Elementary School","16","67.0000","42101","Carbon monoxide","054","40220","Roanoke, VA","51","Virginia","161","Roanoke","37.2834200009096","-79.88452"
"09/29/2022","AQS","511611004","1","0.3","ppm","3","East Vinton Elementary School","24","100.0000","42101","Carbon monoxide","054","40220","Roanoke, VA","51","Virginia","161","Roanoke","37.2834200009096","-79.88452"
"09/30/2022","AQS","511611004","1","0.2","ppm","2","East Vinton Elementary School","24","100.0000","42101","Carbon monoxide","054","40220","Roanoke, VA","51","Virginia","161","Roanoke","37.2834200009096","-79.88452"
"10/01/2022","AQS","511611004","1","0.2","ppm","2","East Vinton Elementary School","24","100.0000","42101","Carbon monoxide","054","40220","Roanoke, VA","51","Virginia","161","Roanoke","37.2834200009096","-79.88452"
"10/02/2022","AQS","511611004","1","0.2","ppm","2","East Vinton Elementary School","24","100.0000","42101","Carbon monoxide","054","40220","Roanoke, VA","51","Virginia","161","Roanoke","37.2834200009096","-79.88452"
"10/03/2022","AQS","511611004","1","0.2","ppm","2","East Vinton Elementary School","24","100.0000","42101","Carbon monoxide","054","40220","Roanoke, VA","51","Virginia","161","Roanoke","37.2834200009096","-79.88452"
"10/04/2022","AQS","511611004","1","0.2","ppm","2","East Vinton Elementary School","24","100.0000","42101","Carbon monoxide","054","40220","Roanoke, VA","51","Virginia","161","Roanoke","37.2834200009096","-79.88452"
"10/05/2022","AQS","511611004","1","0.2","ppm","2","East Vinton Elementary School","24","100.0000","42101","Carbon monoxide","054","40220","Roanoke, VA","51","Virginia","161","Roanoke","37.2834200009096","-79.88452"
"10/06/2022","AQS","511611004","1","0.3","ppm","3","East Vinton Elementary School","24","100.0000","42101","Carbon monoxide","054","40220","Roanoke, VA","51","Virginia","161","Roanoke","37.2834200009096","-79.88452"
"10/07/2022","AQS","511611004","1","0.3","ppm","3","East Vinton Elementary School","24","100.0000","42101","Carbon monoxide","054","40220","Roanoke, VA","51","Virginia","161","Roanoke","37.2834200009096","-79.88452"
"10/08/2022","AQS","511611004","1","0.2","ppm","2","East Vinton Elementary School","24","100.0000","42101","Carbon monoxide","054","40220","Roanoke, VA","51","Virginia","161","Roanoke","37.2834200009096","-79.88452"
"10/09/2022","AQS","511611004","1","0.3","ppm","3","East Vinton Elementary School","24","100.0000","42101","Carbon monoxide","054","40220","Roanoke, VA","51","Virginia","161","Roanoke","37.2834200009096","-79.88452"
"10/10/2022","AQS","511611004","1","0.3","ppm","3","East Vinton Elementary School","24","100.0000","42101","Carbon monoxide","054","40220","Roanoke, VA","51","Virginia","161","Roanoke","37.2834200009096","-79.88452"
"10/11/2022","AQS","511611004","1","0.3","ppm","3","East Vinton Elementary School","24","100.0000","42101","Carbon monoxide","054","40220","Roanoke, VA","51","Virginia","161","Roanoke","37.2834200009096","-79.88452"
"10/12/2022","AQS","511611004","1","0.3","ppm","3","East Vinton Elementary School","24","100.0000","42101","Carbon monoxide","054","40220","Roanoke, VA","51","Virginia","161","Roanoke","37.2834200009096","-79.88452"
"10/13/2022","AQS","511611004","1","0.3","ppm","3","East Vinton Elementary School","24","100.0000","42101","Carbon monoxide","054","40220","Roanoke, VA","51","Virginia","161","Roanoke","37.2834200009096","-79.88452"
"10/14/2022","AQS","511611004","1","0.2","ppm","2","East Vinton Elementary School","24","100.0000","42101","Carbon monoxide","054","40220","Roanoke, VA","51","Virginia","161","Roanoke","37.2834200009096","-79.88452"
"10/15/2022","AQS","511611004","1","0.3","ppm","3","East Vinton Elementary School","24","100.0000","42101","Carbon monoxide","054","40220","Roanoke, VA","51","Virginia","161","Roanoke","37.2834200009096","-79.88452"
"10/16/2022","AQS","511611004","1","0.3","ppm","3","East Vinton Elementary School","24","100.0000","42101","Carbon monoxide","054","40220","Roanoke, VA","51","Virginia","161","Roanoke","37.2834200009096","-79.88452"
"10/17/2022","AQS","511611004","1","0.2","ppm","2","East Vinton Elementary School","24","100.0000","42101","Carbon monoxide","054","40220","Roanoke, VA","51","Virginia","161","Roanoke","37.2834200009096","-79.88452"
"10/18/2022","AQS","511611004","1","0.2","ppm","2","East Vinton Elementary School","24","100.0000","42101","Carbon monoxide","054","40220","Roanoke, VA","51","Virginia","161","Roanoke","37.2834200009096","-79.88452"
"10/19/2022","AQS","511611004","1","0.2","ppm","2","East Vinton Elementary School","24","100.0000","42101","Carbon monoxide","054","40220","Roanoke, VA","51","Virginia","161","Roanoke","37.2834200009096","-79.88452"
"10/20/2022","AQS","511611004","1","0.3","ppm","3","East Vinton Elementary School","24","100.0000","42101","Carbon monoxide","054","40220","Roanoke, VA","51","Virginia","161","Roanoke","37.2834200009096","-79.88452"
"10/21/2022","AQS","511611004","1","0.3","ppm","3","East Vinton Elementary School","24","100.0000","42101","Carbon monoxide","054","40220","Roanoke, VA","51","Virginia","161","Roanoke","37.2834200009096","-79.88452"
"10/22/2022","AQS","511611004","1","0.3","ppm","3","East Vinton Elementary School","24","100.0000","42101","Carbon monoxide","054","40220","Roanoke, VA","51","Virginia","161","Roanoke","37.2834200009096","-79.88452"
"10/23/2022","AQS","511611004","1","0.3","ppm","3","East Vinton Elementary School","24","100.0000","42101","Carbon monoxide","054","40220","Roanoke, VA","51","Virginia","161","Roanoke","37.2834200009096","-79.88452"
"10/24/2022","AQS","511611004","1","0.2","ppm","2","East Vinton Elementary School","24","100.0000","42101","Carbon monoxide","054","40220","Roanoke, VA","51","Virginia","161","Roanoke","37.2834200009096","-79.88452"
"10/25/2022","AQS","511611004","1","0.3","ppm","3","East Vinton Elementary School","24","100.0000","42101","Carbon monoxide","054","40220","Roanoke, VA","51","Virginia","161","Roanoke","37.2834200009096","-79.88452"
"10/26/2022","AQS","511611004","1","0.1","ppm","1","East Vinton Elementary School","24","100.0000","42101","Carbon monoxide","054","40220","Roanoke, VA","51","Virginia","161","Roanoke","37.2834200009096","-79.88452"
"10/27/2022","AQS","511611004","1","0.2","ppm","2","East Vinton Elementary School","24","100.0000","42101","Carbon monoxide","054","40220","Roanoke, VA","51","Virginia","161","Roanoke","37.2834200009096","-79.88452"
"10/28/2022","AQS","511611004","1","0.3","ppm","3","East Vinton Elementary School","24","100.0000","42101","Carbon monoxide","054","40220","Roanoke, VA","51","Virginia","161","Roanoke","37.2834200009096","-79.88452"
"10/29/2022","AQS","511611004","1","0.2","ppm","2","East Vinton Elementary School","24","100.0000","42101","Carbon monoxide","054","40220","Roanoke, VA","51","Virginia","161","Roanoke","37.2834200009096","-79.88452"
"10/30/2022","AQS","511611004","1","0.2","ppm","2","East Vinton Elementary School","24","100.0000","42101","Carbon monoxide","054","40220","Roanoke, VA","51","Virginia","161","Roanoke","37.2834200009096","-79.88452"
"10/31/2022","AQS","511611004","1","0.3","ppm","3","East Vinton Elementary School","24","100.0000","42101","Carbon monoxide","054","40220","Roanoke, VA","51","Virginia","161","Roanoke","37.2834200009096","-79.88452"
"11/01/2022","AQS","511611004","1","0.3","ppm","3","East Vinton Elementary School","24","100.0000","42101","Carbon monoxide","054","40220","Roanoke, VA","51","Virginia","161","Roanoke","37.2834200009096","-79.88452"
"11/02/2022","AQS","511611004","1","0.3","ppm","3","East Vinton Elementary School","24","100.0000","42101","Carbon monoxide","054","40220","Roanoke, VA","51","Virginia","161","Roanoke","37.2834200009096","-79.88452"
"11/03/2022","AQS","511611004","1","0.3","ppm","3","East Vinton Elementary School","24","100.0000","42101","Carbon monoxide","054","40220","Roanoke, VA","51","Virginia","161","Roanoke","37.2834200009096","-79.88452"
"11/04/2022","AQS","511611004","1","0.3","ppm","3","East Vinton Elementary School","24","100.0000","42101","Carbon monoxide","054","40220","Roanoke, VA","51","Virginia","161","Roanoke","37.2834200009096","-79.88452"
"11/05/2022","AQS","511611004","1","0.2","ppm","2","East Vinton Elementary School","24","100.0000","42101","Carbon monoxide","054","40220","Roanoke, VA","51","Virginia","161","Roanoke","37.2834200009096","-79.88452"
"11/06/2022","AQS","511611004","1","0.2","ppm","2","East Vinton Elementary School","24","100.0000","42101","Carbon monoxide","054","40220","Roanoke, VA","51","Virginia","161","Roanoke","37.2834200009096","-79.88452"
"11/07/2022","AQS","511611004","1","0.3","ppm","3","East Vinton Elementary School","24","100.0000","42101","Carbon monoxide","054","40220","Roanoke, VA","51","Virginia","161","Roanoke","37.2834200009096","-79.88452"
"11/08/2022","AQS","511611004","1","0.1","ppm","1","East Vinton Elementary School","24","100.0000","42101","Carbon monoxide","054","40220","Roanoke, VA","51","Virginia","161","Roanoke","37.2834200009096","-79.88452"
"11/09/2022","AQS","511611004","1","0.3","ppm","3","East Vinton Elementary School","24","100.0000","42101","Carbon monoxide","054","40220","Roanoke, VA","51","Virginia","161","Roanoke","37.2834200009096","-79.88452"
"11/10/2022","AQS","511611004","1","0.3","ppm","3","East Vinton Elementary School","24","100.0000","42101","Carbon monoxide","054","40220","Roanoke, VA","51","Virginia","161","Roanoke","37.2834200009096","-79.88452"
"11/11/2022","AQS","511611004","1","0.3","ppm","3","East Vinton Elementary School","24","100.0000","42101","Carbon monoxide","054","40220","Roanoke, VA","51","Virginia","161","Roanoke","37.2834200009096","-79.88452"
"11/12/2022","AQS","511611004","1","0.2","ppm","2","East Vinton Elementary School","24","100.0000","42101","Carbon monoxide","054","40220","Roanoke, VA","51","Virginia","161","Roanoke","37.2834200009096","-79.88452"
"11/13/2022","AQS","511611004","1","0.2","ppm","2","East Vinton Elementary School","24","100.0000","42101","Carbon monoxide","054","40220","Roanoke, VA","51","Virginia","161","Roanoke","37.2834200009096","-79.88452"
"11/14/2022","AQS","511611004","1","0.3","ppm","3","East Vinton Elementary School","24","100.0000","42101","Carbon monoxide","054","40220","Roanoke, VA","51","Virginia","161","Roanoke","37.2834200009096","-79.88452"
"11/15/2022","AQS","511611004","1","0.4","ppm","5","East Vinton Elementary School","24","100.0000","42101","Carbon monoxide","054","40220","Roanoke, VA","51","Virginia","161","Roanoke","37.2834200009096","-79.88452"
"11/16/2022","AQS","511611004","1","0.3","ppm","3","East Vinton Elementary School","24","100.0000","42101","Carbon monoxide","054","40220","Roanoke, VA","51","Virginia","161","Roanoke","37.2834200009096","-79.88452"
"11/17/2022","AQS","511611004","1","0.2","ppm","2","East Vinton Elementary School","24","100.0000","42101","Carbon monoxide","054","40220","Roanoke, VA","51","Virginia","161","Roanoke","37.2834200009096","-79.88452"
"11/18/2022","AQS","511611004","1","0.3","ppm","3","East Vinton Elementary School","24","100.0000","42101","Carbon monoxide","054","40220","Roanoke, VA","51","Virginia","161","Roanoke","37.2834200009096","-79.88452"
"11/19/2022","AQS","511611004","1","0.1","ppm","1","East Vinton Elementary School","24","100.0000","42101","Carbon monoxide","054","40220","Roanoke, VA","51","Virginia","161","Roanoke","37.2834200009096","-79.88452"
"11/20/2022","AQS","511611004","1","0.1","ppm","1","East Vinton Elementary School","24","100.0000","42101","Carbon monoxide","054","40220","Roanoke, VA","51","Virginia","161","Roanoke","37.2834200009096","-79.88452"
"11/21/2022","AQS","511611004","1","0.2","ppm","2","East Vinton Elementary School","24","100.0000","42101","Carbon monoxide","054","40220","Roanoke, VA","51","Virginia","161","Roanoke","37.2834200009096","-79.88452"
"11/22/2022","AQS","511611004","1","0.3","ppm","3","East Vinton Elementary School","24","100.0000","42101","Carbon monoxide","054","40220","Roanoke, VA","51","Virginia","161","Roanoke","37.2834200009096","-79.88452"
"11/23/2022","AQS","511611004","1","0.3","ppm","3","East Vinton Elementary School","24","100.0000","42101","Carbon monoxide","054","40220","Roanoke, VA","51","Virginia","161","Roanoke","37.2834200009096","-79.88452"
"11/24/2022","AQS","511611004","1","0.5","ppm","6","East Vinton Elementary School","24","100.0000","42101","Carbon monoxide","054","40220","Roanoke, VA","51","Virginia","161","Roanoke","37.2834200009096","-79.88452"
"11/25/2022","AQS","511611004","1","0.2","ppm","2","East Vinton Elementary School","24","100.0000","42101","Carbon monoxide","054","40220","Roanoke, VA","51","Virginia","161","Roanoke","37.2834200009096","-79.88452"
"11/26/2022","AQS","511611004","1","0.2","ppm","2","East Vinton Elementary School","24","100.0000","42101","Carbon monoxide","054","40220","Roanoke, VA","51","Virginia","161","Roanoke","37.2834200009096","-79.88452"
"11/27/2022","AQS","511611004","1","0.3","ppm","3","East Vinton Elementary School","24","100.0000","42101","Carbon monoxide","054","40220","Roanoke, VA","51","Virginia","161","Roanoke","37.2834200009096","-79.88452"
"11/28/2022","AQS","511611004","1","0.1","ppm","1","East Vinton Elementary School","24","100.0000","42101","Carbon monoxide","054","40220","Roanoke, VA","51","Virginia","161","Roanoke","37.2834200009096","-79.88452"
"11/29/2022","AQS","511611004","1","0.3","ppm","3","East Vinton Elementary School","24","100.0000","42101","Carbon monoxide","054","40220","Roanoke, VA","51","Virginia","161","Roanoke","37.2834200009096","-79.88452"
"11/30/2022","AQS","511611004","1","0.2","ppm","2","East Vinton Elementary School","24","100.0000","42101","Carbon monoxide","054","40220","Roanoke, VA","51","Virginia","161","Roanoke","37.2834200009096","-79.88452"
"12/01/2022","AQS","511611004","1","0.3","ppm","3","East Vinton Elementary School","24","100.0000","42101","Carbon monoxide","054","40220","Roanoke, VA","51","Virginia","161","Roanoke","37.2834200009096","-79.88452"
"12/02/2022","AQS","511611004","1","0.4","ppm","5","East Vinton Elementary School","24","100.0000","42101","Carbon monoxide","054","40220","Roanoke, VA","51","Virginia","161","Roanoke","37.2834200009096","-79.88452"
"12/03/2022","AQS","511611004","1","0.3","ppm","3","East Vinton Elementary School","24","100.0000","42101","Carbon monoxide","054","40220","Roanoke, VA","51","Virginia","161","Roanoke","37.2834200009096","-79.88452"
"12/04/2022","AQS","511611004","1","0.3","ppm","3","East Vinton Elementary School","24","100.0000","42101","Carbon monoxide","054","40220","Roanoke, VA","51","Virginia","161","Roanoke","37.2834200009096","-79.88452"
"12/05/2022","AQS","511611004","1","0.4","ppm","5","East Vinton Elementary School","24","100.0000","42101","Carbon monoxide","054","40220","Roanoke, VA","51","Virginia","161","Roanoke","37.2834200009096","-79.88452"
"12/06/2022","AQS","511611004","1","0.3","ppm","3","East Vinton Elementary School","24","100.0000","42101","Carbon monoxide","054","40220","Roanoke, VA","51","Virginia","161","Roanoke","37.2834200009096","-79.88452"
"12/07/2022","AQS","511611004","1","0.6","ppm","7","East Vinton Elementary School","24","100.0000","42101","Carbon monoxide","054","40220","Roanoke, VA","51","Virginia","161","Roanoke","37.2834200009096","-79.88452"
"12/08/2022","AQS","511611004","1","0.5","ppm","6","East Vinton Elementary School","24","100.0000","42101","Carbon monoxide","054","40220","Roanoke, VA","51","Virginia","161","Roanoke","37.2834200009096","-79.88452"
"12/09/2022","AQS","511611004","1","0.2","ppm","2","East Vinton Elementary School","24","100.0000","42101","Carbon monoxide","054","40220","Roanoke, VA","51","Virginia","161","Roanoke","37.2834200009096","-79.88452"
"12/10/2022","AQS","511611004","1","0.2","ppm","2","East Vinton Elementary School","24","100.0000","42101","Carbon monoxide","054","40220","Roanoke, VA","51","Virginia","161","Roanoke","37.2834200009096","-79.88452"
"12/11/2022","AQS","511611004","1","0.2","ppm","2","East Vinton Elementary School","24","100.0000","42101","Carbon monoxide","054","40220","Roanoke, VA","51","Virginia","161","Roanoke","37.2834200009096","-79.88452"
"12/12/2022","AQS","511611004","1","0.2","ppm","2","East Vinton Elementary School","24","100.0000","42101","Carbon monoxide","054","40220","Roanoke, VA","51","Virginia","161","Roanoke","37.2834200009096","-79.88452"
"12/13/2022","AQS","511611004","1","0.2","ppm","2","East Vinton Elementary School","24","100.0000","42101","Carbon monoxide","054","40220","Roanoke, VA","51","Virginia","161","Roanoke","37.2834200009096","-79.88452"
"12/14/2022","AQS","511611004","1","0.3","ppm","3","East Vinton Elementary School","24","100.0000","42101","Carbon monoxide","054","40220","Roanoke, VA","51","Virginia","161","Roanoke","37.2834200009096","-79.88452"
"12/15/2022","AQS","511611004","1","0.2","ppm","2","East Vinton Elementary School","24","100.0000","42101","Carbon monoxide","054","40220","Roanoke, VA","51","Virginia","161","Roanoke","37.2834200009096","-79.88452"
"12/16/2022","AQS","511611004","1","0.3","ppm","3","East Vinton Elementary School","24","100.0000","42101","Carbon monoxide","054","40220","Roanoke, VA","51","Virginia","161","Roanoke","37.2834200009096","-79.88452"
"12/17/2022","AQS","511611004","1","0.2","ppm","2","East Vinton Elementary School","24","100.0000","42101","Carbon monoxide","054","40220","Roanoke, VA","51","Virginia","161","Roanoke","37.2834200009096","-79.88452"
"12/18/2022","AQS","511611004","1","0.2","ppm","2","East Vinton Elementary School","24","100.0000","42101","Carbon monoxide","054","40220","Roanoke, VA","51","Virginia","161","Roanoke","37.2834200009096","-79.88452"
"12/19/2022","AQS","511611004","1","0.1","ppm","1","East Vinton Elementary School","24","100.0000","42101","Carbon monoxide","054","40220","Roanoke, VA","51","Virginia","161","Roanoke","37.2834200009096","-79.88452"
"12/20/2022","AQS","511611004","1","0.3","ppm","3","East Vinton Elementary School","24","100.0000","42101","Carbon monoxide","054","40220","Roanoke, VA","51","Virginia","161","Roanoke","37.2834200009096","-79.88452"
"12/21/2022","AQS","511611004","1","0.5","ppm","6","East Vinton Elementary School","24","100.0000","42101","Carbon monoxide","054","40220","Roanoke, VA","51","Virginia","161","Roanoke","37.2834200009096","-79.88452"
"12/22/2022","AQS","511611004","1","0.3","ppm","3","East Vinton Elementary School","24","100.0000","42101","Carbon monoxide","054","40220","Roanoke, VA","51","Virginia","161","Roanoke","37.2834200009096","-79.88452"
"12/23/2022","AQS","511611004","1","0.3","ppm","3","East Vinton Elementary School","24","100.0000","42101","Carbon monoxide","054","40220","Roanoke, VA","51","Virginia","161","Roanoke","37.2834200009096","-79.88452"
"12/24/2022","AQS","511611004","1","0.2","ppm","2","East Vinton Elementary School","24","100.0000","42101","Carbon monoxide","054","40220","Roanoke, VA","51","Virginia","161","Roanoke","37.2834200009096","-79.88452"
"12/25/2022","AQS","511611004","1","0.2","ppm","2","East Vinton Elementary School","24","100.0000","42101","Carbon monoxide","054","40220","Roanoke, VA","51","Virginia","161","Roanoke","37.2834200009096","-79.88452"
"12/26/2022","AQS","511611004","1","0.3","ppm","3","East Vinton Elementary School","24","100.0000","42101","Carbon monoxide","054","40220","Roanoke, VA","51","Virginia","161","Roanoke","37.2834200009096","-79.88452"
"12/27/2022","AQS","511611004","1","0.4","ppm","5","East Vinton Elementary School","24","100.0000","42101","Carbon monoxide","054","40220","Roanoke, VA","51","Virginia","161","Roanoke","37.2834200009096","-79.88452"
"12/28/2022","AQS","511611004","1","0.6","ppm","7","East Vinton Elementary School","24","100.0000","42101","Carbon monoxide","054","40220","Roanoke, VA","51","Virginia","161","Roanoke","37.2834200009096","-79.88452"
"12/29/2022","AQS","511611004","1","0.5","ppm","6","East Vinton Elementary School","24","100.0000","42101","Carbon monoxide","054","40220","Roanoke, VA","51","Virginia","161","Roanoke","37.2834200009096","-79.88452"
"12/30/2022","AQS","511611004","1","0.5","ppm","6","East Vinton Elementary School","24","100.0000","42101","Carbon monoxide","054","40220","Roanoke, VA","51","Virginia","161","Roanoke","37.2834200009096","-79.88452"
"12/31/2022","AQS","511611004","1","0.5","ppm","6","East Vinton Elementary School","24","100.0000","42101","Carbon monoxide","054","40220","Roanoke, VA","51","Virginia","161","Roanoke","37.2834200009096","-79.88452"
"01/01/2022","AQS","516500008","1","0.2","ppm","2","NASA Langley Research Center","19","79.0000","42101","Carbon monoxide","054","47260","Virginia Beach-Norfolk-Newport News, VA-NC","51","Virginia","650","Hampton City","37.103733000908","-76.3870167"
"01/02/2022","AQS","516500008","1","0.2","ppm","2","NASA Langley Research Center","24","100.0000","42101","Carbon monoxide","054","47260","Virginia Beach-Norfolk-Newport News, VA-NC","51","Virginia","650","Hampton City","37.103733000908","-76.3870167"
"01/03/2022","AQS","516500008","1","0.2","ppm","2","NASA Langley Research Center","24","100.0000","42101","Carbon monoxide","054","47260","Virginia Beach-Norfolk-Newport News, VA-NC","51","Virginia","650","Hampton City","37.103733000908","-76.3870167"
"01/04/2022","AQS","516500008","1","0.2","ppm","2","NASA Langley Research Center","24","100.0000","42101","Carbon monoxide","054","47260","Virginia Beach-Norfolk-Newport News, VA-NC","51","Virginia","650","Hampton City","37.103733000908","-76.3870167"
"01/05/2022","AQS","516500008","1","0.2","ppm","2","NASA Langley Research Center","24","100.0000","42101","Carbon monoxide","054","47260","Virginia Beach-Norfolk-Newport News, VA-NC","51","Virginia","650","Hampton City","37.103733000908","-76.3870167"
"01/06/2022","AQS","516500008","1","0.3","ppm","3","NASA Langley Research Center","24","100.0000","42101","Carbon monoxide","054","47260","Virginia Beach-Norfolk-Newport News, VA-NC","51","Virginia","650","Hampton City","37.103733000908","-76.3870167"
"01/07/2022","AQS","516500008","1","0.2","ppm","2","NASA Langley Research Center","24","100.0000","42101","Carbon monoxide","054","47260","Virginia Beach-Norfolk-Newport News, VA-NC","51","Virginia","650","Hampton City","37.103733000908","-76.3870167"
"01/08/2022","AQS","516500008","1","0.3","ppm","3","NASA Langley Research Center","24","100.0000","42101","Carbon monoxide","054","47260","Virginia Beach-Norfolk-Newport News, VA-NC","51","Virginia","650","Hampton City","37.103733000908","-76.3870167"
"01/09/2022","AQS","516500008","1","0.3","ppm","3","NASA Langley Research Center","24","100.0000","42101","Carbon monoxide","054","47260","Virginia Beach-Norfolk-Newport News, VA-NC","51","Virginia","650","Hampton City","37.103733000908","-76.3870167"
"01/10/2022","AQS","516500008","1","0.2","ppm","2","NASA Langley Research Center","24","100.0000","42101","Carbon monoxide","054","47260","Virginia Beach-Norfolk-Newport News, VA-NC","51","Virginia","650","Hampton City","37.103733000908","-76.3870167"
"01/11/2022","AQS","516500008","1","0.2","ppm","2","NASA Langley Research Center","24","100.0000","42101","Carbon monoxide","054","47260","Virginia Beach-Norfolk-Newport News, VA-NC","51","Virginia","650","Hampton City","37.103733000908","-76.3870167"
"01/12/2022","AQS","516500008","1","0.3","ppm","3","NASA Langley Research Center","24","100.0000","42101","Carbon monoxide","054","47260","Virginia Beach-Norfolk-Newport News, VA-NC","51","Virginia","650","Hampton City","37.103733000908","-76.3870167"
"01/13/2022","AQS","516500008","1","0.3","ppm","3","NASA Langley Research Center","24","100.0000","42101","Carbon monoxide","054","47260","Virginia Beach-Norfolk-Newport News, VA-NC","51","Virginia","650","Hampton City","37.103733000908","-76.3870167"
"01/14/2022","AQS","516500008","1","0.3","ppm","3","NASA Langley Research Center","24","100.0000","42101","Carbon monoxide","054","47260","Virginia Beach-Norfolk-Newport News, VA-NC","51","Virginia","650","Hampton City","37.103733000908","-76.3870167"
"01/15/2022","AQS","516500008","1","0.2","ppm","2","NASA Langley Research Center","24","100.0000","42101","Carbon monoxide","054","47260","Virginia Beach-Norfolk-Newport News, VA-NC","51","Virginia","650","Hampton City","37.103733000908","-76.3870167"
"01/16/2022","AQS","516500008","1","0.2","ppm","2","NASA Langley Research Center","24","100.0000","42101","Carbon monoxide","054","47260","Virginia Beach-Norfolk-Newport News, VA-NC","51","Virginia","650","Hampton City","37.103733000908","-76.3870167"
"01/17/2022","AQS","516500008","1","0.3","ppm","3","NASA Langley Research Center","24","100.0000","42101","Carbon monoxide","054","47260","Virginia Beach-Norfolk-Newport News, VA-NC","51","Virginia","650","Hampton City","37.103733000908","-76.3870167"
"01/18/2022","AQS","516500008","1","0.4","ppm","5","NASA Langley Research Center","24","100.0000","42101","Carbon monoxide","054","47260","Virginia Beach-Norfolk-Newport News, VA-NC","51","Virginia","650","Hampton City","37.103733000908","-76.3870167"
"01/19/2022","AQS","516500008","1","0.6","ppm","7","NASA Langley Research Center","24","100.0000","42101","Carbon monoxide","054","47260","Virginia Beach-Norfolk-Newport News, VA-NC","51","Virginia","650","Hampton City","37.103733000908","-76.3870167"
"01/20/2022","AQS","516500008","1","0.2","ppm","2","NASA Langley Research Center","24","100.0000","42101","Carbon monoxide","054","47260","Virginia Beach-Norfolk-Newport News, VA-NC","51","Virginia","650","Hampton City","37.103733000908","-76.3870167"
"01/21/2022","AQS","516500008","1","0.2","ppm","2","NASA Langley Research Center","24","100.0000","42101","Carbon monoxide","054","47260","Virginia Beach-Norfolk-Newport News, VA-NC","51","Virginia","650","Hampton City","37.103733000908","-76.3870167"
"01/22/2022","AQS","516500008","1","0.4","ppm","5","NASA Langley Research Center","24","100.0000","42101","Carbon monoxide","054","47260","Virginia Beach-Norfolk-Newport News, VA-NC","51","Virginia","650","Hampton City","37.103733000908","-76.3870167"
"01/23/2022","AQS","516500008","1","0.5","ppm","6","NASA Langley Research Center","24","100.0000","42101","Carbon monoxide","054","47260","Virginia Beach-Norfolk-Newport News, VA-NC","51","Virginia","650","Hampton City","37.103733000908","-76.3870167"
"01/24/2022","AQS","516500008","1","0.3","ppm","3","NASA Langley Research Center","24","100.0000","42101","Carbon monoxide","054","47260","Virginia Beach-Norfolk-Newport News, VA-NC","51","Virginia","650","Hampton City","37.103733000908","-76.3870167"
"01/25/2022","AQS","516500008","1","0.3","ppm","3","NASA Langley Research Center","24","100.0000","42101","Carbon monoxide","054","47260","Virginia Beach-Norfolk-Newport News, VA-NC","51","Virginia","650","Hampton City","37.103733000908","-76.3870167"
"01/26/2022","AQS","516500008","1","0.2","ppm","2","NASA Langley Research Center","24","100.0000","42101","Carbon monoxide","054","47260","Virginia Beach-Norfolk-Newport News, VA-NC","51","Virginia","650","Hampton City","37.103733000908","-76.3870167"
"01/27/2022","AQS","516500008","1","0.3","ppm","3","NASA Langley Research Center","24","100.0000","42101","Carbon monoxide","054","47260","Virginia Beach-Norfolk-Newport News, VA-NC","51","Virginia","650","Hampton City","37.103733000908","-76.3870167"
"01/28/2022","AQS","516500008","1","0.6","ppm","7","NASA Langley Research Center","24","100.0000","42101","Carbon monoxide","054","47260","Virginia Beach-Norfolk-Newport News, VA-NC","51","Virginia","650","Hampton City","37.103733000908","-76.3870167"
"01/29/2022","AQS","516500008","1","0.2","ppm","2","NASA Langley Research Center","24","100.0000","42101","Carbon monoxide","054","47260","Virginia Beach-Norfolk-Newport News, VA-NC","51","Virginia","650","Hampton City","37.103733000908","-76.3870167"
"01/30/2022","AQS","516500008","1","0.2","ppm","2","NASA Langley Research Center","24","100.0000","42101","Carbon monoxide","054","47260","Virginia Beach-Norfolk-Newport News, VA-NC","51","Virginia","650","Hampton City","37.103733000908","-76.3870167"
"01/31/2022","AQS","516500008","1","0.3","ppm","3","NASA Langley Research Center","24","100.0000","42101","Carbon monoxide","054","47260","Virginia Beach-Norfolk-Newport News, VA-NC","51","Virginia","650","Hampton City","37.103733000908","-76.3870167"
"02/01/2022","AQS","516500008","1","0.2","ppm","2","NASA Langley Research Center","24","100.0000","42101","Carbon monoxide","054","47260","Virginia Beach-Norfolk-Newport News, VA-NC","51","Virginia","650","Hampton City","37.103733000908","-76.3870167"
"02/02/2022","AQS","516500008","1","0.2","ppm","2","NASA Langley Research Center","24","100.0000","42101","Carbon monoxide","054","47260","Virginia Beach-Norfolk-Newport News, VA-NC","51","Virginia","650","Hampton City","37.103733000908","-76.3870167"
"02/03/2022","AQS","516500008","1","0.2","ppm","2","NASA Langley Research Center","24","100.0000","42101","Carbon monoxide","054","47260","Virginia Beach-Norfolk-Newport News, VA-NC","51","Virginia","650","Hampton City","37.103733000908","-76.3870167"
"02/04/2022","AQS","516500008","1","0.2","ppm","2","NASA Langley Research Center","24","100.0000","42101","Carbon monoxide","054","47260","Virginia Beach-Norfolk-Newport News, VA-NC","51","Virginia","650","Hampton City","37.103733000908","-76.3870167"
"02/05/2022","AQS","516500008","1","0.2","ppm","2","NASA Langley Research Center","24","100.0000","42101","Carbon monoxide","054","47260","Virginia Beach-Norfolk-Newport News, VA-NC","51","Virginia","650","Hampton City","37.103733000908","-76.3870167"
"02/06/2022","AQS","516500008","1","0.2","ppm","2","NASA Langley Research Center","24","100.0000","42101","Carbon monoxide","054","47260","Virginia Beach-Norfolk-Newport News, VA-NC","51","Virginia","650","Hampton City","37.103733000908","-76.3870167"
"02/07/2022","AQS","516500008","1","0.2","ppm","2","NASA Langley Research Center","24","100.0000","42101","Carbon monoxide","054","47260","Virginia Beach-Norfolk-Newport News, VA-NC","51","Virginia","650","Hampton City","37.103733000908","-76.3870167"
"02/08/2022","AQS","516500008","1","0.3","ppm","3","NASA Langley Research Center","17","71.0000","42101","Carbon monoxide","054","47260","Virginia Beach-Norfolk-Newport News, VA-NC","51","Virginia","650","Hampton City","37.103733000908","-76.3870167"
"02/09/2022","AQS","516500008","1","0.3","ppm","3","NASA Langley Research Center","24","100.0000","42101","Carbon monoxide","054","47260","Virginia Beach-Norfolk-Newport News, VA-NC","51","Virginia","650","Hampton City","37.103733000908","-76.3870167"
"02/10/2022","AQS","516500008","1","0.3","ppm","3","NASA Langley Research Center","24","100.0000","42101","Carbon monoxide","054","47260","Virginia Beach-Norfolk-Newport News, VA-NC","51","Virginia","650","Hampton City","37.103733000908","-76.3870167"
"02/11/2022","AQS","516500008","1","0.3","ppm","3","NASA Langley Research Center","24","100.0000","42101","Carbon monoxide","054","47260","Virginia Beach-Norfolk-Newport News, VA-NC","51","Virginia","650","Hampton City","37.103733000908","-76.3870167"
"02/12/2022","AQS","516500008","1","0.3","ppm","3","NASA Langley Research Center","24","100.0000","42101","Carbon monoxide","054","47260","Virginia Beach-Norfolk-Newport News, VA-NC","51","Virginia","650","Hampton City","37.103733000908","-76.3870167"
"02/13/2022","AQS","516500008","1","0.3","ppm","3","NASA Langley Research Center","24","100.0000","42101","Carbon monoxide","054","47260","Virginia Beach-Norfolk-Newport News, VA-NC","51","Virginia","650","Hampton City","37.103733000908","-76.3870167"
"02/14/2022","AQS","516500008","1","0.2","ppm","2","NASA Langley Research Center","24","100.0000","42101","Carbon monoxide","054","47260","Virginia Beach-Norfolk-Newport News, VA-NC","51","Virginia","650","Hampton City","37.103733000908","-76.3870167"
"02/15/2022","AQS","516500008","1","0.3","ppm","3","NASA Langley Research Center","24","100.0000","42101","Carbon monoxide","054","47260","Virginia Beach-Norfolk-Newport News, VA-NC","51","Virginia","650","Hampton City","37.103733000908","-76.3870167"
"02/16/2022","AQS","516500008","1","0.2","ppm","2","NASA Langley Research Center","24","100.0000","42101","Carbon monoxide","054","47260","Virginia Beach-Norfolk-Newport News, VA-NC","51","Virginia","650","Hampton City","37.103733000908","-76.3870167"
"02/17/2022","AQS","516500008","1","0.2","ppm","2","NASA Langley Research Center","24","100.0000","42101","Carbon monoxide","054","47260","Virginia Beach-Norfolk-Newport News, VA-NC","51","Virginia","650","Hampton City","37.103733000908","-76.3870167"
"02/18/2022","AQS","516500008","1","0.2","ppm","2","NASA Langley Research Center","24","100.0000","42101","Carbon monoxide","054","47260","Virginia Beach-Norfolk-Newport News, VA-NC","51","Virginia","650","Hampton City","37.103733000908","-76.3870167"
"02/19/2022","AQS","516500008","1","0.3","ppm","3","NASA Langley Research Center","24","100.0000","42101","Carbon monoxide","054","47260","Virginia Beach-Norfolk-Newport News, VA-NC","51","Virginia","650","Hampton City","37.103733000908","-76.3870167"
"02/20/2022","AQS","516500008","1","0.2","ppm","2","NASA Langley Research Center","24","100.0000","42101","Carbon monoxide","054","47260","Virginia Beach-Norfolk-Newport News, VA-NC","51","Virginia","650","Hampton City","37.103733000908","-76.3870167"
"02/21/2022","AQS","516500008","1","0.2","ppm","2","NASA Langley Research Center","24","100.0000","42101","Carbon monoxide","054","47260","Virginia Beach-Norfolk-Newport News, VA-NC","51","Virginia","650","Hampton City","37.103733000908","-76.3870167"
"02/22/2022","AQS","516500008","1","0.2","ppm","2","NASA Langley Research Center","24","100.0000","42101","Carbon monoxide","054","47260","Virginia Beach-Norfolk-Newport News, VA-NC","51","Virginia","650","Hampton City","37.103733000908","-76.3870167"
"02/23/2022","AQS","516500008","1","0.2","ppm","2","NASA Langley Research Center","24","100.0000","42101","Carbon monoxide","054","47260","Virginia Beach-Norfolk-Newport News, VA-NC","51","Virginia","650","Hampton City","37.103733000908","-76.3870167"
"02/24/2022","AQS","516500008","1","0.2","ppm","2","NASA Langley Research Center","24","100.0000","42101","Carbon monoxide","054","47260","Virginia Beach-Norfolk-Newport News, VA-NC","51","Virginia","650","Hampton City","37.103733000908","-76.3870167"
"02/25/2022","AQS","516500008","1","0.2","ppm","2","NASA Langley Research Center","24","100.0000","42101","Carbon monoxide","054","47260","Virginia Beach-Norfolk-Newport News, VA-NC","51","Virginia","650","Hampton City","37.103733000908","-76.3870167"
"02/26/2022","AQS","516500008","1","0.2","ppm","2","NASA Langley Research Center","24","100.0000","42101","Carbon monoxide","054","47260","Virginia Beach-Norfolk-Newport News, VA-NC","51","Virginia","650","Hampton City","37.103733000908","-76.3870167"
"02/27/2022","AQS","516500008","1","0.2","ppm","2","NASA Langley Research Center","24","100.0000","42101","Carbon monoxide","054","47260","Virginia Beach-Norfolk-Newport News, VA-NC","51","Virginia","650","Hampton City","37.103733000908","-76.3870167"
"02/28/2022","AQS","516500008","1","0.2","ppm","2","NASA Langley Research Center","24","100.0000","42101","Carbon monoxide","054","47260","Virginia Beach-Norfolk-Newport News, VA-NC","51","Virginia","650","Hampton City","37.103733000908","-76.3870167"
"03/01/2022","AQS","516500008","1","0.2","ppm","2","NASA Langley Research Center","24","100.0000","42101","Carbon monoxide","054","47260","Virginia Beach-Norfolk-Newport News, VA-NC","51","Virginia","650","Hampton City","37.103733000908","-76.3870167"
"03/02/2022","AQS","516500008","1","0.2","ppm","2","NASA Langley Research Center","24","100.0000","42101","Carbon monoxide","054","47260","Virginia Beach-Norfolk-Newport News, VA-NC","51","Virginia","650","Hampton City","37.103733000908","-76.3870167"
"03/03/2022","AQS","516500008","1","0.2","ppm","2","NASA Langley Research Center","24","100.0000","42101","Carbon monoxide","054","47260","Virginia Beach-Norfolk-Newport News, VA-NC","51","Virginia","650","Hampton City","37.103733000908","-76.3870167"
"03/04/2022","AQS","516500008","1","0.2","ppm","2","NASA Langley Research Center","24","100.0000","42101","Carbon monoxide","054","47260","Virginia Beach-Norfolk-Newport News, VA-NC","51","Virginia","650","Hampton City","37.103733000908","-76.3870167"
"03/05/2022","AQS","516500008","1","0.3","ppm","3","NASA Langley Research Center","24","100.0000","42101","Carbon monoxide","054","47260","Virginia Beach-Norfolk-Newport News, VA-NC","51","Virginia","650","Hampton City","37.103733000908","-76.3870167"
"03/06/2022","AQS","516500008","1","0.3","ppm","3","NASA Langley Research Center","24","100.0000","42101","Carbon monoxide","054","47260","Virginia Beach-Norfolk-Newport News, VA-NC","51","Virginia","650","Hampton City","37.103733000908","-76.3870167"
"03/07/2022","AQS","516500008","1","0.2","ppm","2","NASA Langley Research Center","24","100.0000","42101","Carbon monoxide","054","47260","Virginia Beach-Norfolk-Newport News, VA-NC","51","Virginia","650","Hampton City","37.103733000908","-76.3870167"
"03/08/2022","AQS","516500008","1","0.2","ppm","2","NASA Langley Research Center","24","100.0000","42101","Carbon monoxide","054","47260","Virginia Beach-Norfolk-Newport News, VA-NC","51","Virginia","650","Hampton City","37.103733000908","-76.3870167"
"03/09/2022","AQS","516500008","1","0.2","ppm","2","NASA Langley Research Center","24","100.0000","42101","Carbon monoxide","054","47260","Virginia Beach-Norfolk-Newport News, VA-NC","51","Virginia","650","Hampton City","37.103733000908","-76.3870167"
"03/10/2022","AQS","516500008","1","0.2","ppm","2","NASA Langley Research Center","24","100.0000","42101","Carbon monoxide","054","47260","Virginia Beach-Norfolk-Newport News, VA-NC","51","Virginia","650","Hampton City","37.103733000908","-76.3870167"
"03/11/2022","AQS","516500008","1","0.3","ppm","3","NASA Langley Research Center","24","100.0000","42101","Carbon monoxide","054","47260","Virginia Beach-Norfolk-Newport News, VA-NC","51","Virginia","650","Hampton City","37.103733000908","-76.3870167"
"03/12/2022","AQS","516500008","1","0.2","ppm","2","NASA Langley Research Center","24","100.0000","42101","Carbon monoxide","054","47260","Virginia Beach-Norfolk-Newport News, VA-NC","51","Virginia","650","Hampton City","37.103733000908","-76.3870167"
"03/13/2022","AQS","516500008","1","0.2","ppm","2","NASA Langley Research Center","24","100.0000","42101","Carbon monoxide","054","47260","Virginia Beach-Norfolk-Newport News, VA-NC","51","Virginia","650","Hampton City","37.103733000908","-76.3870167"
"03/14/2022","AQS","516500008","1","0.2","ppm","2","NASA Langley Research Center","24","100.0000","42101","Carbon monoxide","054","47260","Virginia Beach-Norfolk-Newport News, VA-NC","51","Virginia","650","Hampton City","37.103733000908","-76.3870167"
"03/15/2022","AQS","516500008","1","0.3","ppm","3","NASA Langley Research Center","24","100.0000","42101","Carbon monoxide","054","47260","Virginia Beach-Norfolk-Newport News, VA-NC","51","Virginia","650","Hampton City","37.103733000908","-76.3870167"
"03/16/2022","AQS","516500008","1","0.3","ppm","3","NASA Langley Research Center","24","100.0000","42101","Carbon monoxide","054","47260","Virginia Beach-Norfolk-Newport News, VA-NC","51","Virginia","650","Hampton City","37.103733000908","-76.3870167"
"03/17/2022","AQS","516500008","1","0.2","ppm","2","NASA Langley Research Center","24","100.0000","42101","Carbon monoxide","054","47260","Virginia Beach-Norfolk-Newport News, VA-NC","51","Virginia","650","Hampton City","37.103733000908","-76.3870167"
"03/18/2022","AQS","516500008","1","0.2","ppm","2","NASA Langley Research Center","24","100.0000","42101","Carbon monoxide","054","47260","Virginia Beach-Norfolk-Newport News, VA-NC","51","Virginia","650","Hampton City","37.103733000908","-76.3870167"
"03/19/2022","AQS","516500008","1","0.2","ppm","2","NASA Langley Research Center","24","100.0000","42101","Carbon monoxide","054","47260","Virginia Beach-Norfolk-Newport News, VA-NC","51","Virginia","650","Hampton City","37.103733000908","-76.3870167"
"03/20/2022","AQS","516500008","1","0.2","ppm","2","NASA Langley Research Center","24","100.0000","42101","Carbon monoxide","054","47260","Virginia Beach-Norfolk-Newport News, VA-NC","51","Virginia","650","Hampton City","37.103733000908","-76.3870167"
"03/21/2022","AQS","516500008","1","0.2","ppm","2","NASA Langley Research Center","24","100.0000","42101","Carbon monoxide","054","47260","Virginia Beach-Norfolk-Newport News, VA-NC","51","Virginia","650","Hampton City","37.103733000908","-76.3870167"
"03/22/2022","AQS","516500008","1","0.2","ppm","2","NASA Langley Research Center","24","100.0000","42101","Carbon monoxide","054","47260","Virginia Beach-Norfolk-Newport News, VA-NC","51","Virginia","650","Hampton City","37.103733000908","-76.3870167"
"03/23/2022","AQS","516500008","1","0.3","ppm","3","NASA Langley Research Center","24","100.0000","42101","Carbon monoxide","054","47260","Virginia Beach-Norfolk-Newport News, VA-NC","51","Virginia","650","Hampton City","37.103733000908","-76.3870167"
"03/24/2022","AQS","516500008","1","0.2","ppm","2","NASA Langley Research Center","24","100.0000","42101","Carbon monoxide","054","47260","Virginia Beach-Norfolk-Newport News, VA-NC","51","Virginia","650","Hampton City","37.103733000908","-76.3870167"
"03/25/2022","AQS","516500008","1","0.2","ppm","2","NASA Langley Research Center","24","100.0000","42101","Carbon monoxide","054","47260","Virginia Beach-Norfolk-Newport News, VA-NC","51","Virginia","650","Hampton City","37.103733000908","-76.3870167"
"03/26/2022","AQS","516500008","1","0.2","ppm","2","NASA Langley Research Center","24","100.0000","42101","Carbon monoxide","054","47260","Virginia Beach-Norfolk-Newport News, VA-NC","51","Virginia","650","Hampton City","37.103733000908","-76.3870167"
"03/27/2022","AQS","516500008","1","0.2","ppm","2","NASA Langley Research Center","24","100.0000","42101","Carbon monoxide","054","47260","Virginia Beach-Norfolk-Newport News, VA-NC","51","Virginia","650","Hampton City","37.103733000908","-76.3870167"
"03/28/2022","AQS","516500008","1","0.2","ppm","2","NASA Langley Research Center","24","100.0000","42101","Carbon monoxide","054","47260","Virginia Beach-Norfolk-Newport News, VA-NC","51","Virginia","650","Hampton City","37.103733000908","-76.3870167"
"03/29/2022","AQS","516500008","1","0.2","ppm","2","NASA Langley Research Center","24","100.0000","42101","Carbon monoxide","054","47260","Virginia Beach-Norfolk-Newport News, VA-NC","51","Virginia","650","Hampton City","37.103733000908","-76.3870167"
"03/30/2022","AQS","516500008","1","0.3","ppm","3","NASA Langley Research Center","24","100.0000","42101","Carbon monoxide","054","47260","Virginia Beach-Norfolk-Newport News, VA-NC","51","Virginia","650","Hampton City","37.103733000908","-76.3870167"
"03/31/2022","AQS","516500008","1","0.2","ppm","2","NASA Langley Research Center","24","100.0000","42101","Carbon monoxide","054","47260","Virginia Beach-Norfolk-Newport News, VA-NC","51","Virginia","650","Hampton City","37.103733000908","-76.3870167"
"04/01/2022","AQS","516500008","1","0.2","ppm","2","NASA Langley Research Center","24","100.0000","42101","Carbon monoxide","054","47260","Virginia Beach-Norfolk-Newport News, VA-NC","51","Virginia","650","Hampton City","37.103733000908","-76.3870167"
"04/02/2022","AQS","516500008","1","0.2","ppm","2","NASA Langley Research Center","24","100.0000","42101","Carbon monoxide","054","47260","Virginia Beach-Norfolk-Newport News, VA-NC","51","Virginia","650","Hampton City","37.103733000908","-76.3870167"
"04/03/2022","AQS","516500008","1","0.2","ppm","2","NASA Langley Research Center","24","100.0000","42101","Carbon monoxide","054","47260","Virginia Beach-Norfolk-Newport News, VA-NC","51","Virginia","650","Hampton City","37.103733000908","-76.3870167"
"04/04/2022","AQS","516500008","1","0.2","ppm","2","NASA Langley Research Center","24","100.0000","42101","Carbon monoxide","054","47260","Virginia Beach-Norfolk-Newport News, VA-NC","51","Virginia","650","Hampton City","37.103733000908","-76.3870167"
"04/05/2022","AQS","516500008","1","0.2","ppm","2","NASA Langley Research Center","24","100.0000","42101","Carbon monoxide","054","47260","Virginia Beach-Norfolk-Newport News, VA-NC","51","Virginia","650","Hampton City","37.103733000908","-76.3870167"
"04/06/2022","AQS","516500008","1","0.2","ppm","2","NASA Langley Research Center","24","100.0000","42101","Carbon monoxide","054","47260","Virginia Beach-Norfolk-Newport News, VA-NC","51","Virginia","650","Hampton City","37.103733000908","-76.3870167"
"04/07/2022","AQS","516500008","1","0.2","ppm","2","NASA Langley Research Center","24","100.0000","42101","Carbon monoxide","054","47260","Virginia Beach-Norfolk-Newport News, VA-NC","51","Virginia","650","Hampton City","37.103733000908","-76.3870167"
"04/08/2022","AQS","516500008","1","0.2","ppm","2","NASA Langley Research Center","24","100.0000","42101","Carbon monoxide","054","47260","Virginia Beach-Norfolk-Newport News, VA-NC","51","Virginia","650","Hampton City","37.103733000908","-76.3870167"
"04/09/2022","AQS","516500008","1","0.2","ppm","2","NASA Langley Research Center","24","100.0000","42101","Carbon monoxide","054","47260","Virginia Beach-Norfolk-Newport News, VA-NC","51","Virginia","650","Hampton City","37.103733000908","-76.3870167"
"04/10/2022","AQS","516500008","1","0.2","ppm","2","NASA Langley Research Center","24","100.0000","42101","Carbon monoxide","054","47260","Virginia Beach-Norfolk-Newport News, VA-NC","51","Virginia","650","Hampton City","37.103733000908","-76.3870167"
"04/11/2022","AQS","516500008","1","0.2","ppm","2","NASA Langley Research Center","24","100.0000","42101","Carbon monoxide","054","47260","Virginia Beach-Norfolk-Newport News, VA-NC","51","Virginia","650","Hampton City","37.103733000908","-76.3870167"
"04/12/2022","AQS","516500008","1","0.3","ppm","3","NASA Langley Research Center","24","100.0000","42101","Carbon monoxide","054","47260","Virginia Beach-Norfolk-Newport News, VA-NC","51","Virginia","650","Hampton City","37.103733000908","-76.3870167"
"04/13/2022","AQS","516500008","1","0.3","ppm","3","NASA Langley Research Center","24","100.0000","42101","Carbon monoxide","054","47260","Virginia Beach-Norfolk-Newport News, VA-NC","51","Virginia","650","Hampton City","37.103733000908","-76.3870167"
"04/14/2022","AQS","516500008","1","0.2","ppm","2","NASA Langley Research Center","24","100.0000","42101","Carbon monoxide","054","47260","Virginia Beach-Norfolk-Newport News, VA-NC","51","Virginia","650","Hampton City","37.103733000908","-76.3870167"
"04/15/2022","AQS","516500008","1","0.2","ppm","2","NASA Langley Research Center","24","100.0000","42101","Carbon monoxide","054","47260","Virginia Beach-Norfolk-Newport News, VA-NC","51","Virginia","650","Hampton City","37.103733000908","-76.3870167"
"04/16/2022","AQS","516500008","1","0.2","ppm","2","NASA Langley Research Center","24","100.0000","42101","Carbon monoxide","054","47260","Virginia Beach-Norfolk-Newport News, VA-NC","51","Virginia","650","Hampton City","37.103733000908","-76.3870167"
"04/17/2022","AQS","516500008","1","0.2","ppm","2","NASA Langley Research Center","24","100.0000","42101","Carbon monoxide","054","47260","Virginia Beach-Norfolk-Newport News, VA-NC","51","Virginia","650","Hampton City","37.103733000908","-76.3870167"
"04/18/2022","AQS","516500008","1","0.2","ppm","2","NASA Langley Research Center","24","100.0000","42101","Carbon monoxide","054","47260","Virginia Beach-Norfolk-Newport News, VA-NC","51","Virginia","650","Hampton City","37.103733000908","-76.3870167"
"04/19/2022","AQS","516500008","1","0.2","ppm","2","NASA Langley Research Center","24","100.0000","42101","Carbon monoxide","054","47260","Virginia Beach-Norfolk-Newport News, VA-NC","51","Virginia","650","Hampton City","37.103733000908","-76.3870167"
"04/20/2022","AQS","516500008","1","0.2","ppm","2","NASA Langley Research Center","24","100.0000","42101","Carbon monoxide","054","47260","Virginia Beach-Norfolk-Newport News, VA-NC","51","Virginia","650","Hampton City","37.103733000908","-76.3870167"
"04/21/2022","AQS","516500008","1","0.2","ppm","2","NASA Langley Research Center","24","100.0000","42101","Carbon monoxide","054","47260","Virginia Beach-Norfolk-Newport News, VA-NC","51","Virginia","650","Hampton City","37.103733000908","-76.3870167"
"04/22/2022","AQS","516500008","1","0.2","ppm","2","NASA Langley Research Center","24","100.0000","42101","Carbon monoxide","054","47260","Virginia Beach-Norfolk-Newport News, VA-NC","51","Virginia","650","Hampton City","37.103733000908","-76.3870167"
"04/23/2022","AQS","516500008","1","0.3","ppm","3","NASA Langley Research Center","24","100.0000","42101","Carbon monoxide","054","47260","Virginia Beach-Norfolk-Newport News, VA-NC","51","Virginia","650","Hampton City","37.103733000908","-76.3870167"
"04/24/2022","AQS","516500008","1","0.3","ppm","3","NASA Langley Research Center","24","100.0000","42101","Carbon monoxide","054","47260","Virginia Beach-Norfolk-Newport News, VA-NC","51","Virginia","650","Hampton City","37.103733000908","-76.3870167"
"04/25/2022","AQS","516500008","1","0.2","ppm","2","NASA Langley Research Center","24","100.0000","42101","Carbon monoxide","054","47260","Virginia Beach-Norfolk-Newport News, VA-NC","51","Virginia","650","Hampton City","37.103733000908","-76.3870167"
"04/26/2022","AQS","516500008","1","0.2","ppm","2","NASA Langley Research Center","24","100.0000","42101","Carbon monoxide","054","47260","Virginia Beach-Norfolk-Newport News, VA-NC","51","Virginia","650","Hampton City","37.103733000908","-76.3870167"
"04/27/2022","AQS","516500008","1","0.2","ppm","2","NASA Langley Research Center","24","100.0000","42101","Carbon monoxide","054","47260","Virginia Beach-Norfolk-Newport News, VA-NC","51","Virginia","650","Hampton City","37.103733000908","-76.3870167"
"04/28/2022","AQS","516500008","1","0.2","ppm","2","NASA Langley Research Center","24","100.0000","42101","Carbon monoxide","054","47260","Virginia Beach-Norfolk-Newport News, VA-NC","51","Virginia","650","Hampton City","37.103733000908","-76.3870167"
"04/29/2022","AQS","516500008","1","0.3","ppm","3","NASA Langley Research Center","24","100.0000","42101","Carbon monoxide","054","47260","Virginia Beach-Norfolk-Newport News, VA-NC","51","Virginia","650","Hampton City","37.103733000908","-76.3870167"
"04/30/2022","AQS","516500008","1","0.4","ppm","5","NASA Langley Research Center","24","100.0000","42101","Carbon monoxide","054","47260","Virginia Beach-Norfolk-Newport News, VA-NC","51","Virginia","650","Hampton City","37.103733000908","-76.3870167"
"05/01/2022","AQS","516500008","1","0.3","ppm","3","NASA Langley Research Center","24","100.0000","42101","Carbon monoxide","054","47260","Virginia Beach-Norfolk-Newport News, VA-NC","51","Virginia","650","Hampton City","37.103733000908","-76.3870167"
"05/02/2022","AQS","516500008","1","0.2","ppm","2","NASA Langley Research Center","24","100.0000","42101","Carbon monoxide","054","47260","Virginia Beach-Norfolk-Newport News, VA-NC","51","Virginia","650","Hampton City","37.103733000908","-76.3870167"
"05/03/2022","AQS","516500008","1","0.2","ppm","2","NASA Langley Research Center","24","100.0000","42101","Carbon monoxide","054","47260","Virginia Beach-Norfolk-Newport News, VA-NC","51","Virginia","650","Hampton City","37.103733000908","-76.3870167"
"05/04/2022","AQS","516500008","1","0.2","ppm","2","NASA Langley Research Center","24","100.0000","42101","Carbon monoxide","054","47260","Virginia Beach-Norfolk-Newport News, VA-NC","51","Virginia","650","Hampton City","37.103733000908","-76.3870167"
"05/05/2022","AQS","516500008","1","0.2","ppm","2","NASA Langley Research Center","24","100.0000","42101","Carbon monoxide","054","47260","Virginia Beach-Norfolk-Newport News, VA-NC","51","Virginia","650","Hampton City","37.103733000908","-76.3870167"
"05/06/2022","AQS","516500008","1","0.2","ppm","2","NASA Langley Research Center","24","100.0000","42101","Carbon monoxide","054","47260","Virginia Beach-Norfolk-Newport News, VA-NC","51","Virginia","650","Hampton City","37.103733000908","-76.3870167"
"05/07/2022","AQS","516500008","1","0.2","ppm","2","NASA Langley Research Center","24","100.0000","42101","Carbon monoxide","054","47260","Virginia Beach-Norfolk-Newport News, VA-NC","51","Virginia","650","Hampton City","37.103733000908","-76.3870167"
"05/08/2022","AQS","516500008","1","0.1","ppm","1","NASA Langley Research Center","24","100.0000","42101","Carbon monoxide","054","47260","Virginia Beach-Norfolk-Newport News, VA-NC","51","Virginia","650","Hampton City","37.103733000908","-76.3870167"
"05/09/2022","AQS","516500008","1","0.1","ppm","1","NASA Langley Research Center","24","100.0000","42101","Carbon monoxide","054","47260","Virginia Beach-Norfolk-Newport News, VA-NC","51","Virginia","650","Hampton City","37.103733000908","-76.3870167"
"05/10/2022","AQS","516500008","1","0.1","ppm","1","NASA Langley Research Center","24","100.0000","42101","Carbon monoxide","054","47260","Virginia Beach-Norfolk-Newport News, VA-NC","51","Virginia","650","Hampton City","37.103733000908","-76.3870167"
"05/11/2022","AQS","516500008","1","0.2","ppm","2","NASA Langley Research Center","24","100.0000","42101","Carbon monoxide","054","47260","Virginia Beach-Norfolk-Newport News, VA-NC","51","Virginia","650","Hampton City","37.103733000908","-76.3870167"
"05/12/2022","AQS","516500008","1","0.1","ppm","1","NASA Langley Research Center","24","100.0000","42101","Carbon monoxide","054","47260","Virginia Beach-Norfolk-Newport News, VA-NC","51","Virginia","650","Hampton City","37.103733000908","-76.3870167"
"05/13/2022","AQS","516500008","1","0.1","ppm","1","NASA Langley Research Center","24","100.0000","42101","Carbon monoxide","054","47260","Virginia Beach-Norfolk-Newport News, VA-NC","51","Virginia","650","Hampton City","37.103733000908","-76.3870167"
"05/14/2022","AQS","516500008","1","0.2","ppm","2","NASA Langley Research Center","24","100.0000","42101","Carbon monoxide","054","47260","Virginia Beach-Norfolk-Newport News, VA-NC","51","Virginia","650","Hampton City","37.103733000908","-76.3870167"
"05/15/2022","AQS","516500008","1","0.2","ppm","2","NASA Langley Research Center","24","100.0000","42101","Carbon monoxide","054","47260","Virginia Beach-Norfolk-Newport News, VA-NC","51","Virginia","650","Hampton City","37.103733000908","-76.3870167"
"05/16/2022","AQS","516500008","1","0.2","ppm","2","NASA Langley Research Center","24","100.0000","42101","Carbon monoxide","054","47260","Virginia Beach-Norfolk-Newport News, VA-NC","51","Virginia","650","Hampton City","37.103733000908","-76.3870167"
"05/17/2022","AQS","516500008","1","0.2","ppm","2","NASA Langley Research Center","24","100.0000","42101","Carbon monoxide","054","47260","Virginia Beach-Norfolk-Newport News, VA-NC","51","Virginia","650","Hampton City","37.103733000908","-76.3870167"
"05/18/2022","AQS","516500008","1","0.2","ppm","2","NASA Langley Research Center","24","100.0000","42101","Carbon monoxide","054","47260","Virginia Beach-Norfolk-Newport News, VA-NC","51","Virginia","650","Hampton City","37.103733000908","-76.3870167"
"05/19/2022","AQS","516500008","1","0.2","ppm","2","NASA Langley Research Center","24","100.0000","42101","Carbon monoxide","054","47260","Virginia Beach-Norfolk-Newport News, VA-NC","51","Virginia","650","Hampton City","37.103733000908","-76.3870167"
"05/20/2022","AQS","516500008","1","0.3","ppm","3","NASA Langley Research Center","24","100.0000","42101","Carbon monoxide","054","47260","Virginia Beach-Norfolk-Newport News, VA-NC","51","Virginia","650","Hampton City","37.103733000908","-76.3870167"
"05/21/2022","AQS","516500008","1","0.2","ppm","2","NASA Langley Research Center","24","100.0000","42101","Carbon monoxide","054","47260","Virginia Beach-Norfolk-Newport News, VA-NC","51","Virginia","650","Hampton City","37.103733000908","-76.3870167"
"05/22/2022","AQS","516500008","1","0.2","ppm","2","NASA Langley Research Center","24","100.0000","42101","Carbon monoxide","054","47260","Virginia Beach-Norfolk-Newport News, VA-NC","51","Virginia","650","Hampton City","37.103733000908","-76.3870167"
"05/23/2022","AQS","516500008","1","0.2","ppm","2","NASA Langley Research Center","24","100.0000","42101","Carbon monoxide","054","47260","Virginia Beach-Norfolk-Newport News, VA-NC","51","Virginia","650","Hampton City","37.103733000908","-76.3870167"
"05/24/2022","AQS","516500008","1","0.1","ppm","1","NASA Langley Research Center","24","100.0000","42101","Carbon monoxide","054","47260","Virginia Beach-Norfolk-Newport News, VA-NC","51","Virginia","650","Hampton City","37.103733000908","-76.3870167"
"05/25/2022","AQS","516500008","1","0.1","ppm","1","NASA Langley Research Center","24","100.0000","42101","Carbon monoxide","054","47260","Virginia Beach-Norfolk-Newport News, VA-NC","51","Virginia","650","Hampton City","37.103733000908","-76.3870167"
"05/26/2022","AQS","516500008","1","0.1","ppm","1","NASA Langley Research Center","24","100.0000","42101","Carbon monoxide","054","47260","Virginia Beach-Norfolk-Newport News, VA-NC","51","Virginia","650","Hampton City","37.103733000908","-76.3870167"
"05/27/2022","AQS","516500008","1","0.2","ppm","2","NASA Langley Research Center","24","100.0000","42101","Carbon monoxide","054","47260","Virginia Beach-Norfolk-Newport News, VA-NC","51","Virginia","650","Hampton City","37.103733000908","-76.3870167"
"05/28/2022","AQS","516500008","1","0.2","ppm","2","NASA Langley Research Center","24","100.0000","42101","Carbon monoxide","054","47260","Virginia Beach-Norfolk-Newport News, VA-NC","51","Virginia","650","Hampton City","37.103733000908","-76.3870167"
"05/29/2022","AQS","516500008","1","0.3","ppm","3","NASA Langley Research Center","24","100.0000","42101","Carbon monoxide","054","47260","Virginia Beach-Norfolk-Newport News, VA-NC","51","Virginia","650","Hampton City","37.103733000908","-76.3870167"
"05/30/2022","AQS","516500008","1","0.2","ppm","2","NASA Langley Research Center","24","100.0000","42101","Carbon monoxide","054","47260","Virginia Beach-Norfolk-Newport News, VA-NC","51","Virginia","650","Hampton City","37.103733000908","-76.3870167"
"05/31/2022","AQS","516500008","1","0.2","ppm","2","NASA Langley Research Center","24","100.0000","42101","Carbon monoxide","054","47260","Virginia Beach-Norfolk-Newport News, VA-NC","51","Virginia","650","Hampton City","37.103733000908","-76.3870167"
"06/01/2022","AQS","516500008","1","0.3","ppm","3","NASA Langley Research Center","24","100.0000","42101","Carbon monoxide","054","47260","Virginia Beach-Norfolk-Newport News, VA-NC","51","Virginia","650","Hampton City","37.103733000908","-76.3870167"
"06/02/2022","AQS","516500008","1","0.2","ppm","2","NASA Langley Research Center","24","100.0000","42101","Carbon monoxide","054","47260","Virginia Beach-Norfolk-Newport News, VA-NC","51","Virginia","650","Hampton City","37.103733000908","-76.3870167"
"06/03/2022","AQS","516500008","1","0.2","ppm","2","NASA Langley Research Center","24","100.0000","42101","Carbon monoxide","054","47260","Virginia Beach-Norfolk-Newport News, VA-NC","51","Virginia","650","Hampton City","37.103733000908","-76.3870167"
"06/04/2022","AQS","516500008","1","0.2","ppm","2","NASA Langley Research Center","24","100.0000","42101","Carbon monoxide","054","47260","Virginia Beach-Norfolk-Newport News, VA-NC","51","Virginia","650","Hampton City","37.103733000908","-76.3870167"
"06/05/2022","AQS","516500008","1","0.4","ppm","5","NASA Langley Research Center","24","100.0000","42101","Carbon monoxide","054","47260","Virginia Beach-Norfolk-Newport News, VA-NC","51","Virginia","650","Hampton City","37.103733000908","-76.3870167"
"06/06/2022","AQS","516500008","1","0.1","ppm","1","NASA Langley Research Center","24","100.0000","42101","Carbon monoxide","054","47260","Virginia Beach-Norfolk-Newport News, VA-NC","51","Virginia","650","Hampton City","37.103733000908","-76.3870167"
"06/07/2022","AQS","516500008","1","0.1","ppm","1","NASA Langley Research Center","24","100.0000","42101","Carbon monoxide","054","47260","Virginia Beach-Norfolk-Newport News, VA-NC","51","Virginia","650","Hampton City","37.103733000908","-76.3870167"
"06/08/2022","AQS","516500008","1","0.2","ppm","2","NASA Langley Research Center","24","100.0000","42101","Carbon monoxide","054","47260","Virginia Beach-Norfolk-Newport News, VA-NC","51","Virginia","650","Hampton City","37.103733000908","-76.3870167"
"06/09/2022","AQS","516500008","1","0.2","ppm","2","NASA Langley Research Center","24","100.0000","42101","Carbon monoxide","054","47260","Virginia Beach-Norfolk-Newport News, VA-NC","51","Virginia","650","Hampton City","37.103733000908","-76.3870167"
"06/10/2022","AQS","516500008","1","0.1","ppm","1","NASA Langley Research Center","24","100.0000","42101","Carbon monoxide","054","47260","Virginia Beach-Norfolk-Newport News, VA-NC","51","Virginia","650","Hampton City","37.103733000908","-76.3870167"
"06/11/2022","AQS","516500008","1","0.2","ppm","2","NASA Langley Research Center","24","100.0000","42101","Carbon monoxide","054","47260","Virginia Beach-Norfolk-Newport News, VA-NC","51","Virginia","650","Hampton City","37.103733000908","-76.3870167"
"06/12/2022","AQS","516500008","1","0.2","ppm","2","NASA Langley Research Center","24","100.0000","42101","Carbon monoxide","054","47260","Virginia Beach-Norfolk-Newport News, VA-NC","51","Virginia","650","Hampton City","37.103733000908","-76.3870167"
"06/13/2022","AQS","516500008","1","0.2","ppm","2","NASA Langley Research Center","24","100.0000","42101","Carbon monoxide","054","47260","Virginia Beach-Norfolk-Newport News, VA-NC","51","Virginia","650","Hampton City","37.103733000908","-76.3870167"
"06/14/2022","AQS","516500008","1","0.2","ppm","2","NASA Langley Research Center","24","100.0000","42101","Carbon monoxide","054","47260","Virginia Beach-Norfolk-Newport News, VA-NC","51","Virginia","650","Hampton City","37.103733000908","-76.3870167"
"06/15/2022","AQS","516500008","1","0.2","ppm","2","NASA Langley Research Center","24","100.0000","42101","Carbon monoxide","054","47260","Virginia Beach-Norfolk-Newport News, VA-NC","51","Virginia","650","Hampton City","37.103733000908","-76.3870167"
"06/16/2022","AQS","516500008","1","0.2","ppm","2","NASA Langley Research Center","24","100.0000","42101","Carbon monoxide","054","47260","Virginia Beach-Norfolk-Newport News, VA-NC","51","Virginia","650","Hampton City","37.103733000908","-76.3870167"
"06/17/2022","AQS","516500008","1","0.2","ppm","2","NASA Langley Research Center","24","100.0000","42101","Carbon monoxide","054","47260","Virginia Beach-Norfolk-Newport News, VA-NC","51","Virginia","650","Hampton City","37.103733000908","-76.3870167"
"06/18/2022","AQS","516500008","1","0.2","ppm","2","NASA Langley Research Center","24","100.0000","42101","Carbon monoxide","054","47260","Virginia Beach-Norfolk-Newport News, VA-NC","51","Virginia","650","Hampton City","37.103733000908","-76.3870167"
"06/19/2022","AQS","516500008","1","0.2","ppm","2","NASA Langley Research Center","24","100.0000","42101","Carbon monoxide","054","47260","Virginia Beach-Norfolk-Newport News, VA-NC","51","Virginia","650","Hampton City","37.103733000908","-76.3870167"
"06/20/2022","AQS","516500008","1","0.2","ppm","2","NASA Langley Research Center","24","100.0000","42101","Carbon monoxide","054","47260","Virginia Beach-Norfolk-Newport News, VA-NC","51","Virginia","650","Hampton City","37.103733000908","-76.3870167"
"06/21/2022","AQS","516500008","1","0.2","ppm","2","NASA Langley Research Center","24","100.0000","42101","Carbon monoxide","054","47260","Virginia Beach-Norfolk-Newport News, VA-NC","51","Virginia","650","Hampton City","37.103733000908","-76.3870167"
"06/22/2022","AQS","516500008","1","0.2","ppm","2","NASA Langley Research Center","24","100.0000","42101","Carbon monoxide","054","47260","Virginia Beach-Norfolk-Newport News, VA-NC","51","Virginia","650","Hampton City","37.103733000908","-76.3870167"
"06/23/2022","AQS","516500008","1","0.2","ppm","2","NASA Langley Research Center","24","100.0000","42101","Carbon monoxide","054","47260","Virginia Beach-Norfolk-Newport News, VA-NC","51","Virginia","650","Hampton City","37.103733000908","-76.3870167"
"06/24/2022","AQS","516500008","1","0.2","ppm","2","NASA Langley Research Center","24","100.0000","42101","Carbon monoxide","054","47260","Virginia Beach-Norfolk-Newport News, VA-NC","51","Virginia","650","Hampton City","37.103733000908","-76.3870167"
"06/25/2022","AQS","516500008","1","0.2","ppm","2","NASA Langley Research Center","24","100.0000","42101","Carbon monoxide","054","47260","Virginia Beach-Norfolk-Newport News, VA-NC","51","Virginia","650","Hampton City","37.103733000908","-76.3870167"
"06/26/2022","AQS","516500008","1","0.2","ppm","2","NASA Langley Research Center","24","100.0000","42101","Carbon monoxide","054","47260","Virginia Beach-Norfolk-Newport News, VA-NC","51","Virginia","650","Hampton City","37.103733000908","-76.3870167"
"06/27/2022","AQS","516500008","1","0.2","ppm","2","NASA Langley Research Center","24","100.0000","42101","Carbon monoxide","054","47260","Virginia Beach-Norfolk-Newport News, VA-NC","51","Virginia","650","Hampton City","37.103733000908","-76.3870167"
"06/28/2022","AQS","516500008","1","0.2","ppm","2","NASA Langley Research Center","20","83.0000","42101","Carbon monoxide","054","47260","Virginia Beach-Norfolk-Newport News, VA-NC","51","Virginia","650","Hampton City","37.103733000908","-76.3870167"
"06/29/2022","AQS","516500008","1","0.3","ppm","3","NASA Langley Research Center","24","100.0000","42101","Carbon monoxide","054","47260","Virginia Beach-Norfolk-Newport News, VA-NC","51","Virginia","650","Hampton City","37.103733000908","-76.3870167"
"06/30/2022","AQS","516500008","1","0.3","ppm","3","NASA Langley Research Center","24","100.0000","42101","Carbon monoxide","054","47260","Virginia Beach-Norfolk-Newport News, VA-NC","51","Virginia","650","Hampton City","37.103733000908","-76.3870167"
"07/01/2022","AQS","516500008","1","0.3","ppm","3","NASA Langley Research Center","24","100.0000","42101","Carbon monoxide","054","47260","Virginia Beach-Norfolk-Newport News, VA-NC","51","Virginia","650","Hampton City","37.103733000908","-76.3870167"
"07/02/2022","AQS","516500008","1","0.2","ppm","2","NASA Langley Research Center","24","100.0000","42101","Carbon monoxide","054","47260","Virginia Beach-Norfolk-Newport News, VA-NC","51","Virginia","650","Hampton City","37.103733000908","-76.3870167"
"07/03/2022","AQS","516500008","1","0.2","ppm","2","NASA Langley Research Center","24","100.0000","42101","Carbon monoxide","054","47260","Virginia Beach-Norfolk-Newport News, VA-NC","51","Virginia","650","Hampton City","37.103733000908","-76.3870167"
"07/04/2022","AQS","516500008","1","0.3","ppm","3","NASA Langley Research Center","24","100.0000","42101","Carbon monoxide","054","47260","Virginia Beach-Norfolk-Newport News, VA-NC","51","Virginia","650","Hampton City","37.103733000908","-76.3870167"
"07/05/2022","AQS","516500008","1","0.2","ppm","2","NASA Langley Research Center","24","100.0000","42101","Carbon monoxide","054","47260","Virginia Beach-Norfolk-Newport News, VA-NC","51","Virginia","650","Hampton City","37.103733000908","-76.3870167"
"07/06/2022","AQS","516500008","1","0.2","ppm","2","NASA Langley Research Center","24","100.0000","42101","Carbon monoxide","054","47260","Virginia Beach-Norfolk-Newport News, VA-NC","51","Virginia","650","Hampton City","37.103733000908","-76.3870167"
"07/07/2022","AQS","516500008","1","0.2","ppm","2","NASA Langley Research Center","24","100.0000","42101","Carbon monoxide","054","47260","Virginia Beach-Norfolk-Newport News, VA-NC","51","Virginia","650","Hampton City","37.103733000908","-76.3870167"
"07/08/2022","AQS","516500008","1","0.2","ppm","2","NASA Langley Research Center","24","100.0000","42101","Carbon monoxide","054","47260","Virginia Beach-Norfolk-Newport News, VA-NC","51","Virginia","650","Hampton City","37.103733000908","-76.3870167"
"07/09/2022","AQS","516500008","1","0.2","ppm","2","NASA Langley Research Center","24","100.0000","42101","Carbon monoxide","054","47260","Virginia Beach-Norfolk-Newport News, VA-NC","51","Virginia","650","Hampton City","37.103733000908","-76.3870167"
"07/10/2022","AQS","516500008","1","0.2","ppm","2","NASA Langley Research Center","24","100.0000","42101","Carbon monoxide","054","47260","Virginia Beach-Norfolk-Newport News, VA-NC","51","Virginia","650","Hampton City","37.103733000908","-76.3870167"
"07/11/2022","AQS","516500008","1","0.1","ppm","1","NASA Langley Research Center","24","100.0000","42101","Carbon monoxide","054","47260","Virginia Beach-Norfolk-Newport News, VA-NC","51","Virginia","650","Hampton City","37.103733000908","-76.3870167"
"07/12/2022","AQS","516500008","1","0.2","ppm","2","NASA Langley Research Center","24","100.0000","42101","Carbon monoxide","054","47260","Virginia Beach-Norfolk-Newport News, VA-NC","51","Virginia","650","Hampton City","37.103733000908","-76.3870167"
"07/13/2022","AQS","516500008","1","0.2","ppm","2","NASA Langley Research Center","24","100.0000","42101","Carbon monoxide","054","47260","Virginia Beach-Norfolk-Newport News, VA-NC","51","Virginia","650","Hampton City","37.103733000908","-76.3870167"
"07/14/2022","AQS","516500008","1","0.3","ppm","3","NASA Langley Research Center","24","100.0000","42101","Carbon monoxide","054","47260","Virginia Beach-Norfolk-Newport News, VA-NC","51","Virginia","650","Hampton City","37.103733000908","-76.3870167"
"07/15/2022","AQS","516500008","1","0.3","ppm","3","NASA Langley Research Center","24","100.0000","42101","Carbon monoxide","054","47260","Virginia Beach-Norfolk-Newport News, VA-NC","51","Virginia","650","Hampton City","37.103733000908","-76.3870167"
"07/16/2022","AQS","516500008","1","0.2","ppm","2","NASA Langley Research Center","24","100.0000","42101","Carbon monoxide","054","47260","Virginia Beach-Norfolk-Newport News, VA-NC","51","Virginia","650","Hampton City","37.103733000908","-76.3870167"
"07/17/2022","AQS","516500008","1","0.2","ppm","2","NASA Langley Research Center","24","100.0000","42101","Carbon monoxide","054","47260","Virginia Beach-Norfolk-Newport News, VA-NC","51","Virginia","650","Hampton City","37.103733000908","-76.3870167"
"07/18/2022","AQS","516500008","1","0.2","ppm","2","NASA Langley Research Center","24","100.0000","42101","Carbon monoxide","054","47260","Virginia Beach-Norfolk-Newport News, VA-NC","51","Virginia","650","Hampton City","37.103733000908","-76.3870167"
"07/19/2022","AQS","516500008","1","0.2","ppm","2","NASA Langley Research Center","24","100.0000","42101","Carbon monoxide","054","47260","Virginia Beach-Norfolk-Newport News, VA-NC","51","Virginia","650","Hampton City","37.103733000908","-76.3870167"
"07/20/2022","AQS","516500008","1","0.2","ppm","2","NASA Langley Research Center","24","100.0000","42101","Carbon monoxide","054","47260","Virginia Beach-Norfolk-Newport News, VA-NC","51","Virginia","650","Hampton City","37.103733000908","-76.3870167"
"07/21/2022","AQS","516500008","1","0.2","ppm","2","NASA Langley Research Center","24","100.0000","42101","Carbon monoxide","054","47260","Virginia Beach-Norfolk-Newport News, VA-NC","51","Virginia","650","Hampton City","37.103733000908","-76.3870167"
"07/22/2022","AQS","516500008","1","0.2","ppm","2","NASA Langley Research Center","24","100.0000","42101","Carbon monoxide","054","47260","Virginia Beach-Norfolk-Newport News, VA-NC","51","Virginia","650","Hampton City","37.103733000908","-76.3870167"
"07/23/2022","AQS","516500008","1","0.2","ppm","2","NASA Langley Research Center","24","100.0000","42101","Carbon monoxide","054","47260","Virginia Beach-Norfolk-Newport News, VA-NC","51","Virginia","650","Hampton City","37.103733000908","-76.3870167"
"07/24/2022","AQS","516500008","1","0.2","ppm","2","NASA Langley Research Center","24","100.0000","42101","Carbon monoxide","054","47260","Virginia Beach-Norfolk-Newport News, VA-NC","51","Virginia","650","Hampton City","37.103733000908","-76.3870167"
"07/25/2022","AQS","516500008","1","0.1","ppm","1","NASA Langley Research Center","24","100.0000","42101","Carbon monoxide","054","47260","Virginia Beach-Norfolk-Newport News, VA-NC","51","Virginia","650","Hampton City","37.103733000908","-76.3870167"
"07/26/2022","AQS","516500008","1","0.2","ppm","2","NASA Langley Research Center","24","100.0000","42101","Carbon monoxide","054","47260","Virginia Beach-Norfolk-Newport News, VA-NC","51","Virginia","650","Hampton City","37.103733000908","-76.3870167"
"07/27/2022","AQS","516500008","1","0.2","ppm","2","NASA Langley Research Center","24","100.0000","42101","Carbon monoxide","054","47260","Virginia Beach-Norfolk-Newport News, VA-NC","51","Virginia","650","Hampton City","37.103733000908","-76.3870167"
"07/28/2022","AQS","516500008","1","0.2","ppm","2","NASA Langley Research Center","24","100.0000","42101","Carbon monoxide","054","47260","Virginia Beach-Norfolk-Newport News, VA-NC","51","Virginia","650","Hampton City","37.103733000908","-76.3870167"
"07/29/2022","AQS","516500008","1","0.2","ppm","2","NASA Langley Research Center","24","100.0000","42101","Carbon monoxide","054","47260","Virginia Beach-Norfolk-Newport News, VA-NC","51","Virginia","650","Hampton City","37.103733000908","-76.3870167"
"07/30/2022","AQS","516500008","1","0.2","ppm","2","NASA Langley Research Center","24","100.0000","42101","Carbon monoxide","054","47260","Virginia Beach-Norfolk-Newport News, VA-NC","51","Virginia","650","Hampton City","37.103733000908","-76.3870167"
"07/31/2022","AQS","516500008","1","0.3","ppm","3","NASA Langley Research Center","24","100.0000","42101","Carbon monoxide","054","47260","Virginia Beach-Norfolk-Newport News, VA-NC","51","Virginia","650","Hampton City","37.103733000908","-76.3870167"
"08/01/2022","AQS","516500008","1","0.2","ppm","2","NASA Langley Research Center","24","100.0000","42101","Carbon monoxide","054","47260","Virginia Beach-Norfolk-Newport News, VA-NC","51","Virginia","650","Hampton City","37.103733000908","-76.3870167"
"08/02/2022","AQS","516500008","1","0.2","ppm","2","NASA Langley Research Center","24","100.0000","42101","Carbon monoxide","054","47260","Virginia Beach-Norfolk-Newport News, VA-NC","51","Virginia","650","Hampton City","37.103733000908","-76.3870167"
"08/03/2022","AQS","516500008","1","0.2","ppm","2","NASA Langley Research Center","24","100.0000","42101","Carbon monoxide","054","47260","Virginia Beach-Norfolk-Newport News, VA-NC","51","Virginia","650","Hampton City","37.103733000908","-76.3870167"
"08/04/2022","AQS","516500008","1","0.3","ppm","3","NASA Langley Research Center","24","100.0000","42101","Carbon monoxide","054","47260","Virginia Beach-Norfolk-Newport News, VA-NC","51","Virginia","650","Hampton City","37.103733000908","-76.3870167"
"08/05/2022","AQS","516500008","1","0.2","ppm","2","NASA Langley Research Center","24","100.0000","42101","Carbon monoxide","054","47260","Virginia Beach-Norfolk-Newport News, VA-NC","51","Virginia","650","Hampton City","37.103733000908","-76.3870167"
"08/06/2022","AQS","516500008","1","0.2","ppm","2","NASA Langley Research Center","24","100.0000","42101","Carbon monoxide","054","47260","Virginia Beach-Norfolk-Newport News, VA-NC","51","Virginia","650","Hampton City","37.103733000908","-76.3870167"
"08/07/2022","AQS","516500008","1","0.2","ppm","2","NASA Langley Research Center","24","100.0000","42101","Carbon monoxide","054","47260","Virginia Beach-Norfolk-Newport News, VA-NC","51","Virginia","650","Hampton City","37.103733000908","-76.3870167"
"08/08/2022","AQS","516500008","1","0.1","ppm","1","NASA Langley Research Center","24","100.0000","42101","Carbon monoxide","054","47260","Virginia Beach-Norfolk-Newport News, VA-NC","51","Virginia","650","Hampton City","37.103733000908","-76.3870167"
"08/09/2022","AQS","516500008","1","0.2","ppm","2","NASA Langley Research Center","24","100.0000","42101","Carbon monoxide","054","47260","Virginia Beach-Norfolk-Newport News, VA-NC","51","Virginia","650","Hampton City","37.103733000908","-76.3870167"
"08/10/2022","AQS","516500008","1","0.2","ppm","2","NASA Langley Research Center","24","100.0000","42101","Carbon monoxide","054","47260","Virginia Beach-Norfolk-Newport News, VA-NC","51","Virginia","650","Hampton City","37.103733000908","-76.3870167"
"08/11/2022","AQS","516500008","1","0.3","ppm","3","NASA Langley Research Center","24","100.0000","42101","Carbon monoxide","054","47260","Virginia Beach-Norfolk-Newport News, VA-NC","51","Virginia","650","Hampton City","37.103733000908","-76.3870167"
"08/12/2022","AQS","516500008","1","0.3","ppm","3","NASA Langley Research Center","24","100.0000","42101","Carbon monoxide","054","47260","Virginia Beach-Norfolk-Newport News, VA-NC","51","Virginia","650","Hampton City","37.103733000908","-76.3870167"
"08/13/2022","AQS","516500008","1","0.2","ppm","2","NASA Langley Research Center","24","100.0000","42101","Carbon monoxide","054","47260","Virginia Beach-Norfolk-Newport News, VA-NC","51","Virginia","650","Hampton City","37.103733000908","-76.3870167"
"08/14/2022","AQS","516500008","1","0.3","ppm","3","NASA Langley Research Center","24","100.0000","42101","Carbon monoxide","054","47260","Virginia Beach-Norfolk-Newport News, VA-NC","51","Virginia","650","Hampton City","37.103733000908","-76.3870167"
"08/15/2022","AQS","516500008","1","0.2","ppm","2","NASA Langley Research Center","24","100.0000","42101","Carbon monoxide","054","47260","Virginia Beach-Norfolk-Newport News, VA-NC","51","Virginia","650","Hampton City","37.103733000908","-76.3870167"
"08/16/2022","AQS","516500008","1","0.2","ppm","2","NASA Langley Research Center","24","100.0000","42101","Carbon monoxide","054","47260","Virginia Beach-Norfolk-Newport News, VA-NC","51","Virginia","650","Hampton City","37.103733000908","-76.3870167"
"08/17/2022","AQS","516500008","1","0.2","ppm","2","NASA Langley Research Center","24","100.0000","42101","Carbon monoxide","054","47260","Virginia Beach-Norfolk-Newport News, VA-NC","51","Virginia","650","Hampton City","37.103733000908","-76.3870167"
"08/18/2022","AQS","516500008","1","0.3","ppm","3","NASA Langley Research Center","18","75.0000","42101","Carbon monoxide","054","47260","Virginia Beach-Norfolk-Newport News, VA-NC","51","Virginia","650","Hampton City","37.103733000908","-76.3870167"
"08/19/2022","AQS","516500008","1","0.2","ppm","2","NASA Langley Research Center","24","100.0000","42101","Carbon monoxide","054","47260","Virginia Beach-Norfolk-Newport News, VA-NC","51","Virginia","650","Hampton City","37.103733000908","-76.3870167"
"08/20/2022","AQS","516500008","1","0.2","ppm","2","NASA Langley Research Center","24","100.0000","42101","Carbon monoxide","054","47260","Virginia Beach-Norfolk-Newport News, VA-NC","51","Virginia","650","Hampton City","37.103733000908","-76.3870167"
"08/21/2022","AQS","516500008","1","0.2","ppm","2","NASA Langley Research Center","24","100.0000","42101","Carbon monoxide","054","47260","Virginia Beach-Norfolk-Newport News, VA-NC","51","Virginia","650","Hampton City","37.103733000908","-76.3870167"
"08/22/2022","AQS","516500008","1","0.2","ppm","2","NASA Langley Research Center","24","100.0000","42101","Carbon monoxide","054","47260","Virginia Beach-Norfolk-Newport News, VA-NC","51","Virginia","650","Hampton City","37.103733000908","-76.3870167"
"08/23/2022","AQS","516500008","1","0.3","ppm","3","NASA Langley Research Center","24","100.0000","42101","Carbon monoxide","054","47260","Virginia Beach-Norfolk-Newport News, VA-NC","51","Virginia","650","Hampton City","37.103733000908","-76.3870167"
"08/24/2022","AQS","516500008","1","0.3","ppm","3","NASA Langley Research Center","24","100.0000","42101","Carbon monoxide","054","47260","Virginia Beach-Norfolk-Newport News, VA-NC","51","Virginia","650","Hampton City","37.103733000908","-76.3870167"
"08/25/2022","AQS","516500008","1","0.3","ppm","3","NASA Langley Research Center","24","100.0000","42101","Carbon monoxide","054","47260","Virginia Beach-Norfolk-Newport News, VA-NC","51","Virginia","650","Hampton City","37.103733000908","-76.3870167"
"08/26/2022","AQS","516500008","1","0.2","ppm","2","NASA Langley Research Center","24","100.0000","42101","Carbon monoxide","054","47260","Virginia Beach-Norfolk-Newport News, VA-NC","51","Virginia","650","Hampton City","37.103733000908","-76.3870167"
"08/27/2022","AQS","516500008","1","0.2","ppm","2","NASA Langley Research Center","24","100.0000","42101","Carbon monoxide","054","47260","Virginia Beach-Norfolk-Newport News, VA-NC","51","Virginia","650","Hampton City","37.103733000908","-76.3870167"
"08/28/2022","AQS","516500008","1","0.3","ppm","3","NASA Langley Research Center","24","100.0000","42101","Carbon monoxide","054","47260","Virginia Beach-Norfolk-Newport News, VA-NC","51","Virginia","650","Hampton City","37.103733000908","-76.3870167"
"08/29/2022","AQS","516500008","1","0.1","ppm","1","NASA Langley Research Center","24","100.0000","42101","Carbon monoxide","054","47260","Virginia Beach-Norfolk-Newport News, VA-NC","51","Virginia","650","Hampton City","37.103733000908","-76.3870167"
"08/30/2022","AQS","516500008","1","0.2","ppm","2","NASA Langley Research Center","23","96.0000","42101","Carbon monoxide","054","47260","Virginia Beach-Norfolk-Newport News, VA-NC","51","Virginia","650","Hampton City","37.103733000908","-76.3870167"
"08/31/2022","AQS","516500008","1","0.2","ppm","2","NASA Langley Research Center","24","100.0000","42101","Carbon monoxide","054","47260","Virginia Beach-Norfolk-Newport News, VA-NC","51","Virginia","650","Hampton City","37.103733000908","-76.3870167"
"09/01/2022","AQS","516500008","1","0.2","ppm","2","NASA Langley Research Center","24","100.0000","42101","Carbon monoxide","054","47260","Virginia Beach-Norfolk-Newport News, VA-NC","51","Virginia","650","Hampton City","37.103733000908","-76.3870167"
"09/02/2022","AQS","516500008","1","0.3","ppm","3","NASA Langley Research Center","24","100.0000","42101","Carbon monoxide","054","47260","Virginia Beach-Norfolk-Newport News, VA-NC","51","Virginia","650","Hampton City","37.103733000908","-76.3870167"
"09/03/2022","AQS","516500008","1","0.2","ppm","2","NASA Langley Research Center","24","100.0000","42101","Carbon monoxide","054","47260","Virginia Beach-Norfolk-Newport News, VA-NC","51","Virginia","650","Hampton City","37.103733000908","-76.3870167"
"09/04/2022","AQS","516500008","1","0.3","ppm","3","NASA Langley Research Center","24","100.0000","42101","Carbon monoxide","054","47260","Virginia Beach-Norfolk-Newport News, VA-NC","51","Virginia","650","Hampton City","37.103733000908","-76.3870167"
"09/05/2022","AQS","516500008","1","0.2","ppm","2","NASA Langley Research Center","24","100.0000","42101","Carbon monoxide","054","47260","Virginia Beach-Norfolk-Newport News, VA-NC","51","Virginia","650","Hampton City","37.103733000908","-76.3870167"
"09/06/2022","AQS","516500008","1","0.1","ppm","1","NASA Langley Research Center","24","100.0000","42101","Carbon monoxide","054","47260","Virginia Beach-Norfolk-Newport News, VA-NC","51","Virginia","650","Hampton City","37.103733000908","-76.3870167"
"09/07/2022","AQS","516500008","1","0.1","ppm","1","NASA Langley Research Center","24","100.0000","42101","Carbon monoxide","054","47260","Virginia Beach-Norfolk-Newport News, VA-NC","51","Virginia","650","Hampton City","37.103733000908","-76.3870167"
"09/08/2022","AQS","516500008","1","0.2","ppm","2","NASA Langley Research Center","24","100.0000","42101","Carbon monoxide","054","47260","Virginia Beach-Norfolk-Newport News, VA-NC","51","Virginia","650","Hampton City","37.103733000908","-76.3870167"
"09/09/2022","AQS","516500008","1","0.2","ppm","2","NASA Langley Research Center","24","100.0000","42101","Carbon monoxide","054","47260","Virginia Beach-Norfolk-Newport News, VA-NC","51","Virginia","650","Hampton City","37.103733000908","-76.3870167"
"09/10/2022","AQS","516500008","1","0.1","ppm","1","NASA Langley Research Center","24","100.0000","42101","Carbon monoxide","054","47260","Virginia Beach-Norfolk-Newport News, VA-NC","51","Virginia","650","Hampton City","37.103733000908","-76.3870167"
"09/11/2022","AQS","516500008","1","0.1","ppm","1","NASA Langley Research Center","24","100.0000","42101","Carbon monoxide","054","47260","Virginia Beach-Norfolk-Newport News, VA-NC","51","Virginia","650","Hampton City","37.103733000908","-76.3870167"
"09/12/2022","AQS","516500008","1","0.2","ppm","2","NASA Langley Research Center","24","100.0000","42101","Carbon monoxide","054","47260","Virginia Beach-Norfolk-Newport News, VA-NC","51","Virginia","650","Hampton City","37.103733000908","-76.3870167"
"09/13/2022","AQS","516500008","1","0.2","ppm","2","NASA Langley Research Center","24","100.0000","42101","Carbon monoxide","054","47260","Virginia Beach-Norfolk-Newport News, VA-NC","51","Virginia","650","Hampton City","37.103733000908","-76.3870167"
"09/14/2022","AQS","516500008","1","0.2","ppm","2","NASA Langley Research Center","24","100.0000","42101","Carbon monoxide","054","47260","Virginia Beach-Norfolk-Newport News, VA-NC","51","Virginia","650","Hampton City","37.103733000908","-76.3870167"
"09/15/2022","AQS","516500008","1","0.3","ppm","3","NASA Langley Research Center","24","100.0000","42101","Carbon monoxide","054","47260","Virginia Beach-Norfolk-Newport News, VA-NC","51","Virginia","650","Hampton City","37.103733000908","-76.3870167"
"09/16/2022","AQS","516500008","1","0.2","ppm","2","NASA Langley Research Center","24","100.0000","42101","Carbon monoxide","054","47260","Virginia Beach-Norfolk-Newport News, VA-NC","51","Virginia","650","Hampton City","37.103733000908","-76.3870167"
"09/17/2022","AQS","516500008","1","0.3","ppm","3","NASA Langley Research Center","24","100.0000","42101","Carbon monoxide","054","47260","Virginia Beach-Norfolk-Newport News, VA-NC","51","Virginia","650","Hampton City","37.103733000908","-76.3870167"
"09/18/2022","AQS","516500008","1","0.4","ppm","5","NASA Langley Research Center","24","100.0000","42101","Carbon monoxide","054","47260","Virginia Beach-Norfolk-Newport News, VA-NC","51","Virginia","650","Hampton City","37.103733000908","-76.3870167"
"09/19/2022","AQS","516500008","1","0.2","ppm","2","NASA Langley Research Center","24","100.0000","42101","Carbon monoxide","054","47260","Virginia Beach-Norfolk-Newport News, VA-NC","51","Virginia","650","Hampton City","37.103733000908","-76.3870167"
"09/20/2022","AQS","516500008","1","0.2","ppm","2","NASA Langley Research Center","24","100.0000","42101","Carbon monoxide","054","47260","Virginia Beach-Norfolk-Newport News, VA-NC","51","Virginia","650","Hampton City","37.103733000908","-76.3870167"
"09/21/2022","AQS","516500008","1","0.3","ppm","3","NASA Langley Research Center","24","100.0000","42101","Carbon monoxide","054","47260","Virginia Beach-Norfolk-Newport News, VA-NC","51","Virginia","650","Hampton City","37.103733000908","-76.3870167"
"09/22/2022","AQS","516500008","1","0.2","ppm","2","NASA Langley Research Center","24","100.0000","42101","Carbon monoxide","054","47260","Virginia Beach-Norfolk-Newport News, VA-NC","51","Virginia","650","Hampton City","37.103733000908","-76.3870167"
"09/23/2022","AQS","516500008","1","0.2","ppm","2","NASA Langley Research Center","24","100.0000","42101","Carbon monoxide","054","47260","Virginia Beach-Norfolk-Newport News, VA-NC","51","Virginia","650","Hampton City","37.103733000908","-76.3870167"
"09/24/2022","AQS","516500008","1","0.2","ppm","2","NASA Langley Research Center","24","100.0000","42101","Carbon monoxide","054","47260","Virginia Beach-Norfolk-Newport News, VA-NC","51","Virginia","650","Hampton City","37.103733000908","-76.3870167"
"09/25/2022","AQS","516500008","1","0.2","ppm","2","NASA Langley Research Center","24","100.0000","42101","Carbon monoxide","054","47260","Virginia Beach-Norfolk-Newport News, VA-NC","51","Virginia","650","Hampton City","37.103733000908","-76.3870167"
"09/26/2022","AQS","516500008","1","0.2","ppm","2","NASA Langley Research Center","24","100.0000","42101","Carbon monoxide","054","47260","Virginia Beach-Norfolk-Newport News, VA-NC","51","Virginia","650","Hampton City","37.103733000908","-76.3870167"
"09/27/2022","AQS","516500008","1","0.2","ppm","2","NASA Langley Research Center","24","100.0000","42101","Carbon monoxide","054","47260","Virginia Beach-Norfolk-Newport News, VA-NC","51","Virginia","650","Hampton City","37.103733000908","-76.3870167"
"09/28/2022","AQS","516500008","1","0.2","ppm","2","NASA Langley Research Center","24","100.0000","42101","Carbon monoxide","054","47260","Virginia Beach-Norfolk-Newport News, VA-NC","51","Virginia","650","Hampton City","37.103733000908","-76.3870167"
"09/29/2022","AQS","516500008","1","0.1","ppm","1","NASA Langley Research Center","24","100.0000","42101","Carbon monoxide","054","47260","Virginia Beach-Norfolk-Newport News, VA-NC","51","Virginia","650","Hampton City","37.103733000908","-76.3870167"
"09/30/2022","AQS","516500008","1","0.1","ppm","1","NASA Langley Research Center","24","100.0000","42101","Carbon monoxide","054","47260","Virginia Beach-Norfolk-Newport News, VA-NC","51","Virginia","650","Hampton City","37.103733000908","-76.3870167"
"10/01/2022","AQS","516500008","1","0.2","ppm","2","NASA Langley Research Center","24","100.0000","42101","Carbon monoxide","054","47260","Virginia Beach-Norfolk-Newport News, VA-NC","51","Virginia","650","Hampton City","37.103733000908","-76.3870167"
"10/02/2022","AQS","516500008","1","0.2","ppm","2","NASA Langley Research Center","24","100.0000","42101","Carbon monoxide","054","47260","Virginia Beach-Norfolk-Newport News, VA-NC","51","Virginia","650","Hampton City","37.103733000908","-76.3870167"
"10/03/2022","AQS","516500008","1","0.1","ppm","1","NASA Langley Research Center","24","100.0000","42101","Carbon monoxide","054","47260","Virginia Beach-Norfolk-Newport News, VA-NC","51","Virginia","650","Hampton City","37.103733000908","-76.3870167"
"10/04/2022","AQS","516500008","1","0.1","ppm","1","NASA Langley Research Center","24","100.0000","42101","Carbon monoxide","054","47260","Virginia Beach-Norfolk-Newport News, VA-NC","51","Virginia","650","Hampton City","37.103733000908","-76.3870167"
"10/05/2022","AQS","516500008","1","0.1","ppm","1","NASA Langley Research Center","24","100.0000","42101","Carbon monoxide","054","47260","Virginia Beach-Norfolk-Newport News, VA-NC","51","Virginia","650","Hampton City","37.103733000908","-76.3870167"
"10/06/2022","AQS","516500008","1","0.3","ppm","3","NASA Langley Research Center","24","100.0000","42101","Carbon monoxide","054","47260","Virginia Beach-Norfolk-Newport News, VA-NC","51","Virginia","650","Hampton City","37.103733000908","-76.3870167"
"10/07/2022","AQS","516500008","1","0.3","ppm","3","NASA Langley Research Center","24","100.0000","42101","Carbon monoxide","054","47260","Virginia Beach-Norfolk-Newport News, VA-NC","51","Virginia","650","Hampton City","37.103733000908","-76.3870167"
"10/08/2022","AQS","516500008","1","0.3","ppm","3","NASA Langley Research Center","24","100.0000","42101","Carbon monoxide","054","47260","Virginia Beach-Norfolk-Newport News, VA-NC","51","Virginia","650","Hampton City","37.103733000908","-76.3870167"
"10/09/2022","AQS","516500008","1","0.3","ppm","3","NASA Langley Research Center","24","100.0000","42101","Carbon monoxide","054","47260","Virginia Beach-Norfolk-Newport News, VA-NC","51","Virginia","650","Hampton City","37.103733000908","-76.3870167"
"10/10/2022","AQS","516500008","1","0.3","ppm","3","NASA Langley Research Center","24","100.0000","42101","Carbon monoxide","054","47260","Virginia Beach-Norfolk-Newport News, VA-NC","51","Virginia","650","Hampton City","37.103733000908","-76.3870167"
"10/11/2022","AQS","516500008","1","0.3","ppm","3","NASA Langley Research Center","24","100.0000","42101","Carbon monoxide","054","47260","Virginia Beach-Norfolk-Newport News, VA-NC","51","Virginia","650","Hampton City","37.103733000908","-76.3870167"
"10/12/2022","AQS","516500008","1","0.3","ppm","3","NASA Langley Research Center","24","100.0000","42101","Carbon monoxide","054","47260","Virginia Beach-Norfolk-Newport News, VA-NC","51","Virginia","650","Hampton City","37.103733000908","-76.3870167"
"10/13/2022","AQS","516500008","1","0.2","ppm","2","NASA Langley Research Center","24","100.0000","42101","Carbon monoxide","054","47260","Virginia Beach-Norfolk-Newport News, VA-NC","51","Virginia","650","Hampton City","37.103733000908","-76.3870167"
"10/14/2022","AQS","516500008","1","0.3","ppm","3","NASA Langley Research Center","24","100.0000","42101","Carbon monoxide","054","47260","Virginia Beach-Norfolk-Newport News, VA-NC","51","Virginia","650","Hampton City","37.103733000908","-76.3870167"
"10/15/2022","AQS","516500008","1","0.4","ppm","5","NASA Langley Research Center","24","100.0000","42101","Carbon monoxide","054","47260","Virginia Beach-Norfolk-Newport News, VA-NC","51","Virginia","650","Hampton City","37.103733000908","-76.3870167"
"10/16/2022","AQS","516500008","1","0.2","ppm","2","NASA Langley Research Center","24","100.0000","42101","Carbon monoxide","054","47260","Virginia Beach-Norfolk-Newport News, VA-NC","51","Virginia","650","Hampton City","37.103733000908","-76.3870167"
"10/17/2022","AQS","516500008","1","0.2","ppm","2","NASA Langley Research Center","24","100.0000","42101","Carbon monoxide","054","47260","Virginia Beach-Norfolk-Newport News, VA-NC","51","Virginia","650","Hampton City","37.103733000908","-76.3870167"
"10/18/2022","AQS","516500008","1","0.2","ppm","2","NASA Langley Research Center","24","100.0000","42101","Carbon monoxide","054","47260","Virginia Beach-Norfolk-Newport News, VA-NC","51","Virginia","650","Hampton City","37.103733000908","-76.3870167"
"10/19/2022","AQS","516500008","1","0.2","ppm","2","NASA Langley Research Center","24","100.0000","42101","Carbon monoxide","054","47260","Virginia Beach-Norfolk-Newport News, VA-NC","51","Virginia","650","Hampton City","37.103733000908","-76.3870167"
"10/20/2022","AQS","516500008","1","0.2","ppm","2","NASA Langley Research Center","24","100.0000","42101","Carbon monoxide","054","47260","Virginia Beach-Norfolk-Newport News, VA-NC","51","Virginia","650","Hampton City","37.103733000908","-76.3870167"
"10/21/2022","AQS","516500008","1","0.3","ppm","3","NASA Langley Research Center","24","100.0000","42101","Carbon monoxide","054","47260","Virginia Beach-Norfolk-Newport News, VA-NC","51","Virginia","650","Hampton City","37.103733000908","-76.3870167"
"10/22/2022","AQS","516500008","1","0.3","ppm","3","NASA Langley Research Center","24","100.0000","42101","Carbon monoxide","054","47260","Virginia Beach-Norfolk-Newport News, VA-NC","51","Virginia","650","Hampton City","37.103733000908","-76.3870167"
"10/23/2022","AQS","516500008","1","0.2","ppm","2","NASA Langley Research Center","24","100.0000","42101","Carbon monoxide","054","47260","Virginia Beach-Norfolk-Newport News, VA-NC","51","Virginia","650","Hampton City","37.103733000908","-76.3870167"
"10/24/2022","AQS","516500008","1","0.2","ppm","2","NASA Langley Research Center","24","100.0000","42101","Carbon monoxide","054","47260","Virginia Beach-Norfolk-Newport News, VA-NC","51","Virginia","650","Hampton City","37.103733000908","-76.3870167"
"10/25/2022","AQS","516500008","1","0.2","ppm","2","NASA Langley Research Center","24","100.0000","42101","Carbon monoxide","054","47260","Virginia Beach-Norfolk-Newport News, VA-NC","51","Virginia","650","Hampton City","37.103733000908","-76.3870167"
"10/26/2022","AQS","516500008","1","0.2","ppm","2","NASA Langley Research Center","24","100.0000","42101","Carbon monoxide","054","47260","Virginia Beach-Norfolk-Newport News, VA-NC","51","Virginia","650","Hampton City","37.103733000908","-76.3870167"
"10/27/2022","AQS","516500008","1","0.2","ppm","2","NASA Langley Research Center","24","100.0000","42101","Carbon monoxide","054","47260","Virginia Beach-Norfolk-Newport News, VA-NC","51","Virginia","650","Hampton City","37.103733000908","-76.3870167"
"10/28/2022","AQS","516500008","1","0.1","ppm","1","NASA Langley Research Center","24","100.0000","42101","Carbon monoxide","054","47260","Virginia Beach-Norfolk-Newport News, VA-NC","51","Virginia","650","Hampton City","37.103733000908","-76.3870167"
"10/29/2022","AQS","516500008","1","0.1","ppm","1","NASA Langley Research Center","7","29.0000","42101","Carbon monoxide","054","47260","Virginia Beach-Norfolk-Newport News, VA-NC","51","Virginia","650","Hampton City","37.103733000908","-76.3870167"
"11/01/2022","AQS","516500008","1","0.2","ppm","2","NASA Langley Research Center","9","38.0000","42101","Carbon monoxide","054","47260","Virginia Beach-Norfolk-Newport News, VA-NC","51","Virginia","650","Hampton City","37.103733000908","-76.3870167"
"11/02/2022","AQS","516500008","1","0.2","ppm","2","NASA Langley Research Center","24","100.0000","42101","Carbon monoxide","054","47260","Virginia Beach-Norfolk-Newport News, VA-NC","51","Virginia","650","Hampton City","37.103733000908","-76.3870167"
"11/03/2022","AQS","516500008","1","0.2","ppm","2","NASA Langley Research Center","24","100.0000","42101","Carbon monoxide","054","47260","Virginia Beach-Norfolk-Newport News, VA-NC","51","Virginia","650","Hampton City","37.103733000908","-76.3870167"
"11/04/2022","AQS","516500008","1","0.1","ppm","1","NASA Langley Research Center","24","100.0000","42101","Carbon monoxide","054","47260","Virginia Beach-Norfolk-Newport News, VA-NC","51","Virginia","650","Hampton City","37.103733000908","-76.3870167"
"11/05/2022","AQS","516500008","1","0.2","ppm","2","NASA Langley Research Center","24","100.0000","42101","Carbon monoxide","054","47260","Virginia Beach-Norfolk-Newport News, VA-NC","51","Virginia","650","Hampton City","37.103733000908","-76.3870167"
"11/06/2022","AQS","516500008","1","0.1","ppm","1","NASA Langley Research Center","24","100.0000","42101","Carbon monoxide","054","47260","Virginia Beach-Norfolk-Newport News, VA-NC","51","Virginia","650","Hampton City","37.103733000908","-76.3870167"
"11/07/2022","AQS","516500008","1","0.1","ppm","1","NASA Langley Research Center","24","100.0000","42101","Carbon monoxide","054","47260","Virginia Beach-Norfolk-Newport News, VA-NC","51","Virginia","650","Hampton City","37.103733000908","-76.3870167"
"11/08/2022","AQS","516500008","1","0.1","ppm","1","NASA Langley Research Center","24","100.0000","42101","Carbon monoxide","054","47260","Virginia Beach-Norfolk-Newport News, VA-NC","51","Virginia","650","Hampton City","37.103733000908","-76.3870167"
"11/09/2022","AQS","516500008","1","0.1","ppm","1","NASA Langley Research Center","24","100.0000","42101","Carbon monoxide","054","47260","Virginia Beach-Norfolk-Newport News, VA-NC","51","Virginia","650","Hampton City","37.103733000908","-76.3870167"
"11/10/2022","AQS","516500008","1","0.1","ppm","1","NASA Langley Research Center","24","100.0000","42101","Carbon monoxide","054","47260","Virginia Beach-Norfolk-Newport News, VA-NC","51","Virginia","650","Hampton City","37.103733000908","-76.3870167"
"11/11/2022","AQS","516500008","1","0.1","ppm","1","NASA Langley Research Center","24","100.0000","42101","Carbon monoxide","054","47260","Virginia Beach-Norfolk-Newport News, VA-NC","51","Virginia","650","Hampton City","37.103733000908","-76.3870167"
"11/12/2022","AQS","516500008","1","0.1","ppm","1","NASA Langley Research Center","24","100.0000","42101","Carbon monoxide","054","47260","Virginia Beach-Norfolk-Newport News, VA-NC","51","Virginia","650","Hampton City","37.103733000908","-76.3870167"
"11/13/2022","AQS","516500008","1","0.1","ppm","1","NASA Langley Research Center","24","100.0000","42101","Carbon monoxide","054","47260","Virginia Beach-Norfolk-Newport News, VA-NC","51","Virginia","650","Hampton City","37.103733000908","-76.3870167"
"11/14/2022","AQS","516500008","1","0.2","ppm","2","NASA Langley Research Center","24","100.0000","42101","Carbon monoxide","054","47260","Virginia Beach-Norfolk-Newport News, VA-NC","51","Virginia","650","Hampton City","37.103733000908","-76.3870167"
"11/15/2022","AQS","516500008","1","0.2","ppm","2","NASA Langley Research Center","24","100.0000","42101","Carbon monoxide","054","47260","Virginia Beach-Norfolk-Newport News, VA-NC","51","Virginia","650","Hampton City","37.103733000908","-76.3870167"
"11/16/2022","AQS","516500008","1","0.2","ppm","2","NASA Langley Research Center","24","100.0000","42101","Carbon monoxide","054","47260","Virginia Beach-Norfolk-Newport News, VA-NC","51","Virginia","650","Hampton City","37.103733000908","-76.3870167"
"11/17/2022","AQS","516500008","1","0.3","ppm","3","NASA Langley Research Center","24","100.0000","42101","Carbon monoxide","054","47260","Virginia Beach-Norfolk-Newport News, VA-NC","51","Virginia","650","Hampton City","37.103733000908","-76.3870167"
"11/18/2022","AQS","516500008","1","0.3","ppm","3","NASA Langley Research Center","24","100.0000","42101","Carbon monoxide","054","47260","Virginia Beach-Norfolk-Newport News, VA-NC","51","Virginia","650","Hampton City","37.103733000908","-76.3870167"
"11/19/2022","AQS","516500008","1","0.2","ppm","2","NASA Langley Research Center","24","100.0000","42101","Carbon monoxide","054","47260","Virginia Beach-Norfolk-Newport News, VA-NC","51","Virginia","650","Hampton City","37.103733000908","-76.3870167"
"11/20/2022","AQS","516500008","1","0.2","ppm","2","NASA Langley Research Center","24","100.0000","42101","Carbon monoxide","054","47260","Virginia Beach-Norfolk-Newport News, VA-NC","51","Virginia","650","Hampton City","37.103733000908","-76.3870167"
"11/21/2022","AQS","516500008","1","0.2","ppm","2","NASA Langley Research Center","24","100.0000","42101","Carbon monoxide","054","47260","Virginia Beach-Norfolk-Newport News, VA-NC","51","Virginia","650","Hampton City","37.103733000908","-76.3870167"
"11/22/2022","AQS","516500008","1","0.3","ppm","3","NASA Langley Research Center","24","100.0000","42101","Carbon monoxide","054","47260","Virginia Beach-Norfolk-Newport News, VA-NC","51","Virginia","650","Hampton City","37.103733000908","-76.3870167"
"11/23/2022","AQS","516500008","1","0.6","ppm","7","NASA Langley Research Center","24","100.0000","42101","Carbon monoxide","054","47260","Virginia Beach-Norfolk-Newport News, VA-NC","51","Virginia","650","Hampton City","37.103733000908","-76.3870167"
"11/24/2022","AQS","516500008","1","0.5","ppm","6","NASA Langley Research Center","24","100.0000","42101","Carbon monoxide","054","47260","Virginia Beach-Norfolk-Newport News, VA-NC","51","Virginia","650","Hampton City","37.103733000908","-76.3870167"
"11/25/2022","AQS","516500008","1","0.4","ppm","5","NASA Langley Research Center","24","100.0000","42101","Carbon monoxide","054","47260","Virginia Beach-Norfolk-Newport News, VA-NC","51","Virginia","650","Hampton City","37.103733000908","-76.3870167"
"11/26/2022","AQS","516500008","1","0.5","ppm","6","NASA Langley Research Center","24","100.0000","42101","Carbon monoxide","054","47260","Virginia Beach-Norfolk-Newport News, VA-NC","51","Virginia","650","Hampton City","37.103733000908","-76.3870167"
"11/27/2022","AQS","516500008","1","0.5","ppm","6","NASA Langley Research Center","24","100.0000","42101","Carbon monoxide","054","47260","Virginia Beach-Norfolk-Newport News, VA-NC","51","Virginia","650","Hampton City","37.103733000908","-76.3870167"
"11/28/2022","AQS","516500008","1","0.3","ppm","3","NASA Langley Research Center","4","17.0000","42101","Carbon monoxide","054","47260","Virginia Beach-Norfolk-Newport News, VA-NC","51","Virginia","650","Hampton City","37.103733000908","-76.3870167"
"11/30/2022","AQS","516500008","1","0","ppm","0","NASA Langley Research Center","4","17.0000","42101","Carbon monoxide","054","47260","Virginia Beach-Norfolk-Newport News, VA-NC","51","Virginia","650","Hampton City","37.103733000908","-76.3870167"
"12/01/2022","AQS","516500008","1","0.2","ppm","2","NASA Langley Research Center","24","100.0000","42101","Carbon monoxide","054","47260","Virginia Beach-Norfolk-Newport News, VA-NC","51","Virginia","650","Hampton City","37.103733000908","-76.3870167"
"12/02/2022","AQS","516500008","1","0.4","ppm","5","NASA Langley Research Center","24","100.0000","42101","Carbon monoxide","054","47260","Virginia Beach-Norfolk-Newport News, VA-NC","51","Virginia","650","Hampton City","37.103733000908","-76.3870167"
"12/03/2022","AQS","516500008","1","0.1","ppm","1","NASA Langley Research Center","24","100.0000","42101","Carbon monoxide","054","47260","Virginia Beach-Norfolk-Newport News, VA-NC","51","Virginia","650","Hampton City","37.103733000908","-76.3870167"
"12/04/2022","AQS","516500008","1","0.2","ppm","2","NASA Langley Research Center","24","100.0000","42101","Carbon monoxide","054","47260","Virginia Beach-Norfolk-Newport News, VA-NC","51","Virginia","650","Hampton City","37.103733000908","-76.3870167"
"12/05/2022","AQS","516500008","1","0.3","ppm","3","NASA Langley Research Center","24","100.0000","42101","Carbon monoxide","054","47260","Virginia Beach-Norfolk-Newport News, VA-NC","51","Virginia","650","Hampton City","37.103733000908","-76.3870167"
"12/06/2022","AQS","516500008","1","0.2","ppm","2","NASA Langley Research Center","24","100.0000","42101","Carbon monoxide","054","47260","Virginia Beach-Norfolk-Newport News, VA-NC","51","Virginia","650","Hampton City","37.103733000908","-76.3870167"
"12/07/2022","AQS","516500008","1","0.2","ppm","2","NASA Langley Research Center","24","100.0000","42101","Carbon monoxide","054","47260","Virginia Beach-Norfolk-Newport News, VA-NC","51","Virginia","650","Hampton City","37.103733000908","-76.3870167"
"12/08/2022","AQS","516500008","1","0.2","ppm","2","NASA Langley Research Center","24","100.0000","42101","Carbon monoxide","054","47260","Virginia Beach-Norfolk-Newport News, VA-NC","51","Virginia","650","Hampton City","37.103733000908","-76.3870167"
"12/09/2022","AQS","516500008","1","0.2","ppm","2","NASA Langley Research Center","24","100.0000","42101","Carbon monoxide","054","47260","Virginia Beach-Norfolk-Newport News, VA-NC","51","Virginia","650","Hampton City","37.103733000908","-76.3870167"
"12/10/2022","AQS","516500008","1","0.2","ppm","2","NASA Langley Research Center","24","100.0000","42101","Carbon monoxide","054","47260","Virginia Beach-Norfolk-Newport News, VA-NC","51","Virginia","650","Hampton City","37.103733000908","-76.3870167"
"12/11/2022","AQS","516500008","1","0.3","ppm","3","NASA Langley Research Center","24","100.0000","42101","Carbon monoxide","054","47260","Virginia Beach-Norfolk-Newport News, VA-NC","51","Virginia","650","Hampton City","37.103733000908","-76.3870167"
"12/12/2022","AQS","516500008","1","0.3","ppm","3","NASA Langley Research Center","24","100.0000","42101","Carbon monoxide","054","47260","Virginia Beach-Norfolk-Newport News, VA-NC","51","Virginia","650","Hampton City","37.103733000908","-76.3870167"
"12/13/2022","AQS","516500008","1","0.4","ppm","5","NASA Langley Research Center","24","100.0000","42101","Carbon monoxide","054","47260","Virginia Beach-Norfolk-Newport News, VA-NC","51","Virginia","650","Hampton City","37.103733000908","-76.3870167"
"12/14/2022","AQS","516500008","1","0.5","ppm","6","NASA Langley Research Center","24","100.0000","42101","Carbon monoxide","054","47260","Virginia Beach-Norfolk-Newport News, VA-NC","51","Virginia","650","Hampton City","37.103733000908","-76.3870167"
"12/15/2022","AQS","516500008","1","0.3","ppm","3","NASA Langley Research Center","24","100.0000","42101","Carbon monoxide","054","47260","Virginia Beach-Norfolk-Newport News, VA-NC","51","Virginia","650","Hampton City","37.103733000908","-76.3870167"
"12/16/2022","AQS","516500008","1","0.4","ppm","5","NASA Langley Research Center","24","100.0000","42101","Carbon monoxide","054","47260","Virginia Beach-Norfolk-Newport News, VA-NC","51","Virginia","650","Hampton City","37.103733000908","-76.3870167"
"12/17/2022","AQS","516500008","1","0.4","ppm","5","NASA Langley Research Center","24","100.0000","42101","Carbon monoxide","054","47260","Virginia Beach-Norfolk-Newport News, VA-NC","51","Virginia","650","Hampton City","37.103733000908","-76.3870167"
"12/18/2022","AQS","516500008","1","0.5","ppm","6","NASA Langley Research Center","24","100.0000","42101","Carbon monoxide","054","47260","Virginia Beach-Norfolk-Newport News, VA-NC","51","Virginia","650","Hampton City","37.103733000908","-76.3870167"
"12/19/2022","AQS","516500008","1","0.4","ppm","5","NASA Langley Research Center","24","100.0000","42101","Carbon monoxide","054","47260","Virginia Beach-Norfolk-Newport News, VA-NC","51","Virginia","650","Hampton City","37.103733000908","-76.3870167"
"12/20/2022","AQS","516500008","1","0.4","ppm","5","NASA Langley Research Center","24","100.0000","42101","Carbon monoxide","054","47260","Virginia Beach-Norfolk-Newport News, VA-NC","51","Virginia","650","Hampton City","37.103733000908","-76.3870167"
"12/21/2022","AQS","516500008","1","0.5","ppm","6","NASA Langley Research Center","24","100.0000","42101","Carbon monoxide","054","47260","Virginia Beach-Norfolk-Newport News, VA-NC","51","Virginia","650","Hampton City","37.103733000908","-76.3870167"
"12/22/2022","AQS","516500008","1","0.2","ppm","2","NASA Langley Research Center","24","100.0000","42101","Carbon monoxide","054","47260","Virginia Beach-Norfolk-Newport News, VA-NC","51","Virginia","650","Hampton City","37.103733000908","-76.3870167"
"12/23/2022","AQS","516500008","1","0.2","ppm","2","NASA Langley Research Center","24","100.0000","42101","Carbon monoxide","054","47260","Virginia Beach-Norfolk-Newport News, VA-NC","51","Virginia","650","Hampton City","37.103733000908","-76.3870167"
"12/24/2022","AQS","516500008","1","0.2","ppm","2","NASA Langley Research Center","24","100.0000","42101","Carbon monoxide","054","47260","Virginia Beach-Norfolk-Newport News, VA-NC","51","Virginia","650","Hampton City","37.103733000908","-76.3870167"
"12/25/2022","AQS","516500008","1","0.2","ppm","2","NASA Langley Research Center","24","100.0000","42101","Carbon monoxide","054","47260","Virginia Beach-Norfolk-Newport News, VA-NC","51","Virginia","650","Hampton City","37.103733000908","-76.3870167"
"12/26/2022","AQS","516500008","1","0.4","ppm","5","NASA Langley Research Center","24","100.0000","42101","Carbon monoxide","054","47260","Virginia Beach-Norfolk-Newport News, VA-NC","51","Virginia","650","Hampton City","37.103733000908","-76.3870167"
"12/27/2022","AQS","516500008","1","0.7","ppm","8","NASA Langley Research Center","24","100.0000","42101","Carbon monoxide","054","47260","Virginia Beach-Norfolk-Newport News, VA-NC","51","Virginia","650","Hampton City","37.103733000908","-76.3870167"
"12/28/2022","AQS","516500008","1","0.7","ppm","8","NASA Langley Research Center","24","100.0000","42101","Carbon monoxide","054","47260","Virginia Beach-Norfolk-Newport News, VA-NC","51","Virginia","650","Hampton City","37.103733000908","-76.3870167"
"12/29/2022","AQS","516500008","1","0.7","ppm","8","NASA Langley Research Center","24","100.0000","42101","Carbon monoxide","054","47260","Virginia Beach-Norfolk-Newport News, VA-NC","51","Virginia","650","Hampton City","37.103733000908","-76.3870167"
"12/30/2022","AQS","516500008","1","0.4","ppm","5","NASA Langley Research Center","13","54.0000","42101","Carbon monoxide","054","47260","Virginia Beach-Norfolk-Newport News, VA-NC","51","Virginia","650","Hampton City","37.103733000908","-76.3870167"
"01/01/2022","AQS","517100024","1","0.2","ppm","2","NOAA","19","79.0000","42101","Carbon monoxide","054","47260","Virginia Beach-Norfolk-Newport News, VA-NC","51","Virginia","710","Norfolk City","36.8555500009058","-76.30135"
"01/02/2022","AQS","517100024","1","0.2","ppm","2","NOAA","24","100.0000","42101","Carbon monoxide","054","47260","Virginia Beach-Norfolk-Newport News, VA-NC","51","Virginia","710","Norfolk City","36.8555500009058","-76.30135"
"01/03/2022","AQS","517100024","1","0.3","ppm","3","NOAA","24","100.0000","42101","Carbon monoxide","054","47260","Virginia Beach-Norfolk-Newport News, VA-NC","51","Virginia","710","Norfolk City","36.8555500009058","-76.30135"
"01/04/2022","AQS","517100024","1","0.4","ppm","5","NOAA","24","100.0000","42101","Carbon monoxide","054","47260","Virginia Beach-Norfolk-Newport News, VA-NC","51","Virginia","710","Norfolk City","36.8555500009058","-76.30135"
"01/05/2022","AQS","517100024","1","0.4","ppm","5","NOAA","24","100.0000","42101","Carbon monoxide","054","47260","Virginia Beach-Norfolk-Newport News, VA-NC","51","Virginia","710","Norfolk City","36.8555500009058","-76.30135"
"01/06/2022","AQS","517100024","1","0.4","ppm","5","NOAA","24","100.0000","42101","Carbon monoxide","054","47260","Virginia Beach-Norfolk-Newport News, VA-NC","51","Virginia","710","Norfolk City","36.8555500009058","-76.30135"
"01/07/2022","AQS","517100024","1","0.4","ppm","5","NOAA","24","100.0000","42101","Carbon monoxide","054","47260","Virginia Beach-Norfolk-Newport News, VA-NC","51","Virginia","710","Norfolk City","36.8555500009058","-76.30135"
"01/08/2022","AQS","517100024","1","0.4","ppm","5","NOAA","24","100.0000","42101","Carbon monoxide","054","47260","Virginia Beach-Norfolk-Newport News, VA-NC","51","Virginia","710","Norfolk City","36.8555500009058","-76.30135"
"01/09/2022","AQS","517100024","1","0.4","ppm","5","NOAA","24","100.0000","42101","Carbon monoxide","054","47260","Virginia Beach-Norfolk-Newport News, VA-NC","51","Virginia","710","Norfolk City","36.8555500009058","-76.30135"
"01/10/2022","AQS","517100024","1","0.4","ppm","5","NOAA","24","100.0000","42101","Carbon monoxide","054","47260","Virginia Beach-Norfolk-Newport News, VA-NC","51","Virginia","710","Norfolk City","36.8555500009058","-76.30135"
"01/11/2022","AQS","517100024","1","0.5","ppm","6","NOAA","24","100.0000","42101","Carbon monoxide","054","47260","Virginia Beach-Norfolk-Newport News, VA-NC","51","Virginia","710","Norfolk City","36.8555500009058","-76.30135"
"01/12/2022","AQS","517100024","1","0.5","ppm","6","NOAA","24","100.0000","42101","Carbon monoxide","054","47260","Virginia Beach-Norfolk-Newport News, VA-NC","51","Virginia","710","Norfolk City","36.8555500009058","-76.30135"
"01/13/2022","AQS","517100024","1","0.5","ppm","6","NOAA","24","100.0000","42101","Carbon monoxide","054","47260","Virginia Beach-Norfolk-Newport News, VA-NC","51","Virginia","710","Norfolk City","36.8555500009058","-76.30135"
"01/14/2022","AQS","517100024","1","0.4","ppm","5","NOAA","24","100.0000","42101","Carbon monoxide","054","47260","Virginia Beach-Norfolk-Newport News, VA-NC","51","Virginia","710","Norfolk City","36.8555500009058","-76.30135"
"01/15/2022","AQS","517100024","1","0.3","ppm","3","NOAA","24","100.0000","42101","Carbon monoxide","054","47260","Virginia Beach-Norfolk-Newport News, VA-NC","51","Virginia","710","Norfolk City","36.8555500009058","-76.30135"
"01/16/2022","AQS","517100024","1","0.3","ppm","3","NOAA","24","100.0000","42101","Carbon monoxide","054","47260","Virginia Beach-Norfolk-Newport News, VA-NC","51","Virginia","710","Norfolk City","36.8555500009058","-76.30135"
"01/17/2022","AQS","517100024","1","0.3","ppm","3","NOAA","24","100.0000","42101","Carbon monoxide","054","47260","Virginia Beach-Norfolk-Newport News, VA-NC","51","Virginia","710","Norfolk City","36.8555500009058","-76.30135"
"01/18/2022","AQS","517100024","1","0.5","ppm","6","NOAA","24","100.0000","42101","Carbon monoxide","054","47260","Virginia Beach-Norfolk-Newport News, VA-NC","51","Virginia","710","Norfolk City","36.8555500009058","-76.30135"
"01/19/2022","AQS","517100024","1","0.6","ppm","7","NOAA","24","100.0000","42101","Carbon monoxide","054","47260","Virginia Beach-Norfolk-Newport News, VA-NC","51","Virginia","710","Norfolk City","36.8555500009058","-76.30135"
"01/20/2022","AQS","517100024","1","0.3","ppm","3","NOAA","24","100.0000","42101","Carbon monoxide","054","47260","Virginia Beach-Norfolk-Newport News, VA-NC","51","Virginia","710","Norfolk City","36.8555500009058","-76.30135"
"01/21/2022","AQS","517100024","1","0.2","ppm","2","NOAA","24","100.0000","42101","Carbon monoxide","054","47260","Virginia Beach-Norfolk-Newport News, VA-NC","51","Virginia","710","Norfolk City","36.8555500009058","-76.30135"
"01/22/2022","AQS","517100024","1","0.4","ppm","5","NOAA","24","100.0000","42101","Carbon monoxide","054","47260","Virginia Beach-Norfolk-Newport News, VA-NC","51","Virginia","710","Norfolk City","36.8555500009058","-76.30135"
"01/23/2022","AQS","517100024","1","0.5","ppm","6","NOAA","24","100.0000","42101","Carbon monoxide","054","47260","Virginia Beach-Norfolk-Newport News, VA-NC","51","Virginia","710","Norfolk City","36.8555500009058","-76.30135"
"01/24/2022","AQS","517100024","1","0.4","ppm","5","NOAA","24","100.0000","42101","Carbon monoxide","054","47260","Virginia Beach-Norfolk-Newport News, VA-NC","51","Virginia","710","Norfolk City","36.8555500009058","-76.30135"
"01/25/2022","AQS","517100024","1","0.3","ppm","3","NOAA","24","100.0000","42101","Carbon monoxide","054","47260","Virginia Beach-Norfolk-Newport News, VA-NC","51","Virginia","710","Norfolk City","36.8555500009058","-76.30135"
"01/26/2022","AQS","517100024","1","0.3","ppm","3","NOAA","24","100.0000","42101","Carbon monoxide","054","47260","Virginia Beach-Norfolk-Newport News, VA-NC","51","Virginia","710","Norfolk City","36.8555500009058","-76.30135"
"01/27/2022","AQS","517100024","1","0.5","ppm","6","NOAA","24","100.0000","42101","Carbon monoxide","054","47260","Virginia Beach-Norfolk-Newport News, VA-NC","51","Virginia","710","Norfolk City","36.8555500009058","-76.30135"
"01/28/2022","AQS","517100024","1","1","ppm","11","NOAA","24","100.0000","42101","Carbon monoxide","054","47260","Virginia Beach-Norfolk-Newport News, VA-NC","51","Virginia","710","Norfolk City","36.8555500009058","-76.30135"
"01/29/2022","AQS","517100024","1","0.3","ppm","3","NOAA","24","100.0000","42101","Carbon monoxide","054","47260","Virginia Beach-Norfolk-Newport News, VA-NC","51","Virginia","710","Norfolk City","36.8555500009058","-76.30135"
"01/30/2022","AQS","517100024","1","0.3","ppm","3","NOAA","24","100.0000","42101","Carbon monoxide","054","47260","Virginia Beach-Norfolk-Newport News, VA-NC","51","Virginia","710","Norfolk City","36.8555500009058","-76.30135"
"01/31/2022","AQS","517100024","1","0.8","ppm","9","NOAA","24","100.0000","42101","Carbon monoxide","054","47260","Virginia Beach-Norfolk-Newport News, VA-NC","51","Virginia","710","Norfolk City","36.8555500009058","-76.30135"
"02/01/2022","AQS","517100024","1","0.3","ppm","3","NOAA","24","100.0000","42101","Carbon monoxide","054","47260","Virginia Beach-Norfolk-Newport News, VA-NC","51","Virginia","710","Norfolk City","36.8555500009058","-76.30135"
"02/02/2022","AQS","517100024","1","0.4","ppm","5","NOAA","24","100.0000","42101","Carbon monoxide","054","47260","Virginia Beach-Norfolk-Newport News, VA-NC","51","Virginia","710","Norfolk City","36.8555500009058","-76.30135"
"02/03/2022","AQS","517100024","1","0.6","ppm","7","NOAA","24","100.0000","42101","Carbon monoxide","054","47260","Virginia Beach-Norfolk-Newport News, VA-NC","51","Virginia","710","Norfolk City","36.8555500009058","-76.30135"
"02/04/2022","AQS","517100024","1","0.3","ppm","3","NOAA","24","100.0000","42101","Carbon monoxide","054","47260","Virginia Beach-Norfolk-Newport News, VA-NC","51","Virginia","710","Norfolk City","36.8555500009058","-76.30135"
"02/05/2022","AQS","517100024","1","0.3","ppm","3","NOAA","24","100.0000","42101","Carbon monoxide","054","47260","Virginia Beach-Norfolk-Newport News, VA-NC","51","Virginia","710","Norfolk City","36.8555500009058","-76.30135"
"02/06/2022","AQS","517100024","1","0.3","ppm","3","NOAA","24","100.0000","42101","Carbon monoxide","054","47260","Virginia Beach-Norfolk-Newport News, VA-NC","51","Virginia","710","Norfolk City","36.8555500009058","-76.30135"
"02/07/2022","AQS","517100024","1","0.3","ppm","3","NOAA","20","83.0000","42101","Carbon monoxide","054","47260","Virginia Beach-Norfolk-Newport News, VA-NC","51","Virginia","710","Norfolk City","36.8555500009058","-76.30135"
"02/08/2022","AQS","517100024","1","0.3","ppm","3","NOAA","24","100.0000","42101","Carbon monoxide","054","47260","Virginia Beach-Norfolk-Newport News, VA-NC","51","Virginia","710","Norfolk City","36.8555500009058","-76.30135"
"02/09/2022","AQS","517100024","1","0.5","ppm","6","NOAA","24","100.0000","42101","Carbon monoxide","054","47260","Virginia Beach-Norfolk-Newport News, VA-NC","51","Virginia","710","Norfolk City","36.8555500009058","-76.30135"
"02/10/2022","AQS","517100024","1","0.3","ppm","3","NOAA","24","100.0000","42101","Carbon monoxide","054","47260","Virginia Beach-Norfolk-Newport News, VA-NC","51","Virginia","710","Norfolk City","36.8555500009058","-76.30135"
"02/11/2022","AQS","517100024","1","0.3","ppm","3","NOAA","24","100.0000","42101","Carbon monoxide","054","47260","Virginia Beach-Norfolk-Newport News, VA-NC","51","Virginia","710","Norfolk City","36.8555500009058","-76.30135"
"02/12/2022","AQS","517100024","1","0.3","ppm","3","NOAA","24","100.0000","42101","Carbon monoxide","054","47260","Virginia Beach-Norfolk-Newport News, VA-NC","51","Virginia","710","Norfolk City","36.8555500009058","-76.30135"
"02/13/2022","AQS","517100024","1","0.3","ppm","3","NOAA","24","100.0000","42101","Carbon monoxide","054","47260","Virginia Beach-Norfolk-Newport News, VA-NC","51","Virginia","710","Norfolk City","36.8555500009058","-76.30135"
"02/14/2022","AQS","517100024","1","0.3","ppm","3","NOAA","24","100.0000","42101","Carbon monoxide","054","47260","Virginia Beach-Norfolk-Newport News, VA-NC","51","Virginia","710","Norfolk City","36.8555500009058","-76.30135"
"02/15/2022","AQS","517100024","1","0.3","ppm","3","NOAA","24","100.0000","42101","Carbon monoxide","054","47260","Virginia Beach-Norfolk-Newport News, VA-NC","51","Virginia","710","Norfolk City","36.8555500009058","-76.30135"
"02/16/2022","AQS","517100024","1","0.3","ppm","3","NOAA","24","100.0000","42101","Carbon monoxide","054","47260","Virginia Beach-Norfolk-Newport News, VA-NC","51","Virginia","710","Norfolk City","36.8555500009058","-76.30135"
"02/17/2022","AQS","517100024","1","0.2","ppm","2","NOAA","24","100.0000","42101","Carbon monoxide","054","47260","Virginia Beach-Norfolk-Newport News, VA-NC","51","Virginia","710","Norfolk City","36.8555500009058","-76.30135"
"02/18/2022","AQS","517100024","1","0.2","ppm","2","NOAA","24","100.0000","42101","Carbon monoxide","054","47260","Virginia Beach-Norfolk-Newport News, VA-NC","51","Virginia","710","Norfolk City","36.8555500009058","-76.30135"
"02/19/2022","AQS","517100024","1","0.3","ppm","3","NOAA","24","100.0000","42101","Carbon monoxide","054","47260","Virginia Beach-Norfolk-Newport News, VA-NC","51","Virginia","710","Norfolk City","36.8555500009058","-76.30135"
"02/20/2022","AQS","517100024","1","0.2","ppm","2","NOAA","24","100.0000","42101","Carbon monoxide","054","47260","Virginia Beach-Norfolk-Newport News, VA-NC","51","Virginia","710","Norfolk City","36.8555500009058","-76.30135"
"02/21/2022","AQS","517100024","1","0.3","ppm","3","NOAA","24","100.0000","42101","Carbon monoxide","054","47260","Virginia Beach-Norfolk-Newport News, VA-NC","51","Virginia","710","Norfolk City","36.8555500009058","-76.30135"
"02/22/2022","AQS","517100024","1","0.3","ppm","3","NOAA","24","100.0000","42101","Carbon monoxide","054","47260","Virginia Beach-Norfolk-Newport News, VA-NC","51","Virginia","710","Norfolk City","36.8555500009058","-76.30135"
"02/23/2022","AQS","517100024","1","0.3","ppm","3","NOAA","24","100.0000","42101","Carbon monoxide","054","47260","Virginia Beach-Norfolk-Newport News, VA-NC","51","Virginia","710","Norfolk City","36.8555500009058","-76.30135"
"02/24/2022","AQS","517100024","1","0.3","ppm","3","NOAA","24","100.0000","42101","Carbon monoxide","054","47260","Virginia Beach-Norfolk-Newport News, VA-NC","51","Virginia","710","Norfolk City","36.8555500009058","-76.30135"
"02/25/2022","AQS","517100024","1","0.3","ppm","3","NOAA","24","100.0000","42101","Carbon monoxide","054","47260","Virginia Beach-Norfolk-Newport News, VA-NC","51","Virginia","710","Norfolk City","36.8555500009058","-76.30135"
"02/26/2022","AQS","517100024","1","0.3","ppm","3","NOAA","24","100.0000","42101","Carbon monoxide","054","47260","Virginia Beach-Norfolk-Newport News, VA-NC","51","Virginia","710","Norfolk City","36.8555500009058","-76.30135"
"02/27/2022","AQS","517100024","1","0.3","ppm","3","NOAA","24","100.0000","42101","Carbon monoxide","054","47260","Virginia Beach-Norfolk-Newport News, VA-NC","51","Virginia","710","Norfolk City","36.8555500009058","-76.30135"
"02/28/2022","AQS","517100024","1","0.3","ppm","3","NOAA","24","100.0000","42101","Carbon monoxide","054","47260","Virginia Beach-Norfolk-Newport News, VA-NC","51","Virginia","710","Norfolk City","36.8555500009058","-76.30135"
"03/01/2022","AQS","517100024","1","0.5","ppm","6","NOAA","24","100.0000","42101","Carbon monoxide","054","47260","Virginia Beach-Norfolk-Newport News, VA-NC","51","Virginia","710","Norfolk City","36.8555500009058","-76.30135"
"03/02/2022","AQS","517100024","1","0.3","ppm","3","NOAA","24","100.0000","42101","Carbon monoxide","054","47260","Virginia Beach-Norfolk-Newport News, VA-NC","51","Virginia","710","Norfolk City","36.8555500009058","-76.30135"
"03/03/2022","AQS","517100024","1","0.3","ppm","3","NOAA","24","100.0000","42101","Carbon monoxide","054","47260","Virginia Beach-Norfolk-Newport News, VA-NC","51","Virginia","710","Norfolk City","36.8555500009058","-76.30135"
"03/04/2022","AQS","517100024","1","0.3","ppm","3","NOAA","24","100.0000","42101","Carbon monoxide","054","47260","Virginia Beach-Norfolk-Newport News, VA-NC","51","Virginia","710","Norfolk City","36.8555500009058","-76.30135"
"03/05/2022","AQS","517100024","1","0.3","ppm","3","NOAA","24","100.0000","42101","Carbon monoxide","054","47260","Virginia Beach-Norfolk-Newport News, VA-NC","51","Virginia","710","Norfolk City","36.8555500009058","-76.30135"
"03/06/2022","AQS","517100024","1","0.3","ppm","3","NOAA","24","100.0000","42101","Carbon monoxide","054","47260","Virginia Beach-Norfolk-Newport News, VA-NC","51","Virginia","710","Norfolk City","36.8555500009058","-76.30135"
"03/07/2022","AQS","517100024","1","0.2","ppm","2","NOAA","24","100.0000","42101","Carbon monoxide","054","47260","Virginia Beach-Norfolk-Newport News, VA-NC","51","Virginia","710","Norfolk City","36.8555500009058","-76.30135"
"03/08/2022","AQS","517100024","1","0.2","ppm","2","NOAA","24","100.0000","42101","Carbon monoxide","054","47260","Virginia Beach-Norfolk-Newport News, VA-NC","51","Virginia","710","Norfolk City","36.8555500009058","-76.30135"
"03/09/2022","AQS","517100024","1","0.2","ppm","2","NOAA","24","100.0000","42101","Carbon monoxide","054","47260","Virginia Beach-Norfolk-Newport News, VA-NC","51","Virginia","710","Norfolk City","36.8555500009058","-76.30135"
"03/10/2022","AQS","517100024","1","0.3","ppm","3","NOAA","24","100.0000","42101","Carbon monoxide","054","47260","Virginia Beach-Norfolk-Newport News, VA-NC","51","Virginia","710","Norfolk City","36.8555500009058","-76.30135"
"03/11/2022","AQS","517100024","1","0.3","ppm","3","NOAA","24","100.0000","42101","Carbon monoxide","054","47260","Virginia Beach-Norfolk-Newport News, VA-NC","51","Virginia","710","Norfolk City","36.8555500009058","-76.30135"
"03/12/2022","AQS","517100024","1","0.2","ppm","2","NOAA","24","100.0000","42101","Carbon monoxide","054","47260","Virginia Beach-Norfolk-Newport News, VA-NC","51","Virginia","710","Norfolk City","36.8555500009058","-76.30135"
"03/13/2022","AQS","517100024","1","0.2","ppm","2","NOAA","24","100.0000","42101","Carbon monoxide","054","47260","Virginia Beach-Norfolk-Newport News, VA-NC","51","Virginia","710","Norfolk City","36.8555500009058","-76.30135"
"03/14/2022","AQS","517100024","1","0.3","ppm","3","NOAA","24","100.0000","42101","Carbon monoxide","054","47260","Virginia Beach-Norfolk-Newport News, VA-NC","51","Virginia","710","Norfolk City","36.8555500009058","-76.30135"
"03/15/2022","AQS","517100024","1","0.3","ppm","3","NOAA","24","100.0000","42101","Carbon monoxide","054","47260","Virginia Beach-Norfolk-Newport News, VA-NC","51","Virginia","710","Norfolk City","36.8555500009058","-76.30135"
"03/16/2022","AQS","517100024","1","0.4","ppm","5","NOAA","24","100.0000","42101","Carbon monoxide","054","47260","Virginia Beach-Norfolk-Newport News, VA-NC","51","Virginia","710","Norfolk City","36.8555500009058","-76.30135"
"03/17/2022","AQS","517100024","1","0.3","ppm","3","NOAA","24","100.0000","42101","Carbon monoxide","054","47260","Virginia Beach-Norfolk-Newport News, VA-NC","51","Virginia","710","Norfolk City","36.8555500009058","-76.30135"
"03/18/2022","AQS","517100024","1","0.3","ppm","3","NOAA","24","100.0000","42101","Carbon monoxide","054","47260","Virginia Beach-Norfolk-Newport News, VA-NC","51","Virginia","710","Norfolk City","36.8555500009058","-76.30135"
"03/19/2022","AQS","517100024","1","0.3","ppm","3","NOAA","24","100.0000","42101","Carbon monoxide","054","47260","Virginia Beach-Norfolk-Newport News, VA-NC","51","Virginia","710","Norfolk City","36.8555500009058","-76.30135"
"03/20/2022","AQS","517100024","1","0.3","ppm","3","NOAA","24","100.0000","42101","Carbon monoxide","054","47260","Virginia Beach-Norfolk-Newport News, VA-NC","51","Virginia","710","Norfolk City","36.8555500009058","-76.30135"
"03/21/2022","AQS","517100024","1","0.3","ppm","3","NOAA","24","100.0000","42101","Carbon monoxide","054","47260","Virginia Beach-Norfolk-Newport News, VA-NC","51","Virginia","710","Norfolk City","36.8555500009058","-76.30135"
"03/22/2022","AQS","517100024","1","0.3","ppm","3","NOAA","24","100.0000","42101","Carbon monoxide","054","47260","Virginia Beach-Norfolk-Newport News, VA-NC","51","Virginia","710","Norfolk City","36.8555500009058","-76.30135"
"03/23/2022","AQS","517100024","1","0.3","ppm","3","NOAA","24","100.0000","42101","Carbon monoxide","054","47260","Virginia Beach-Norfolk-Newport News, VA-NC","51","Virginia","710","Norfolk City","36.8555500009058","-76.30135"
"03/24/2022","AQS","517100024","1","0.2","ppm","2","NOAA","24","100.0000","42101","Carbon monoxide","054","47260","Virginia Beach-Norfolk-Newport News, VA-NC","51","Virginia","710","Norfolk City","36.8555500009058","-76.30135"
"03/25/2022","AQS","517100024","1","0.3","ppm","3","NOAA","24","100.0000","42101","Carbon monoxide","054","47260","Virginia Beach-Norfolk-Newport News, VA-NC","51","Virginia","710","Norfolk City","36.8555500009058","-76.30135"
"03/26/2022","AQS","517100024","1","0.3","ppm","3","NOAA","24","100.0000","42101","Carbon monoxide","054","47260","Virginia Beach-Norfolk-Newport News, VA-NC","51","Virginia","710","Norfolk City","36.8555500009058","-76.30135"
"03/27/2022","AQS","517100024","1","0.2","ppm","2","NOAA","24","100.0000","42101","Carbon monoxide","054","47260","Virginia Beach-Norfolk-Newport News, VA-NC","51","Virginia","710","Norfolk City","36.8555500009058","-76.30135"
"03/28/2022","AQS","517100024","1","0.2","ppm","2","NOAA","24","100.0000","42101","Carbon monoxide","054","47260","Virginia Beach-Norfolk-Newport News, VA-NC","51","Virginia","710","Norfolk City","36.8555500009058","-76.30135"
"03/29/2022","AQS","517100024","1","0.3","ppm","3","NOAA","24","100.0000","42101","Carbon monoxide","054","47260","Virginia Beach-Norfolk-Newport News, VA-NC","51","Virginia","710","Norfolk City","36.8555500009058","-76.30135"
"03/30/2022","AQS","517100024","1","0.3","ppm","3","NOAA","24","100.0000","42101","Carbon monoxide","054","47260","Virginia Beach-Norfolk-Newport News, VA-NC","51","Virginia","710","Norfolk City","36.8555500009058","-76.30135"
"03/31/2022","AQS","517100024","1","0.2","ppm","2","NOAA","24","100.0000","42101","Carbon monoxide","054","47260","Virginia Beach-Norfolk-Newport News, VA-NC","51","Virginia","710","Norfolk City","36.8555500009058","-76.30135"
"04/01/2022","AQS","517100024","1","0.2","ppm","2","NOAA","24","100.0000","42101","Carbon monoxide","054","47260","Virginia Beach-Norfolk-Newport News, VA-NC","51","Virginia","710","Norfolk City","36.8555500009058","-76.30135"
"04/02/2022","AQS","517100024","1","0.2","ppm","2","NOAA","24","100.0000","42101","Carbon monoxide","054","47260","Virginia Beach-Norfolk-Newport News, VA-NC","51","Virginia","710","Norfolk City","36.8555500009058","-76.30135"
"04/03/2022","AQS","517100024","1","0.2","ppm","2","NOAA","24","100.0000","42101","Carbon monoxide","054","47260","Virginia Beach-Norfolk-Newport News, VA-NC","51","Virginia","710","Norfolk City","36.8555500009058","-76.30135"
"04/04/2022","AQS","517100024","1","0.2","ppm","2","NOAA","24","100.0000","42101","Carbon monoxide","054","47260","Virginia Beach-Norfolk-Newport News, VA-NC","51","Virginia","710","Norfolk City","36.8555500009058","-76.30135"
"04/05/2022","AQS","517100024","1","0.3","ppm","3","NOAA","24","100.0000","42101","Carbon monoxide","054","47260","Virginia Beach-Norfolk-Newport News, VA-NC","51","Virginia","710","Norfolk City","36.8555500009058","-76.30135"
"04/06/2022","AQS","517100024","1","0.3","ppm","3","NOAA","24","100.0000","42101","Carbon monoxide","054","47260","Virginia Beach-Norfolk-Newport News, VA-NC","51","Virginia","710","Norfolk City","36.8555500009058","-76.30135"
"04/07/2022","AQS","517100024","1","0.3","ppm","3","NOAA","24","100.0000","42101","Carbon monoxide","054","47260","Virginia Beach-Norfolk-Newport News, VA-NC","51","Virginia","710","Norfolk City","36.8555500009058","-76.30135"
"04/08/2022","AQS","517100024","1","0.3","ppm","3","NOAA","24","100.0000","42101","Carbon monoxide","054","47260","Virginia Beach-Norfolk-Newport News, VA-NC","51","Virginia","710","Norfolk City","36.8555500009058","-76.30135"
"04/09/2022","AQS","517100024","1","0.3","ppm","3","NOAA","24","100.0000","42101","Carbon monoxide","054","47260","Virginia Beach-Norfolk-Newport News, VA-NC","51","Virginia","710","Norfolk City","36.8555500009058","-76.30135"
"04/10/2022","AQS","517100024","1","0.3","ppm","3","NOAA","24","100.0000","42101","Carbon monoxide","054","47260","Virginia Beach-Norfolk-Newport News, VA-NC","51","Virginia","710","Norfolk City","36.8555500009058","-76.30135"
"04/11/2022","AQS","517100024","1","0.4","ppm","5","NOAA","24","100.0000","42101","Carbon monoxide","054","47260","Virginia Beach-Norfolk-Newport News, VA-NC","51","Virginia","710","Norfolk City","36.8555500009058","-76.30135"
"04/12/2022","AQS","517100024","1","0.3","ppm","3","NOAA","24","100.0000","42101","Carbon monoxide","054","47260","Virginia Beach-Norfolk-Newport News, VA-NC","51","Virginia","710","Norfolk City","36.8555500009058","-76.30135"
"04/13/2022","AQS","517100024","1","0.2","ppm","2","NOAA","24","100.0000","42101","Carbon monoxide","054","47260","Virginia Beach-Norfolk-Newport News, VA-NC","51","Virginia","710","Norfolk City","36.8555500009058","-76.30135"
"04/14/2022","AQS","517100024","1","0.2","ppm","2","NOAA","24","100.0000","42101","Carbon monoxide","054","47260","Virginia Beach-Norfolk-Newport News, VA-NC","51","Virginia","710","Norfolk City","36.8555500009058","-76.30135"
"04/15/2022","AQS","517100024","1","0.2","ppm","2","NOAA","24","100.0000","42101","Carbon monoxide","054","47260","Virginia Beach-Norfolk-Newport News, VA-NC","51","Virginia","710","Norfolk City","36.8555500009058","-76.30135"
"04/16/2022","AQS","517100024","1","0.2","ppm","2","NOAA","24","100.0000","42101","Carbon monoxide","054","47260","Virginia Beach-Norfolk-Newport News, VA-NC","51","Virginia","710","Norfolk City","36.8555500009058","-76.30135"
"04/17/2022","AQS","517100024","1","0.2","ppm","2","NOAA","24","100.0000","42101","Carbon monoxide","054","47260","Virginia Beach-Norfolk-Newport News, VA-NC","51","Virginia","710","Norfolk City","36.8555500009058","-76.30135"
"04/18/2022","AQS","517100024","1","0.2","ppm","2","NOAA","24","100.0000","42101","Carbon monoxide","054","47260","Virginia Beach-Norfolk-Newport News, VA-NC","51","Virginia","710","Norfolk City","36.8555500009058","-76.30135"
"04/19/2022","AQS","517100024","1","0.2","ppm","2","NOAA","24","100.0000","42101","Carbon monoxide","054","47260","Virginia Beach-Norfolk-Newport News, VA-NC","51","Virginia","710","Norfolk City","36.8555500009058","-76.30135"
"04/20/2022","AQS","517100024","1","0.2","ppm","2","NOAA","24","100.0000","42101","Carbon monoxide","054","47260","Virginia Beach-Norfolk-Newport News, VA-NC","51","Virginia","710","Norfolk City","36.8555500009058","-76.30135"
"04/21/2022","AQS","517100024","1","0.3","ppm","3","NOAA","24","100.0000","42101","Carbon monoxide","054","47260","Virginia Beach-Norfolk-Newport News, VA-NC","51","Virginia","710","Norfolk City","36.8555500009058","-76.30135"
"04/22/2022","AQS","517100024","1","0.2","ppm","2","NOAA","24","100.0000","42101","Carbon monoxide","054","47260","Virginia Beach-Norfolk-Newport News, VA-NC","51","Virginia","710","Norfolk City","36.8555500009058","-76.30135"
"04/23/2022","AQS","517100024","1","0.3","ppm","3","NOAA","24","100.0000","42101","Carbon monoxide","054","47260","Virginia Beach-Norfolk-Newport News, VA-NC","51","Virginia","710","Norfolk City","36.8555500009058","-76.30135"
"04/24/2022","AQS","517100024","1","0.2","ppm","2","NOAA","24","100.0000","42101","Carbon monoxide","054","47260","Virginia Beach-Norfolk-Newport News, VA-NC","51","Virginia","710","Norfolk City","36.8555500009058","-76.30135"
"04/25/2022","AQS","517100024","1","0.2","ppm","2","NOAA","24","100.0000","42101","Carbon monoxide","054","47260","Virginia Beach-Norfolk-Newport News, VA-NC","51","Virginia","710","Norfolk City","36.8555500009058","-76.30135"
"04/26/2022","AQS","517100024","1","0.2","ppm","2","NOAA","24","100.0000","42101","Carbon monoxide","054","47260","Virginia Beach-Norfolk-Newport News, VA-NC","51","Virginia","710","Norfolk City","36.8555500009058","-76.30135"
"04/27/2022","AQS","517100024","1","0.2","ppm","2","NOAA","24","100.0000","42101","Carbon monoxide","054","47260","Virginia Beach-Norfolk-Newport News, VA-NC","51","Virginia","710","Norfolk City","36.8555500009058","-76.30135"
"04/28/2022","AQS","517100024","1","0.3","ppm","3","NOAA","24","100.0000","42101","Carbon monoxide","054","47260","Virginia Beach-Norfolk-Newport News, VA-NC","51","Virginia","710","Norfolk City","36.8555500009058","-76.30135"
"04/29/2022","AQS","517100024","1","0.3","ppm","3","NOAA","24","100.0000","42101","Carbon monoxide","054","47260","Virginia Beach-Norfolk-Newport News, VA-NC","51","Virginia","710","Norfolk City","36.8555500009058","-76.30135"
"04/30/2022","AQS","517100024","1","0.5","ppm","6","NOAA","24","100.0000","42101","Carbon monoxide","054","47260","Virginia Beach-Norfolk-Newport News, VA-NC","51","Virginia","710","Norfolk City","36.8555500009058","-76.30135"
"05/01/2022","AQS","517100024","1","0.2","ppm","2","NOAA","24","100.0000","42101","Carbon monoxide","054","47260","Virginia Beach-Norfolk-Newport News, VA-NC","51","Virginia","710","Norfolk City","36.8555500009058","-76.30135"
"05/02/2022","AQS","517100024","1","0.3","ppm","3","NOAA","24","100.0000","42101","Carbon monoxide","054","47260","Virginia Beach-Norfolk-Newport News, VA-NC","51","Virginia","710","Norfolk City","36.8555500009058","-76.30135"
"05/03/2022","AQS","517100024","1","0.3","ppm","3","NOAA","24","100.0000","42101","Carbon monoxide","054","47260","Virginia Beach-Norfolk-Newport News, VA-NC","51","Virginia","710","Norfolk City","36.8555500009058","-76.30135"
"05/04/2022","AQS","517100024","1","0.2","ppm","2","NOAA","24","100.0000","42101","Carbon monoxide","054","47260","Virginia Beach-Norfolk-Newport News, VA-NC","51","Virginia","710","Norfolk City","36.8555500009058","-76.30135"
"05/05/2022","AQS","517100024","1","0.3","ppm","3","NOAA","24","100.0000","42101","Carbon monoxide","054","47260","Virginia Beach-Norfolk-Newport News, VA-NC","51","Virginia","710","Norfolk City","36.8555500009058","-76.30135"
"05/06/2022","AQS","517100024","1","0.3","ppm","3","NOAA","24","100.0000","42101","Carbon monoxide","054","47260","Virginia Beach-Norfolk-Newport News, VA-NC","51","Virginia","710","Norfolk City","36.8555500009058","-76.30135"
"05/07/2022","AQS","517100024","1","0.2","ppm","2","NOAA","24","100.0000","42101","Carbon monoxide","054","47260","Virginia Beach-Norfolk-Newport News, VA-NC","51","Virginia","710","Norfolk City","36.8555500009058","-76.30135"
"05/08/2022","AQS","517100024","1","0.2","ppm","2","NOAA","24","100.0000","42101","Carbon monoxide","054","47260","Virginia Beach-Norfolk-Newport News, VA-NC","51","Virginia","710","Norfolk City","36.8555500009058","-76.30135"
"05/09/2022","AQS","517100024","1","0.2","ppm","2","NOAA","24","100.0000","42101","Carbon monoxide","054","47260","Virginia Beach-Norfolk-Newport News, VA-NC","51","Virginia","710","Norfolk City","36.8555500009058","-76.30135"
"05/10/2022","AQS","517100024","1","0.2","ppm","2","NOAA","24","100.0000","42101","Carbon monoxide","054","47260","Virginia Beach-Norfolk-Newport News, VA-NC","51","Virginia","710","Norfolk City","36.8555500009058","-76.30135"
"05/11/2022","AQS","517100024","1","0.2","ppm","2","NOAA","24","100.0000","42101","Carbon monoxide","054","47260","Virginia Beach-Norfolk-Newport News, VA-NC","51","Virginia","710","Norfolk City","36.8555500009058","-76.30135"
"05/12/2022","AQS","517100024","1","0.2","ppm","2","NOAA","24","100.0000","42101","Carbon monoxide","054","47260","Virginia Beach-Norfolk-Newport News, VA-NC","51","Virginia","710","Norfolk City","36.8555500009058","-76.30135"
"05/13/2022","AQS","517100024","1","0.3","ppm","3","NOAA","24","100.0000","42101","Carbon monoxide","054","47260","Virginia Beach-Norfolk-Newport News, VA-NC","51","Virginia","710","Norfolk City","36.8555500009058","-76.30135"
"05/14/2022","AQS","517100024","1","0.2","ppm","2","NOAA","24","100.0000","42101","Carbon monoxide","054","47260","Virginia Beach-Norfolk-Newport News, VA-NC","51","Virginia","710","Norfolk City","36.8555500009058","-76.30135"
"05/15/2022","AQS","517100024","1","0.2","ppm","2","NOAA","24","100.0000","42101","Carbon monoxide","054","47260","Virginia Beach-Norfolk-Newport News, VA-NC","51","Virginia","710","Norfolk City","36.8555500009058","-76.30135"
"05/16/2022","AQS","517100024","1","0.2","ppm","2","NOAA","24","100.0000","42101","Carbon monoxide","054","47260","Virginia Beach-Norfolk-Newport News, VA-NC","51","Virginia","710","Norfolk City","36.8555500009058","-76.30135"
"05/17/2022","AQS","517100024","1","0.2","ppm","2","NOAA","24","100.0000","42101","Carbon monoxide","054","47260","Virginia Beach-Norfolk-Newport News, VA-NC","51","Virginia","710","Norfolk City","36.8555500009058","-76.30135"
"05/18/2022","AQS","517100024","1","0.2","ppm","2","NOAA","24","100.0000","42101","Carbon monoxide","054","47260","Virginia Beach-Norfolk-Newport News, VA-NC","51","Virginia","710","Norfolk City","36.8555500009058","-76.30135"
"05/19/2022","AQS","517100024","1","0.2","ppm","2","NOAA","24","100.0000","42101","Carbon monoxide","054","47260","Virginia Beach-Norfolk-Newport News, VA-NC","51","Virginia","710","Norfolk City","36.8555500009058","-76.30135"
"05/20/2022","AQS","517100024","1","0.3","ppm","3","NOAA","24","100.0000","42101","Carbon monoxide","054","47260","Virginia Beach-Norfolk-Newport News, VA-NC","51","Virginia","710","Norfolk City","36.8555500009058","-76.30135"
"05/21/2022","AQS","517100024","1","0.2","ppm","2","NOAA","24","100.0000","42101","Carbon monoxide","054","47260","Virginia Beach-Norfolk-Newport News, VA-NC","51","Virginia","710","Norfolk City","36.8555500009058","-76.30135"
"05/22/2022","AQS","517100024","1","0.2","ppm","2","NOAA","24","100.0000","42101","Carbon monoxide","054","47260","Virginia Beach-Norfolk-Newport News, VA-NC","51","Virginia","710","Norfolk City","36.8555500009058","-76.30135"
"05/23/2022","AQS","517100024","1","0.2","ppm","2","NOAA","24","100.0000","42101","Carbon monoxide","054","47260","Virginia Beach-Norfolk-Newport News, VA-NC","51","Virginia","710","Norfolk City","36.8555500009058","-76.30135"
"05/24/2022","AQS","517100024","1","0.2","ppm","2","NOAA","24","100.0000","42101","Carbon monoxide","054","47260","Virginia Beach-Norfolk-Newport News, VA-NC","51","Virginia","710","Norfolk City","36.8555500009058","-76.30135"
"05/25/2022","AQS","517100024","1","0.2","ppm","2","NOAA","24","100.0000","42101","Carbon monoxide","054","47260","Virginia Beach-Norfolk-Newport News, VA-NC","51","Virginia","710","Norfolk City","36.8555500009058","-76.30135"
"05/26/2022","AQS","517100024","1","0.2","ppm","2","NOAA","24","100.0000","42101","Carbon monoxide","054","47260","Virginia Beach-Norfolk-Newport News, VA-NC","51","Virginia","710","Norfolk City","36.8555500009058","-76.30135"
"05/27/2022","AQS","517100024","1","0.2","ppm","2","NOAA","24","100.0000","42101","Carbon monoxide","054","47260","Virginia Beach-Norfolk-Newport News, VA-NC","51","Virginia","710","Norfolk City","36.8555500009058","-76.30135"
"05/28/2022","AQS","517100024","1","0.2","ppm","2","NOAA","24","100.0000","42101","Carbon monoxide","054","47260","Virginia Beach-Norfolk-Newport News, VA-NC","51","Virginia","710","Norfolk City","36.8555500009058","-76.30135"
"05/29/2022","AQS","517100024","1","0.3","ppm","3","NOAA","24","100.0000","42101","Carbon monoxide","054","47260","Virginia Beach-Norfolk-Newport News, VA-NC","51","Virginia","710","Norfolk City","36.8555500009058","-76.30135"
"05/30/2022","AQS","517100024","1","0.2","ppm","2","NOAA","24","100.0000","42101","Carbon monoxide","054","47260","Virginia Beach-Norfolk-Newport News, VA-NC","51","Virginia","710","Norfolk City","36.8555500009058","-76.30135"
"05/31/2022","AQS","517100024","1","0.2","ppm","2","NOAA","24","100.0000","42101","Carbon monoxide","054","47260","Virginia Beach-Norfolk-Newport News, VA-NC","51","Virginia","710","Norfolk City","36.8555500009058","-76.30135"
"06/01/2022","AQS","517100024","1","0.2","ppm","2","NOAA","24","100.0000","42101","Carbon monoxide","054","47260","Virginia Beach-Norfolk-Newport News, VA-NC","51","Virginia","710","Norfolk City","36.8555500009058","-76.30135"
"06/02/2022","AQS","517100024","1","0.2","ppm","2","NOAA","18","75.0000","42101","Carbon monoxide","054","47260","Virginia Beach-Norfolk-Newport News, VA-NC","51","Virginia","710","Norfolk City","36.8555500009058","-76.30135"
"06/03/2022","AQS","517100024","1","0.1","ppm","1","NOAA","24","100.0000","42101","Carbon monoxide","054","47260","Virginia Beach-Norfolk-Newport News, VA-NC","51","Virginia","710","Norfolk City","36.8555500009058","-76.30135"
"06/04/2022","AQS","517100024","1","0.2","ppm","2","NOAA","24","100.0000","42101","Carbon monoxide","054","47260","Virginia Beach-Norfolk-Newport News, VA-NC","51","Virginia","710","Norfolk City","36.8555500009058","-76.30135"
"06/05/2022","AQS","517100024","1","0.2","ppm","2","NOAA","24","100.0000","42101","Carbon monoxide","054","47260","Virginia Beach-Norfolk-Newport News, VA-NC","51","Virginia","710","Norfolk City","36.8555500009058","-76.30135"
"06/06/2022","AQS","517100024","1","0.2","ppm","2","NOAA","24","100.0000","42101","Carbon monoxide","054","47260","Virginia Beach-Norfolk-Newport News, VA-NC","51","Virginia","710","Norfolk City","36.8555500009058","-76.30135"
"06/07/2022","AQS","517100024","1","0.2","ppm","2","NOAA","24","100.0000","42101","Carbon monoxide","054","47260","Virginia Beach-Norfolk-Newport News, VA-NC","51","Virginia","710","Norfolk City","36.8555500009058","-76.30135"
"06/08/2022","AQS","517100024","1","0.2","ppm","2","NOAA","24","100.0000","42101","Carbon monoxide","054","47260","Virginia Beach-Norfolk-Newport News, VA-NC","51","Virginia","710","Norfolk City","36.8555500009058","-76.30135"
"06/09/2022","AQS","517100024","1","0.2","ppm","2","NOAA","24","100.0000","42101","Carbon monoxide","054","47260","Virginia Beach-Norfolk-Newport News, VA-NC","51","Virginia","710","Norfolk City","36.8555500009058","-76.30135"
"06/10/2022","AQS","517100024","1","0.2","ppm","2","NOAA","24","100.0000","42101","Carbon monoxide","054","47260","Virginia Beach-Norfolk-Newport News, VA-NC","51","Virginia","710","Norfolk City","36.8555500009058","-76.30135"
"06/11/2022","AQS","517100024","1","0.2","ppm","2","NOAA","24","100.0000","42101","Carbon monoxide","054","47260","Virginia Beach-Norfolk-Newport News, VA-NC","51","Virginia","710","Norfolk City","36.8555500009058","-76.30135"
"06/12/2022","AQS","517100024","1","0.2","ppm","2","NOAA","24","100.0000","42101","Carbon monoxide","054","47260","Virginia Beach-Norfolk-Newport News, VA-NC","51","Virginia","710","Norfolk City","36.8555500009058","-76.30135"
"06/13/2022","AQS","517100024","1","0.3","ppm","3","NOAA","24","100.0000","42101","Carbon monoxide","054","47260","Virginia Beach-Norfolk-Newport News, VA-NC","51","Virginia","710","Norfolk City","36.8555500009058","-76.30135"
"06/14/2022","AQS","517100024","1","0.2","ppm","2","NOAA","24","100.0000","42101","Carbon monoxide","054","47260","Virginia Beach-Norfolk-Newport News, VA-NC","51","Virginia","710","Norfolk City","36.8555500009058","-76.30135"
"06/15/2022","AQS","517100024","1","0.2","ppm","2","NOAA","24","100.0000","42101","Carbon monoxide","054","47260","Virginia Beach-Norfolk-Newport News, VA-NC","51","Virginia","710","Norfolk City","36.8555500009058","-76.30135"
"06/16/2022","AQS","517100024","1","0.2","ppm","2","NOAA","24","100.0000","42101","Carbon monoxide","054","47260","Virginia Beach-Norfolk-Newport News, VA-NC","51","Virginia","710","Norfolk City","36.8555500009058","-76.30135"
"06/17/2022","AQS","517100024","1","0.2","ppm","2","NOAA","24","100.0000","42101","Carbon monoxide","054","47260","Virginia Beach-Norfolk-Newport News, VA-NC","51","Virginia","710","Norfolk City","36.8555500009058","-76.30135"
"06/18/2022","AQS","517100024","1","0.1","ppm","1","NOAA","24","100.0000","42101","Carbon monoxide","054","47260","Virginia Beach-Norfolk-Newport News, VA-NC","51","Virginia","710","Norfolk City","36.8555500009058","-76.30135"
"06/19/2022","AQS","517100024","1","0.1","ppm","1","NOAA","24","100.0000","42101","Carbon monoxide","054","47260","Virginia Beach-Norfolk-Newport News, VA-NC","51","Virginia","710","Norfolk City","36.8555500009058","-76.30135"
"06/20/2022","AQS","517100024","1","0.2","ppm","2","NOAA","24","100.0000","42101","Carbon monoxide","054","47260","Virginia Beach-Norfolk-Newport News, VA-NC","51","Virginia","710","Norfolk City","36.8555500009058","-76.30135"
"06/21/2022","AQS","517100024","1","0.2","ppm","2","NOAA","24","100.0000","42101","Carbon monoxide","054","47260","Virginia Beach-Norfolk-Newport News, VA-NC","51","Virginia","710","Norfolk City","36.8555500009058","-76.30135"
"06/22/2022","AQS","517100024","1","0.3","ppm","3","NOAA","24","100.0000","42101","Carbon monoxide","054","47260","Virginia Beach-Norfolk-Newport News, VA-NC","51","Virginia","710","Norfolk City","36.8555500009058","-76.30135"
"06/23/2022","AQS","517100024","1","0.2","ppm","2","NOAA","24","100.0000","42101","Carbon monoxide","054","47260","Virginia Beach-Norfolk-Newport News, VA-NC","51","Virginia","710","Norfolk City","36.8555500009058","-76.30135"
"06/24/2022","AQS","517100024","1","0.1","ppm","1","NOAA","24","100.0000","42101","Carbon monoxide","054","47260","Virginia Beach-Norfolk-Newport News, VA-NC","51","Virginia","710","Norfolk City","36.8555500009058","-76.30135"
"06/25/2022","AQS","517100024","1","0.1","ppm","1","NOAA","24","100.0000","42101","Carbon monoxide","054","47260","Virginia Beach-Norfolk-Newport News, VA-NC","51","Virginia","710","Norfolk City","36.8555500009058","-76.30135"
"06/26/2022","AQS","517100024","1","0.1","ppm","1","NOAA","24","100.0000","42101","Carbon monoxide","054","47260","Virginia Beach-Norfolk-Newport News, VA-NC","51","Virginia","710","Norfolk City","36.8555500009058","-76.30135"
"06/27/2022","AQS","517100024","1","0.2","ppm","2","NOAA","24","100.0000","42101","Carbon monoxide","054","47260","Virginia Beach-Norfolk-Newport News, VA-NC","51","Virginia","710","Norfolk City","36.8555500009058","-76.30135"
"06/28/2022","AQS","517100024","1","0.2","ppm","2","NOAA","24","100.0000","42101","Carbon monoxide","054","47260","Virginia Beach-Norfolk-Newport News, VA-NC","51","Virginia","710","Norfolk City","36.8555500009058","-76.30135"
"06/29/2022","AQS","517100024","1","0.2","ppm","2","NOAA","24","100.0000","42101","Carbon monoxide","054","47260","Virginia Beach-Norfolk-Newport News, VA-NC","51","Virginia","710","Norfolk City","36.8555500009058","-76.30135"
"06/30/2022","AQS","517100024","1","0.3","ppm","3","NOAA","24","100.0000","42101","Carbon monoxide","054","47260","Virginia Beach-Norfolk-Newport News, VA-NC","51","Virginia","710","Norfolk City","36.8555500009058","-76.30135"
"07/01/2022","AQS","517100024","1","0.3","ppm","3","NOAA","24","100.0000","42101","Carbon monoxide","054","47260","Virginia Beach-Norfolk-Newport News, VA-NC","51","Virginia","710","Norfolk City","36.8555500009058","-76.30135"
"07/02/2022","AQS","517100024","1","0.2","ppm","2","NOAA","24","100.0000","42101","Carbon monoxide","054","47260","Virginia Beach-Norfolk-Newport News, VA-NC","51","Virginia","710","Norfolk City","36.8555500009058","-76.30135"
"07/03/2022","AQS","517100024","1","0.2","ppm","2","NOAA","24","100.0000","42101","Carbon monoxide","054","47260","Virginia Beach-Norfolk-Newport News, VA-NC","51","Virginia","710","Norfolk City","36.8555500009058","-76.30135"
"07/04/2022","AQS","517100024","1","0.2","ppm","2","NOAA","24","100.0000","42101","Carbon monoxide","054","47260","Virginia Beach-Norfolk-Newport News, VA-NC","51","Virginia","710","Norfolk City","36.8555500009058","-76.30135"
"07/05/2022","AQS","517100024","1","0.2","ppm","2","NOAA","24","100.0000","42101","Carbon monoxide","054","47260","Virginia Beach-Norfolk-Newport News, VA-NC","51","Virginia","710","Norfolk City","36.8555500009058","-76.30135"
"07/06/2022","AQS","517100024","1","0.2","ppm","2","NOAA","24","100.0000","42101","Carbon monoxide","054","47260","Virginia Beach-Norfolk-Newport News, VA-NC","51","Virginia","710","Norfolk City","36.8555500009058","-76.30135"
"07/07/2022","AQS","517100024","1","0.2","ppm","2","NOAA","24","100.0000","42101","Carbon monoxide","054","47260","Virginia Beach-Norfolk-Newport News, VA-NC","51","Virginia","710","Norfolk City","36.8555500009058","-76.30135"
"07/08/2022","AQS","517100024","1","0.2","ppm","2","NOAA","24","100.0000","42101","Carbon monoxide","054","47260","Virginia Beach-Norfolk-Newport News, VA-NC","51","Virginia","710","Norfolk City","36.8555500009058","-76.30135"
"07/09/2022","AQS","517100024","1","0.2","ppm","2","NOAA","24","100.0000","42101","Carbon monoxide","054","47260","Virginia Beach-Norfolk-Newport News, VA-NC","51","Virginia","710","Norfolk City","36.8555500009058","-76.30135"
"07/10/2022","AQS","517100024","1","0.2","ppm","2","NOAA","24","100.0000","42101","Carbon monoxide","054","47260","Virginia Beach-Norfolk-Newport News, VA-NC","51","Virginia","710","Norfolk City","36.8555500009058","-76.30135"
"07/11/2022","AQS","517100024","1","0.2","ppm","2","NOAA","24","100.0000","42101","Carbon monoxide","054","47260","Virginia Beach-Norfolk-Newport News, VA-NC","51","Virginia","710","Norfolk City","36.8555500009058","-76.30135"
"07/12/2022","AQS","517100024","1","0.2","ppm","2","NOAA","24","100.0000","42101","Carbon monoxide","054","47260","Virginia Beach-Norfolk-Newport News, VA-NC","51","Virginia","710","Norfolk City","36.8555500009058","-76.30135"
"07/13/2022","AQS","517100024","1","0.2","ppm","2","NOAA","24","100.0000","42101","Carbon monoxide","054","47260","Virginia Beach-Norfolk-Newport News, VA-NC","51","Virginia","710","Norfolk City","36.8555500009058","-76.30135"
"07/14/2022","AQS","517100024","1","0.2","ppm","2","NOAA","24","100.0000","42101","Carbon monoxide","054","47260","Virginia Beach-Norfolk-Newport News, VA-NC","51","Virginia","710","Norfolk City","36.8555500009058","-76.30135"
"07/15/2022","AQS","517100024","1","0.3","ppm","3","NOAA","24","100.0000","42101","Carbon monoxide","054","47260","Virginia Beach-Norfolk-Newport News, VA-NC","51","Virginia","710","Norfolk City","36.8555500009058","-76.30135"
"07/16/2022","AQS","517100024","1","0.3","ppm","3","NOAA","24","100.0000","42101","Carbon monoxide","054","47260","Virginia Beach-Norfolk-Newport News, VA-NC","51","Virginia","710","Norfolk City","36.8555500009058","-76.30135"
"07/17/2022","AQS","517100024","1","0.1","ppm","1","NOAA","24","100.0000","42101","Carbon monoxide","054","47260","Virginia Beach-Norfolk-Newport News, VA-NC","51","Virginia","710","Norfolk City","36.8555500009058","-76.30135"
"07/18/2022","AQS","517100024","1","0.2","ppm","2","NOAA","24","100.0000","42101","Carbon monoxide","054","47260","Virginia Beach-Norfolk-Newport News, VA-NC","51","Virginia","710","Norfolk City","36.8555500009058","-76.30135"
"07/19/2022","AQS","517100024","1","0.2","ppm","2","NOAA","16","67.0000","42101","Carbon monoxide","054","47260","Virginia Beach-Norfolk-Newport News, VA-NC","51","Virginia","710","Norfolk City","36.8555500009058","-76.30135"
"07/20/2022","AQS","517100024","1","0.1","ppm","1","NOAA","24","100.0000","42101","Carbon monoxide","054","47260","Virginia Beach-Norfolk-Newport News, VA-NC","51","Virginia","710","Norfolk City","36.8555500009058","-76.30135"
"07/21/2022","AQS","517100024","1","0.1","ppm","1","NOAA","24","100.0000","42101","Carbon monoxide","054","47260","Virginia Beach-Norfolk-Newport News, VA-NC","51","Virginia","710","Norfolk City","36.8555500009058","-76.30135"
"07/22/2022","AQS","517100024","1","0.1","ppm","1","NOAA","24","100.0000","42101","Carbon monoxide","054","47260","Virginia Beach-Norfolk-Newport News, VA-NC","51","Virginia","710","Norfolk City","36.8555500009058","-76.30135"
"07/23/2022","AQS","517100024","1","0.1","ppm","1","NOAA","24","100.0000","42101","Carbon monoxide","054","47260","Virginia Beach-Norfolk-Newport News, VA-NC","51","Virginia","710","Norfolk City","36.8555500009058","-76.30135"
"07/24/2022","AQS","517100024","1","0.1","ppm","1","NOAA","24","100.0000","42101","Carbon monoxide","054","47260","Virginia Beach-Norfolk-Newport News, VA-NC","51","Virginia","710","Norfolk City","36.8555500009058","-76.30135"
"07/25/2022","AQS","517100024","1","0.1","ppm","1","NOAA","24","100.0000","42101","Carbon monoxide","054","47260","Virginia Beach-Norfolk-Newport News, VA-NC","51","Virginia","710","Norfolk City","36.8555500009058","-76.30135"
"07/26/2022","AQS","517100024","1","0.2","ppm","2","NOAA","24","100.0000","42101","Carbon monoxide","054","47260","Virginia Beach-Norfolk-Newport News, VA-NC","51","Virginia","710","Norfolk City","36.8555500009058","-76.30135"
"07/27/2022","AQS","517100024","1","0.2","ppm","2","NOAA","24","100.0000","42101","Carbon monoxide","054","47260","Virginia Beach-Norfolk-Newport News, VA-NC","51","Virginia","710","Norfolk City","36.8555500009058","-76.30135"
"07/28/2022","AQS","517100024","1","0.2","ppm","2","NOAA","24","100.0000","42101","Carbon monoxide","054","47260","Virginia Beach-Norfolk-Newport News, VA-NC","51","Virginia","710","Norfolk City","36.8555500009058","-76.30135"
"07/29/2022","AQS","517100024","1","0.2","ppm","2","NOAA","24","100.0000","42101","Carbon monoxide","054","47260","Virginia Beach-Norfolk-Newport News, VA-NC","51","Virginia","710","Norfolk City","36.8555500009058","-76.30135"
"07/30/2022","AQS","517100024","1","0.2","ppm","2","NOAA","24","100.0000","42101","Carbon monoxide","054","47260","Virginia Beach-Norfolk-Newport News, VA-NC","51","Virginia","710","Norfolk City","36.8555500009058","-76.30135"
"07/31/2022","AQS","517100024","1","0.2","ppm","2","NOAA","24","100.0000","42101","Carbon monoxide","054","47260","Virginia Beach-Norfolk-Newport News, VA-NC","51","Virginia","710","Norfolk City","36.8555500009058","-76.30135"
"08/01/2022","AQS","517100024","1","0.2","ppm","2","NOAA","24","100.0000","42101","Carbon monoxide","054","47260","Virginia Beach-Norfolk-Newport News, VA-NC","51","Virginia","710","Norfolk City","36.8555500009058","-76.30135"
"08/02/2022","AQS","517100024","1","0.2","ppm","2","NOAA","24","100.0000","42101","Carbon monoxide","054","47260","Virginia Beach-Norfolk-Newport News, VA-NC","51","Virginia","710","Norfolk City","36.8555500009058","-76.30135"
"08/03/2022","AQS","517100024","1","0.3","ppm","3","NOAA","24","100.0000","42101","Carbon monoxide","054","47260","Virginia Beach-Norfolk-Newport News, VA-NC","51","Virginia","710","Norfolk City","36.8555500009058","-76.30135"
"08/04/2022","AQS","517100024","1","0.3","ppm","3","NOAA","24","100.0000","42101","Carbon monoxide","054","47260","Virginia Beach-Norfolk-Newport News, VA-NC","51","Virginia","710","Norfolk City","36.8555500009058","-76.30135"
"08/05/2022","AQS","517100024","1","0.2","ppm","2","NOAA","24","100.0000","42101","Carbon monoxide","054","47260","Virginia Beach-Norfolk-Newport News, VA-NC","51","Virginia","710","Norfolk City","36.8555500009058","-76.30135"
"08/06/2022","AQS","517100024","1","0.1","ppm","1","NOAA","24","100.0000","42101","Carbon monoxide","054","47260","Virginia Beach-Norfolk-Newport News, VA-NC","51","Virginia","710","Norfolk City","36.8555500009058","-76.30135"
"08/07/2022","AQS","517100024","1","0.1","ppm","1","NOAA","24","100.0000","42101","Carbon monoxide","054","47260","Virginia Beach-Norfolk-Newport News, VA-NC","51","Virginia","710","Norfolk City","36.8555500009058","-76.30135"
"08/08/2022","AQS","517100024","1","0.1","ppm","1","NOAA","24","100.0000","42101","Carbon monoxide","054","47260","Virginia Beach-Norfolk-Newport News, VA-NC","51","Virginia","710","Norfolk City","36.8555500009058","-76.30135"
"08/09/2022","AQS","517100024","1","0.1","ppm","1","NOAA","24","100.0000","42101","Carbon monoxide","054","47260","Virginia Beach-Norfolk-Newport News, VA-NC","51","Virginia","710","Norfolk City","36.8555500009058","-76.30135"
"08/10/2022","AQS","517100024","1","0.2","ppm","2","NOAA","24","100.0000","42101","Carbon monoxide","054","47260","Virginia Beach-Norfolk-Newport News, VA-NC","51","Virginia","710","Norfolk City","36.8555500009058","-76.30135"
"08/11/2022","AQS","517100024","1","0.2","ppm","2","NOAA","24","100.0000","42101","Carbon monoxide","054","47260","Virginia Beach-Norfolk-Newport News, VA-NC","51","Virginia","710","Norfolk City","36.8555500009058","-76.30135"
"08/12/2022","AQS","517100024","1","0.2","ppm","2","NOAA","24","100.0000","42101","Carbon monoxide","054","47260","Virginia Beach-Norfolk-Newport News, VA-NC","51","Virginia","710","Norfolk City","36.8555500009058","-76.30135"
"08/13/2022","AQS","517100024","1","0.3","ppm","3","NOAA","24","100.0000","42101","Carbon monoxide","054","47260","Virginia Beach-Norfolk-Newport News, VA-NC","51","Virginia","710","Norfolk City","36.8555500009058","-76.30135"
"08/14/2022","AQS","517100024","1","0.2","ppm","2","NOAA","24","100.0000","42101","Carbon monoxide","054","47260","Virginia Beach-Norfolk-Newport News, VA-NC","51","Virginia","710","Norfolk City","36.8555500009058","-76.30135"
"08/15/2022","AQS","517100024","1","0.3","ppm","3","NOAA","23","96.0000","42101","Carbon monoxide","054","47260","Virginia Beach-Norfolk-Newport News, VA-NC","51","Virginia","710","Norfolk City","36.8555500009058","-76.30135"
"08/16/2022","AQS","517100024","1","0.3","ppm","3","NOAA","24","100.0000","42101","Carbon monoxide","054","47260","Virginia Beach-Norfolk-Newport News, VA-NC","51","Virginia","710","Norfolk City","36.8555500009058","-76.30135"
"08/17/2022","AQS","517100024","1","0.3","ppm","3","NOAA","24","100.0000","42101","Carbon monoxide","054","47260","Virginia Beach-Norfolk-Newport News, VA-NC","51","Virginia","710","Norfolk City","36.8555500009058","-76.30135"
"08/18/2022","AQS","517100024","1","0.3","ppm","3","NOAA","24","100.0000","42101","Carbon monoxide","054","47260","Virginia Beach-Norfolk-Newport News, VA-NC","51","Virginia","710","Norfolk City","36.8555500009058","-76.30135"
"08/19/2022","AQS","517100024","1","0.2","ppm","2","NOAA","24","100.0000","42101","Carbon monoxide","054","47260","Virginia Beach-Norfolk-Newport News, VA-NC","51","Virginia","710","Norfolk City","36.8555500009058","-76.30135"
"08/20/2022","AQS","517100024","1","0.3","ppm","3","NOAA","24","100.0000","42101","Carbon monoxide","054","47260","Virginia Beach-Norfolk-Newport News, VA-NC","51","Virginia","710","Norfolk City","36.8555500009058","-76.30135"
"08/21/2022","AQS","517100024","1","0.2","ppm","2","NOAA","24","100.0000","42101","Carbon monoxide","054","47260","Virginia Beach-Norfolk-Newport News, VA-NC","51","Virginia","710","Norfolk City","36.8555500009058","-76.30135"
"08/22/2022","AQS","517100024","1","0.2","ppm","2","NOAA","24","100.0000","42101","Carbon monoxide","054","47260","Virginia Beach-Norfolk-Newport News, VA-NC","51","Virginia","710","Norfolk City","36.8555500009058","-76.30135"
"08/23/2022","AQS","517100024","1","0.2","ppm","2","NOAA","24","100.0000","42101","Carbon monoxide","054","47260","Virginia Beach-Norfolk-Newport News, VA-NC","51","Virginia","710","Norfolk City","36.8555500009058","-76.30135"
"08/24/2022","AQS","517100024","1","0.3","ppm","3","NOAA","24","100.0000","42101","Carbon monoxide","054","47260","Virginia Beach-Norfolk-Newport News, VA-NC","51","Virginia","710","Norfolk City","36.8555500009058","-76.30135"
"08/25/2022","AQS","517100024","1","0.2","ppm","2","NOAA","24","100.0000","42101","Carbon monoxide","054","47260","Virginia Beach-Norfolk-Newport News, VA-NC","51","Virginia","710","Norfolk City","36.8555500009058","-76.30135"
"08/26/2022","AQS","517100024","1","0.2","ppm","2","NOAA","24","100.0000","42101","Carbon monoxide","054","47260","Virginia Beach-Norfolk-Newport News, VA-NC","51","Virginia","710","Norfolk City","36.8555500009058","-76.30135"
"08/27/2022","AQS","517100024","1","0.2","ppm","2","NOAA","24","100.0000","42101","Carbon monoxide","054","47260","Virginia Beach-Norfolk-Newport News, VA-NC","51","Virginia","710","Norfolk City","36.8555500009058","-76.30135"
"08/28/2022","AQS","517100024","1","0.3","ppm","3","NOAA","24","100.0000","42101","Carbon monoxide","054","47260","Virginia Beach-Norfolk-Newport News, VA-NC","51","Virginia","710","Norfolk City","36.8555500009058","-76.30135"
"08/29/2022","AQS","517100024","1","0.2","ppm","2","NOAA","24","100.0000","42101","Carbon monoxide","054","47260","Virginia Beach-Norfolk-Newport News, VA-NC","51","Virginia","710","Norfolk City","36.8555500009058","-76.30135"
"08/30/2022","AQS","517100024","1","0.2","ppm","2","NOAA","24","100.0000","42101","Carbon monoxide","054","47260","Virginia Beach-Norfolk-Newport News, VA-NC","51","Virginia","710","Norfolk City","36.8555500009058","-76.30135"
"08/31/2022","AQS","517100024","1","0.2","ppm","2","NOAA","24","100.0000","42101","Carbon monoxide","054","47260","Virginia Beach-Norfolk-Newport News, VA-NC","51","Virginia","710","Norfolk City","36.8555500009058","-76.30135"
"09/01/2022","AQS","517100024","1","0.3","ppm","3","NOAA","24","100.0000","42101","Carbon monoxide","054","47260","Virginia Beach-Norfolk-Newport News, VA-NC","51","Virginia","710","Norfolk City","36.8555500009058","-76.30135"
"09/02/2022","AQS","517100024","1","0.3","ppm","3","NOAA","24","100.0000","42101","Carbon monoxide","054","47260","Virginia Beach-Norfolk-Newport News, VA-NC","51","Virginia","710","Norfolk City","36.8555500009058","-76.30135"
"09/03/2022","AQS","517100024","1","0.3","ppm","3","NOAA","24","100.0000","42101","Carbon monoxide","054","47260","Virginia Beach-Norfolk-Newport News, VA-NC","51","Virginia","710","Norfolk City","36.8555500009058","-76.30135"
"09/04/2022","AQS","517100024","1","0.4","ppm","5","NOAA","24","100.0000","42101","Carbon monoxide","054","47260","Virginia Beach-Norfolk-Newport News, VA-NC","51","Virginia","710","Norfolk City","36.8555500009058","-76.30135"
"09/05/2022","AQS","517100024","1","0.2","ppm","2","NOAA","24","100.0000","42101","Carbon monoxide","054","47260","Virginia Beach-Norfolk-Newport News, VA-NC","51","Virginia","710","Norfolk City","36.8555500009058","-76.30135"
"09/06/2022","AQS","517100024","1","0.2","ppm","2","NOAA","24","100.0000","42101","Carbon monoxide","054","47260","Virginia Beach-Norfolk-Newport News, VA-NC","51","Virginia","710","Norfolk City","36.8555500009058","-76.30135"
"09/07/2022","AQS","517100024","1","0.2","ppm","2","NOAA","24","100.0000","42101","Carbon monoxide","054","47260","Virginia Beach-Norfolk-Newport News, VA-NC","51","Virginia","710","Norfolk City","36.8555500009058","-76.30135"
"09/08/2022","AQS","517100024","1","0.2","ppm","2","NOAA","24","100.0000","42101","Carbon monoxide","054","47260","Virginia Beach-Norfolk-Newport News, VA-NC","51","Virginia","710","Norfolk City","36.8555500009058","-76.30135"
"09/09/2022","AQS","517100024","1","0.1","ppm","1","NOAA","24","100.0000","42101","Carbon monoxide","054","47260","Virginia Beach-Norfolk-Newport News, VA-NC","51","Virginia","710","Norfolk City","36.8555500009058","-76.30135"
"09/10/2022","AQS","517100024","1","0.1","ppm","1","NOAA","24","100.0000","42101","Carbon monoxide","054","47260","Virginia Beach-Norfolk-Newport News, VA-NC","51","Virginia","710","Norfolk City","36.8555500009058","-76.30135"
"09/11/2022","AQS","517100024","1","0.1","ppm","1","NOAA","24","100.0000","42101","Carbon monoxide","054","47260","Virginia Beach-Norfolk-Newport News, VA-NC","51","Virginia","710","Norfolk City","36.8555500009058","-76.30135"
"09/12/2022","AQS","517100024","1","0.2","ppm","2","NOAA","24","100.0000","42101","Carbon monoxide","054","47260","Virginia Beach-Norfolk-Newport News, VA-NC","51","Virginia","710","Norfolk City","36.8555500009058","-76.30135"
"09/13/2022","AQS","517100024","1","0.2","ppm","2","NOAA","24","100.0000","42101","Carbon monoxide","054","47260","Virginia Beach-Norfolk-Newport News, VA-NC","51","Virginia","710","Norfolk City","36.8555500009058","-76.30135"
"09/14/2022","AQS","517100024","1","0.3","ppm","3","NOAA","24","100.0000","42101","Carbon monoxide","054","47260","Virginia Beach-Norfolk-Newport News, VA-NC","51","Virginia","710","Norfolk City","36.8555500009058","-76.30135"
"09/15/2022","AQS","517100024","1","0.3","ppm","3","NOAA","24","100.0000","42101","Carbon monoxide","054","47260","Virginia Beach-Norfolk-Newport News, VA-NC","51","Virginia","710","Norfolk City","36.8555500009058","-76.30135"
"09/16/2022","AQS","517100024","1","0.3","ppm","3","NOAA","24","100.0000","42101","Carbon monoxide","054","47260","Virginia Beach-Norfolk-Newport News, VA-NC","51","Virginia","710","Norfolk City","36.8555500009058","-76.30135"
"09/20/2022","AQS","517100024","1","0.1","ppm","1","NOAA","5","21.0000","42101","Carbon monoxide","054","47260","Virginia Beach-Norfolk-Newport News, VA-NC","51","Virginia","710","Norfolk City","36.8555500009058","-76.30135"
"09/21/2022","AQS","517100024","1","0.2","ppm","2","NOAA","24","100.0000","42101","Carbon monoxide","054","47260","Virginia Beach-Norfolk-Newport News, VA-NC","51","Virginia","710","Norfolk City","36.8555500009058","-76.30135"
"09/22/2022","AQS","517100024","1","0.1","ppm","1","NOAA","24","100.0000","42101","Carbon monoxide","054","47260","Virginia Beach-Norfolk-Newport News, VA-NC","51","Virginia","710","Norfolk City","36.8555500009058","-76.30135"
"09/23/2022","AQS","517100024","1","0.1","ppm","1","NOAA","24","100.0000","42101","Carbon monoxide","054","47260","Virginia Beach-Norfolk-Newport News, VA-NC","51","Virginia","710","Norfolk City","36.8555500009058","-76.30135"
"09/24/2022","AQS","517100024","1","0.1","ppm","1","NOAA","24","100.0000","42101","Carbon monoxide","054","47260","Virginia Beach-Norfolk-Newport News, VA-NC","51","Virginia","710","Norfolk City","36.8555500009058","-76.30135"
"09/25/2022","AQS","517100024","1","0.1","ppm","1","NOAA","24","100.0000","42101","Carbon monoxide","054","47260","Virginia Beach-Norfolk-Newport News, VA-NC","51","Virginia","710","Norfolk City","36.8555500009058","-76.30135"
"09/26/2022","AQS","517100024","1","0.2","ppm","2","NOAA","24","100.0000","42101","Carbon monoxide","054","47260","Virginia Beach-Norfolk-Newport News, VA-NC","51","Virginia","710","Norfolk City","36.8555500009058","-76.30135"
"09/27/2022","AQS","517100024","1","0.2","ppm","2","NOAA","24","100.0000","42101","Carbon monoxide","054","47260","Virginia Beach-Norfolk-Newport News, VA-NC","51","Virginia","710","Norfolk City","36.8555500009058","-76.30135"
"09/28/2022","AQS","517100024","1","0.2","ppm","2","NOAA","24","100.0000","42101","Carbon monoxide","054","47260","Virginia Beach-Norfolk-Newport News, VA-NC","51","Virginia","710","Norfolk City","36.8555500009058","-76.30135"
"09/29/2022","AQS","517100024","1","0.2","ppm","2","NOAA","24","100.0000","42101","Carbon monoxide","054","47260","Virginia Beach-Norfolk-Newport News, VA-NC","51","Virginia","710","Norfolk City","36.8555500009058","-76.30135"
"09/30/2022","AQS","517100024","1","0.2","ppm","2","NOAA","24","100.0000","42101","Carbon monoxide","054","47260","Virginia Beach-Norfolk-Newport News, VA-NC","51","Virginia","710","Norfolk City","36.8555500009058","-76.30135"
"10/01/2022","AQS","517100024","1","0.3","ppm","3","NOAA","24","100.0000","42101","Carbon monoxide","054","47260","Virginia Beach-Norfolk-Newport News, VA-NC","51","Virginia","710","Norfolk City","36.8555500009058","-76.30135"
"10/02/2022","AQS","517100024","1","0.4","ppm","5","NOAA","24","100.0000","42101","Carbon monoxide","054","47260","Virginia Beach-Norfolk-Newport News, VA-NC","51","Virginia","710","Norfolk City","36.8555500009058","-76.30135"
"10/03/2022","AQS","517100024","1","0.3","ppm","3","NOAA","24","100.0000","42101","Carbon monoxide","054","47260","Virginia Beach-Norfolk-Newport News, VA-NC","51","Virginia","710","Norfolk City","36.8555500009058","-76.30135"
"10/04/2022","AQS","517100024","1","0.4","ppm","5","NOAA","24","100.0000","42101","Carbon monoxide","054","47260","Virginia Beach-Norfolk-Newport News, VA-NC","51","Virginia","710","Norfolk City","36.8555500009058","-76.30135"
"10/05/2022","AQS","517100024","1","0.4","ppm","5","NOAA","24","100.0000","42101","Carbon monoxide","054","47260","Virginia Beach-Norfolk-Newport News, VA-NC","51","Virginia","710","Norfolk City","36.8555500009058","-76.30135"
"10/06/2022","AQS","517100024","1","0.3","ppm","3","NOAA","24","100.0000","42101","Carbon monoxide","054","47260","Virginia Beach-Norfolk-Newport News, VA-NC","51","Virginia","710","Norfolk City","36.8555500009058","-76.30135"
"10/07/2022","AQS","517100024","1","0.4","ppm","5","NOAA","24","100.0000","42101","Carbon monoxide","054","47260","Virginia Beach-Norfolk-Newport News, VA-NC","51","Virginia","710","Norfolk City","36.8555500009058","-76.30135"
"10/08/2022","AQS","517100024","1","0.4","ppm","5","NOAA","24","100.0000","42101","Carbon monoxide","054","47260","Virginia Beach-Norfolk-Newport News, VA-NC","51","Virginia","710","Norfolk City","36.8555500009058","-76.30135"
"10/09/2022","AQS","517100024","1","0.4","ppm","5","NOAA","24","100.0000","42101","Carbon monoxide","054","47260","Virginia Beach-Norfolk-Newport News, VA-NC","51","Virginia","710","Norfolk City","36.8555500009058","-76.30135"
"10/10/2022","AQS","517100024","1","0.5","ppm","6","NOAA","24","100.0000","42101","Carbon monoxide","054","47260","Virginia Beach-Norfolk-Newport News, VA-NC","51","Virginia","710","Norfolk City","36.8555500009058","-76.30135"
"10/11/2022","AQS","517100024","1","0.9","ppm","10","NOAA","24","100.0000","42101","Carbon monoxide","054","47260","Virginia Beach-Norfolk-Newport News, VA-NC","51","Virginia","710","Norfolk City","36.8555500009058","-76.30135"
"10/12/2022","AQS","517100024","1","0.9","ppm","10","NOAA","24","100.0000","42101","Carbon monoxide","054","47260","Virginia Beach-Norfolk-Newport News, VA-NC","51","Virginia","710","Norfolk City","36.8555500009058","-76.30135"
"10/13/2022","AQS","517100024","1","0.6","ppm","7","NOAA","24","100.0000","42101","Carbon monoxide","054","47260","Virginia Beach-Norfolk-Newport News, VA-NC","51","Virginia","710","Norfolk City","36.8555500009058","-76.30135"
"10/14/2022","AQS","517100024","1","0.6","ppm","7","NOAA","24","100.0000","42101","Carbon monoxide","054","47260","Virginia Beach-Norfolk-Newport News, VA-NC","51","Virginia","710","Norfolk City","36.8555500009058","-76.30135"
"10/15/2022","AQS","517100024","1","0.7","ppm","8","NOAA","24","100.0000","42101","Carbon monoxide","054","47260","Virginia Beach-Norfolk-Newport News, VA-NC","51","Virginia","710","Norfolk City","36.8555500009058","-76.30135"
"10/16/2022","AQS","517100024","1","0.4","ppm","5","NOAA","24","100.0000","42101","Carbon monoxide","054","47260","Virginia Beach-Norfolk-Newport News, VA-NC","51","Virginia","710","Norfolk City","36.8555500009058","-76.30135"
"10/17/2022","AQS","517100024","1","0.4","ppm","5","NOAA","24","100.0000","42101","Carbon monoxide","054","47260","Virginia Beach-Norfolk-Newport News, VA-NC","51","Virginia","710","Norfolk City","36.8555500009058","-76.30135"
"10/18/2022","AQS","517100024","1","0.2","ppm","2","NOAA","24","100.0000","42101","Carbon monoxide","054","47260","Virginia Beach-Norfolk-Newport News, VA-NC","51","Virginia","710","Norfolk City","36.8555500009058","-76.30135"
"10/19/2022","AQS","517100024","1","0.2","ppm","2","NOAA","24","100.0000","42101","Carbon monoxide","054","47260","Virginia Beach-Norfolk-Newport News, VA-NC","51","Virginia","710","Norfolk City","36.8555500009058","-76.30135"
"10/20/2022","AQS","517100024","1","0.3","ppm","3","NOAA","24","100.0000","42101","Carbon monoxide","054","47260","Virginia Beach-Norfolk-Newport News, VA-NC","51","Virginia","710","Norfolk City","36.8555500009058","-76.30135"
"10/21/2022","AQS","517100024","1","0.6","ppm","7","NOAA","24","100.0000","42101","Carbon monoxide","054","47260","Virginia Beach-Norfolk-Newport News, VA-NC","51","Virginia","710","Norfolk City","36.8555500009058","-76.30135"
"10/22/2022","AQS","517100024","1","0.7","ppm","8","NOAA","24","100.0000","42101","Carbon monoxide","054","47260","Virginia Beach-Norfolk-Newport News, VA-NC","51","Virginia","710","Norfolk City","36.8555500009058","-76.30135"
"10/23/2022","AQS","517100024","1","0.5","ppm","6","NOAA","24","100.0000","42101","Carbon monoxide","054","47260","Virginia Beach-Norfolk-Newport News, VA-NC","51","Virginia","710","Norfolk City","36.8555500009058","-76.30135"
"10/24/2022","AQS","517100024","1","0.5","ppm","6","NOAA","24","100.0000","42101","Carbon monoxide","054","47260","Virginia Beach-Norfolk-Newport News, VA-NC","51","Virginia","710","Norfolk City","36.8555500009058","-76.30135"
"10/25/2022","AQS","517100024","1","0.4","ppm","5","NOAA","24","100.0000","42101","Carbon monoxide","054","47260","Virginia Beach-Norfolk-Newport News, VA-NC","51","Virginia","710","Norfolk City","36.8555500009058","-76.30135"
"10/26/2022","AQS","517100024","1","0.4","ppm","5","NOAA","24","100.0000","42101","Carbon monoxide","054","47260","Virginia Beach-Norfolk-Newport News, VA-NC","51","Virginia","710","Norfolk City","36.8555500009058","-76.30135"
"10/27/2022","AQS","517100024","1","0.4","ppm","5","NOAA","24","100.0000","42101","Carbon monoxide","054","47260","Virginia Beach-Norfolk-Newport News, VA-NC","51","Virginia","710","Norfolk City","36.8555500009058","-76.30135"
"10/28/2022","AQS","517100024","1","0.4","ppm","5","NOAA","24","100.0000","42101","Carbon monoxide","054","47260","Virginia Beach-Norfolk-Newport News, VA-NC","51","Virginia","710","Norfolk City","36.8555500009058","-76.30135"
"10/29/2022","AQS","517100024","1","0.5","ppm","6","NOAA","24","100.0000","42101","Carbon monoxide","054","47260","Virginia Beach-Norfolk-Newport News, VA-NC","51","Virginia","710","Norfolk City","36.8555500009058","-76.30135"
"10/30/2022","AQS","517100024","1","0.7","ppm","8","NOAA","24","100.0000","42101","Carbon monoxide","054","47260","Virginia Beach-Norfolk-Newport News, VA-NC","51","Virginia","710","Norfolk City","36.8555500009058","-76.30135"
"10/31/2022","AQS","517100024","1","0.9","ppm","10","NOAA","24","100.0000","42101","Carbon monoxide","054","47260","Virginia Beach-Norfolk-Newport News, VA-NC","51","Virginia","710","Norfolk City","36.8555500009058","-76.30135"
"11/01/2022","AQS","517100024","1","0.5","ppm","6","NOAA","24","100.0000","42101","Carbon monoxide","054","47260","Virginia Beach-Norfolk-Newport News, VA-NC","51","Virginia","710","Norfolk City","36.8555500009058","-76.30135"
"11/02/2022","AQS","517100024","1","0.5","ppm","6","NOAA","24","100.0000","42101","Carbon monoxide","054","47260","Virginia Beach-Norfolk-Newport News, VA-NC","51","Virginia","710","Norfolk City","36.8555500009058","-76.30135"
"11/03/2022","AQS","517100024","1","0.4","ppm","5","NOAA","24","100.0000","42101","Carbon monoxide","054","47260","Virginia Beach-Norfolk-Newport News, VA-NC","51","Virginia","710","Norfolk City","36.8555500009058","-76.30135"
"11/04/2022","AQS","517100024","1","0.5","ppm","6","NOAA","24","100.0000","42101","Carbon monoxide","054","47260","Virginia Beach-Norfolk-Newport News, VA-NC","51","Virginia","710","Norfolk City","36.8555500009058","-76.30135"
"11/05/2022","AQS","517100024","1","0.5","ppm","6","NOAA","24","100.0000","42101","Carbon monoxide","054","47260","Virginia Beach-Norfolk-Newport News, VA-NC","51","Virginia","710","Norfolk City","36.8555500009058","-76.30135"
"11/06/2022","AQS","517100024","1","0.5","ppm","6","NOAA","24","100.0000","42101","Carbon monoxide","054","47260","Virginia Beach-Norfolk-Newport News, VA-NC","51","Virginia","710","Norfolk City","36.8555500009058","-76.30135"
"11/07/2022","AQS","517100024","1","0.5","ppm","6","NOAA","24","100.0000","42101","Carbon monoxide","054","47260","Virginia Beach-Norfolk-Newport News, VA-NC","51","Virginia","710","Norfolk City","36.8555500009058","-76.30135"
"11/08/2022","AQS","517100024","1","0.2","ppm","2","NOAA","24","100.0000","42101","Carbon monoxide","054","47260","Virginia Beach-Norfolk-Newport News, VA-NC","51","Virginia","710","Norfolk City","36.8555500009058","-76.30135"
"11/09/2022","AQS","517100024","1","0.2","ppm","2","NOAA","24","100.0000","42101","Carbon monoxide","054","47260","Virginia Beach-Norfolk-Newport News, VA-NC","51","Virginia","710","Norfolk City","36.8555500009058","-76.30135"
"11/10/2022","AQS","517100024","1","0.3","ppm","3","NOAA","24","100.0000","42101","Carbon monoxide","054","47260","Virginia Beach-Norfolk-Newport News, VA-NC","51","Virginia","710","Norfolk City","36.8555500009058","-76.30135"
"11/11/2022","AQS","517100024","1","0.3","ppm","3","NOAA","24","100.0000","42101","Carbon monoxide","054","47260","Virginia Beach-Norfolk-Newport News, VA-NC","51","Virginia","710","Norfolk City","36.8555500009058","-76.30135"
"11/12/2022","AQS","517100024","1","0.3","ppm","3","NOAA","24","100.0000","42101","Carbon monoxide","054","47260","Virginia Beach-Norfolk-Newport News, VA-NC","51","Virginia","710","Norfolk City","36.8555500009058","-76.30135"
"11/13/2022","AQS","517100024","1","0.3","ppm","3","NOAA","24","100.0000","42101","Carbon monoxide","054","47260","Virginia Beach-Norfolk-Newport News, VA-NC","51","Virginia","710","Norfolk City","36.8555500009058","-76.30135"
"11/14/2022","AQS","517100024","1","0.4","ppm","5","NOAA","24","100.0000","42101","Carbon monoxide","054","47260","Virginia Beach-Norfolk-Newport News, VA-NC","51","Virginia","710","Norfolk City","36.8555500009058","-76.30135"
"11/15/2022","AQS","517100024","1","0.4","ppm","5","NOAA","24","100.0000","42101","Carbon monoxide","054","47260","Virginia Beach-Norfolk-Newport News, VA-NC","51","Virginia","710","Norfolk City","36.8555500009058","-76.30135"
"11/16/2022","AQS","517100024","1","0.4","ppm","5","NOAA","24","100.0000","42101","Carbon monoxide","054","47260","Virginia Beach-Norfolk-Newport News, VA-NC","51","Virginia","710","Norfolk City","36.8555500009058","-76.30135"
"11/17/2022","AQS","517100024","1","0.4","ppm","5","NOAA","24","100.0000","42101","Carbon monoxide","054","47260","Virginia Beach-Norfolk-Newport News, VA-NC","51","Virginia","710","Norfolk City","36.8555500009058","-76.30135"
"11/18/2022","AQS","517100024","1","0.3","ppm","3","NOAA","24","100.0000","42101","Carbon monoxide","054","47260","Virginia Beach-Norfolk-Newport News, VA-NC","51","Virginia","710","Norfolk City","36.8555500009058","-76.30135"
"11/19/2022","AQS","517100024","1","0.5","ppm","6","NOAA","24","100.0000","42101","Carbon monoxide","054","47260","Virginia Beach-Norfolk-Newport News, VA-NC","51","Virginia","710","Norfolk City","36.8555500009058","-76.30135"
"11/20/2022","AQS","517100024","1","0.5","ppm","6","NOAA","24","100.0000","42101","Carbon monoxide","054","47260","Virginia Beach-Norfolk-Newport News, VA-NC","51","Virginia","710","Norfolk City","36.8555500009058","-76.30135"
"11/21/2022","AQS","517100024","1","0.4","ppm","5","NOAA","11","46.0000","42101","Carbon monoxide","054","47260","Virginia Beach-Norfolk-Newport News, VA-NC","51","Virginia","710","Norfolk City","36.8555500009058","-76.30135"
"11/29/2022","AQS","517100024","1","0.1","ppm","1","NOAA","5","21.0000","42101","Carbon monoxide","054","47260","Virginia Beach-Norfolk-Newport News, VA-NC","51","Virginia","710","Norfolk City","36.8555500009058","-76.30135"
"11/30/2022","AQS","517100024","1","0.1","ppm","1","NOAA","24","100.0000","42101","Carbon monoxide","054","47260","Virginia Beach-Norfolk-Newport News, VA-NC","51","Virginia","710","Norfolk City","36.8555500009058","-76.30135"
"12/01/2022","AQS","517100024","1","0.2","ppm","2","NOAA","24","100.0000","42101","Carbon monoxide","054","47260","Virginia Beach-Norfolk-Newport News, VA-NC","51","Virginia","710","Norfolk City","36.8555500009058","-76.30135"
"12/02/2022","AQS","517100024","1","0.5","ppm","6","NOAA","24","100.0000","42101","Carbon monoxide","054","47260","Virginia Beach-Norfolk-Newport News, VA-NC","51","Virginia","710","Norfolk City","36.8555500009058","-76.30135"
"12/03/2022","AQS","517100024","1","-0.1","ppm","0","NOAA","24","100.0000","42101","Carbon monoxide","054","47260","Virginia Beach-Norfolk-Newport News, VA-NC","51","Virginia","710","Norfolk City","36.8555500009058","-76.30135"
"12/04/2022","AQS","517100024","1","0.1","ppm","1","NOAA","24","100.0000","42101","Carbon monoxide","054","47260","Virginia Beach-Norfolk-Newport News, VA-NC","51","Virginia","710","Norfolk City","36.8555500009058","-76.30135"
"12/05/2022","AQS","517100024","1","0.3","ppm","3","NOAA","24","100.0000","42101","Carbon monoxide","054","47260","Virginia Beach-Norfolk-Newport News, VA-NC","51","Virginia","710","Norfolk City","36.8555500009058","-76.30135"
"12/06/2022","AQS","517100024","1","0.4","ppm","5","NOAA","24","100.0000","42101","Carbon monoxide","054","47260","Virginia Beach-Norfolk-Newport News, VA-NC","51","Virginia","710","Norfolk City","36.8555500009058","-76.30135"
"12/07/2022","AQS","517100024","1","0.2","ppm","2","NOAA","24","100.0000","42101","Carbon monoxide","054","47260","Virginia Beach-Norfolk-Newport News, VA-NC","51","Virginia","710","Norfolk City","36.8555500009058","-76.30135"
"12/08/2022","AQS","517100024","1","0.3","ppm","3","NOAA","24","100.0000","42101","Carbon monoxide","054","47260","Virginia Beach-Norfolk-Newport News, VA-NC","51","Virginia","710","Norfolk City","36.8555500009058","-76.30135"
"12/09/2022","AQS","517100024","1","0.4","ppm","5","NOAA","24","100.0000","42101","Carbon monoxide","054","47260","Virginia Beach-Norfolk-Newport News, VA-NC","51","Virginia","710","Norfolk City","36.8555500009058","-76.30135"
"12/10/2022","AQS","517100024","1","0.4","ppm","5","NOAA","24","100.0000","42101","Carbon monoxide","054","47260","Virginia Beach-Norfolk-Newport News, VA-NC","51","Virginia","710","Norfolk City","36.8555500009058","-76.30135"
"12/11/2022","AQS","517100024","1","0.3","ppm","3","NOAA","24","100.0000","42101","Carbon monoxide","054","47260","Virginia Beach-Norfolk-Newport News, VA-NC","51","Virginia","710","Norfolk City","36.8555500009058","-76.30135"
"12/12/2022","AQS","517100024","1","0.5","ppm","6","NOAA","24","100.0000","42101","Carbon monoxide","054","47260","Virginia Beach-Norfolk-Newport News, VA-NC","51","Virginia","710","Norfolk City","36.8555500009058","-76.30135"
"12/13/2022","AQS","517100024","1","0.4","ppm","5","NOAA","24","100.0000","42101","Carbon monoxide","054","47260","Virginia Beach-Norfolk-Newport News, VA-NC","51","Virginia","710","Norfolk City","36.8555500009058","-76.30135"
"12/14/2022","AQS","517100024","1","0.4","ppm","5","NOAA","24","100.0000","42101","Carbon monoxide","054","47260","Virginia Beach-Norfolk-Newport News, VA-NC","51","Virginia","710","Norfolk City","36.8555500009058","-76.30135"
"12/15/2022","AQS","517100024","1","0.4","ppm","5","NOAA","24","100.0000","42101","Carbon monoxide","054","47260","Virginia Beach-Norfolk-Newport News, VA-NC","51","Virginia","710","Norfolk City","36.8555500009058","-76.30135"
"12/16/2022","AQS","517100024","1","0.3","ppm","3","NOAA","24","100.0000","42101","Carbon monoxide","054","47260","Virginia Beach-Norfolk-Newport News, VA-NC","51","Virginia","710","Norfolk City","36.8555500009058","-76.30135"
"12/17/2022","AQS","517100024","1","0.5","ppm","6","NOAA","24","100.0000","42101","Carbon monoxide","054","47260","Virginia Beach-Norfolk-Newport News, VA-NC","51","Virginia","710","Norfolk City","36.8555500009058","-76.30135"
"12/18/2022","AQS","517100024","1","0.5","ppm","6","NOAA","24","100.0000","42101","Carbon monoxide","054","47260","Virginia Beach-Norfolk-Newport News, VA-NC","51","Virginia","710","Norfolk City","36.8555500009058","-76.30135"
"12/19/2022","AQS","517100024","1","0.5","ppm","6","NOAA","24","100.0000","42101","Carbon monoxide","054","47260","Virginia Beach-Norfolk-Newport News, VA-NC","51","Virginia","710","Norfolk City","36.8555500009058","-76.30135"
"12/20/2022","AQS","517100024","1","0.5","ppm","6","NOAA","24","100.0000","42101","Carbon monoxide","054","47260","Virginia Beach-Norfolk-Newport News, VA-NC","51","Virginia","710","Norfolk City","36.8555500009058","-76.30135"
"12/21/2022","AQS","517100024","1","0.4","ppm","5","NOAA","24","100.0000","42101","Carbon monoxide","054","47260","Virginia Beach-Norfolk-Newport News, VA-NC","51","Virginia","710","Norfolk City","36.8555500009058","-76.30135"
"12/22/2022","AQS","517100024","1","0.1","ppm","1","NOAA","24","100.0000","42101","Carbon monoxide","054","47260","Virginia Beach-Norfolk-Newport News, VA-NC","51","Virginia","710","Norfolk City","36.8555500009058","-76.30135"
"12/23/2022","AQS","517100024","1","0.2","ppm","2","NOAA","24","100.0000","42101","Carbon monoxide","054","47260","Virginia Beach-Norfolk-Newport News, VA-NC","51","Virginia","710","Norfolk City","36.8555500009058","-76.30135"
"12/24/2022","AQS","517100024","1","0.1","ppm","1","NOAA","24","100.0000","42101","Carbon monoxide","054","47260","Virginia Beach-Norfolk-Newport News, VA-NC","51","Virginia","710","Norfolk City","36.8555500009058","-76.30135"
"12/25/2022","AQS","517100024","1","0.2","ppm","2","NOAA","24","100.0000","42101","Carbon monoxide","054","47260","Virginia Beach-Norfolk-Newport News, VA-NC","51","Virginia","710","Norfolk City","36.8555500009058","-76.30135"
"12/26/2022","AQS","517100024","1","0.4","ppm","5","NOAA","24","100.0000","42101","Carbon monoxide","054","47260","Virginia Beach-Norfolk-Newport News, VA-NC","51","Virginia","710","Norfolk City","36.8555500009058","-76.30135"
"12/27/2022","AQS","517100024","1","0.6","ppm","7","NOAA","24","100.0000","42101","Carbon monoxide","054","47260","Virginia Beach-Norfolk-Newport News, VA-NC","51","Virginia","710","Norfolk City","36.8555500009058","-76.30135"
"12/28/2022","AQS","517100024","1","0.9","ppm","10","NOAA","24","100.0000","42101","Carbon monoxide","054","47260","Virginia Beach-Norfolk-Newport News, VA-NC","51","Virginia","710","Norfolk City","36.8555500009058","-76.30135"
"12/29/2022","AQS","517100024","1","0.4","ppm","5","NOAA","24","100.0000","42101","Carbon monoxide","054","47260","Virginia Beach-Norfolk-Newport News, VA-NC","51","Virginia","710","Norfolk City","36.8555500009058","-76.30135"
"12/30/2022","AQS","517100024","1","0.6","ppm","7","NOAA","24","100.0000","42101","Carbon monoxide","054","47260","Virginia Beach-Norfolk-Newport News, VA-NC","51","Virginia","710","Norfolk City","36.8555500009058","-76.30135"
"12/31/2022","AQS","517100024","1","0.3","ppm","3","NOAA","3","13.0000","42101","Carbon monoxide","054","47260","Virginia Beach-Norfolk-Newport News, VA-NC","51","Virginia","710","Norfolk City","36.8555500009058","-76.30135"
"01/01/2022","AQS","517600025","1","0.5","ppm","6","Bryan Park","19","79.0000","42101","Carbon monoxide","093","40060","Richmond, VA","51","Virginia","760","Richmond City","37.59088","-77.46925"
"01/02/2022","AQS","517600025","1","0.4","ppm","5","Bryan Park","24","100.0000","42101","Carbon monoxide","093","40060","Richmond, VA","51","Virginia","760","Richmond City","37.59088","-77.46925"
"01/03/2022","AQS","517600025","1","0.4","ppm","5","Bryan Park","24","100.0000","42101","Carbon monoxide","093","40060","Richmond, VA","51","Virginia","760","Richmond City","37.59088","-77.46925"
"01/04/2022","AQS","517600025","1","0.5","ppm","6","Bryan Park","24","100.0000","42101","Carbon monoxide","093","40060","Richmond, VA","51","Virginia","760","Richmond City","37.59088","-77.46925"
"01/05/2022","AQS","517600025","1","0.5","ppm","6","Bryan Park","24","100.0000","42101","Carbon monoxide","093","40060","Richmond, VA","51","Virginia","760","Richmond City","37.59088","-77.46925"
"01/06/2022","AQS","517600025","1","0.4","ppm","5","Bryan Park","24","100.0000","42101","Carbon monoxide","093","40060","Richmond, VA","51","Virginia","760","Richmond City","37.59088","-77.46925"
"01/07/2022","AQS","517600025","1","0.3","ppm","3","Bryan Park","24","100.0000","42101","Carbon monoxide","093","40060","Richmond, VA","51","Virginia","760","Richmond City","37.59088","-77.46925"
"01/08/2022","AQS","517600025","1","0.4","ppm","5","Bryan Park","24","100.0000","42101","Carbon monoxide","093","40060","Richmond, VA","51","Virginia","760","Richmond City","37.59088","-77.46925"
"01/09/2022","AQS","517600025","1","0.4","ppm","5","Bryan Park","24","100.0000","42101","Carbon monoxide","093","40060","Richmond, VA","51","Virginia","760","Richmond City","37.59088","-77.46925"
"01/10/2022","AQS","517600025","1","0.3","ppm","3","Bryan Park","24","100.0000","42101","Carbon monoxide","093","40060","Richmond, VA","51","Virginia","760","Richmond City","37.59088","-77.46925"
"01/11/2022","AQS","517600025","1","0.3","ppm","3","Bryan Park","24","100.0000","42101","Carbon monoxide","093","40060","Richmond, VA","51","Virginia","760","Richmond City","37.59088","-77.46925"
"01/12/2022","AQS","517600025","1","0.5","ppm","6","Bryan Park","24","100.0000","42101","Carbon monoxide","093","40060","Richmond, VA","51","Virginia","760","Richmond City","37.59088","-77.46925"
"01/13/2022","AQS","517600025","1","0.6","ppm","7","Bryan Park","24","100.0000","42101","Carbon monoxide","093","40060","Richmond, VA","51","Virginia","760","Richmond City","37.59088","-77.46925"
"01/14/2022","AQS","517600025","1","0.4","ppm","5","Bryan Park","24","100.0000","42101","Carbon monoxide","093","40060","Richmond, VA","51","Virginia","760","Richmond City","37.59088","-77.46925"
"01/15/2022","AQS","517600025","1","0.3","ppm","3","Bryan Park","24","100.0000","42101","Carbon monoxide","093","40060","Richmond, VA","51","Virginia","760","Richmond City","37.59088","-77.46925"
"01/16/2022","AQS","517600025","1","0.3","ppm","3","Bryan Park","24","100.0000","42101","Carbon monoxide","093","40060","Richmond, VA","51","Virginia","760","Richmond City","37.59088","-77.46925"
"01/17/2022","AQS","517600025","1","0.3","ppm","3","Bryan Park","24","100.0000","42101","Carbon monoxide","093","40060","Richmond, VA","51","Virginia","760","Richmond City","37.59088","-77.46925"
"01/18/2022","AQS","517600025","1","0.4","ppm","5","Bryan Park","24","100.0000","42101","Carbon monoxide","093","40060","Richmond, VA","51","Virginia","760","Richmond City","37.59088","-77.46925"
"01/19/2022","AQS","517600025","1","0.5","ppm","6","Bryan Park","24","100.0000","42101","Carbon monoxide","093","40060","Richmond, VA","51","Virginia","760","Richmond City","37.59088","-77.46925"
"01/20/2022","AQS","517600025","1","0.3","ppm","3","Bryan Park","24","100.0000","42101","Carbon monoxide","093","40060","Richmond, VA","51","Virginia","760","Richmond City","37.59088","-77.46925"
"01/21/2022","AQS","517600025","1","0.3","ppm","3","Bryan Park","24","100.0000","42101","Carbon monoxide","093","40060","Richmond, VA","51","Virginia","760","Richmond City","37.59088","-77.46925"
"01/22/2022","AQS","517600025","1","0.5","ppm","6","Bryan Park","24","100.0000","42101","Carbon monoxide","093","40060","Richmond, VA","51","Virginia","760","Richmond City","37.59088","-77.46925"
"01/23/2022","AQS","517600025","1","0.5","ppm","6","Bryan Park","24","100.0000","42101","Carbon monoxide","093","40060","Richmond, VA","51","Virginia","760","Richmond City","37.59088","-77.46925"
"01/24/2022","AQS","517600025","1","0.4","ppm","5","Bryan Park","24","100.0000","42101","Carbon monoxide","093","40060","Richmond, VA","51","Virginia","760","Richmond City","37.59088","-77.46925"
"01/25/2022","AQS","517600025","1","0.4","ppm","5","Bryan Park","24","100.0000","42101","Carbon monoxide","093","40060","Richmond, VA","51","Virginia","760","Richmond City","37.59088","-77.46925"
"01/26/2022","AQS","517600025","1","0.3","ppm","3","Bryan Park","24","100.0000","42101","Carbon monoxide","093","40060","Richmond, VA","51","Virginia","760","Richmond City","37.59088","-77.46925"
"01/27/2022","AQS","517600025","1","0.4","ppm","5","Bryan Park","24","100.0000","42101","Carbon monoxide","093","40060","Richmond, VA","51","Virginia","760","Richmond City","37.59088","-77.46925"
"01/28/2022","AQS","517600025","1","0.5","ppm","6","Bryan Park","24","100.0000","42101","Carbon monoxide","093","40060","Richmond, VA","51","Virginia","760","Richmond City","37.59088","-77.46925"
"01/29/2022","AQS","517600025","1","0.2","ppm","2","Bryan Park","24","100.0000","42101","Carbon monoxide","093","40060","Richmond, VA","51","Virginia","760","Richmond City","37.59088","-77.46925"
"01/30/2022","AQS","517600025","1","0.3","ppm","3","Bryan Park","24","100.0000","42101","Carbon monoxide","093","40060","Richmond, VA","51","Virginia","760","Richmond City","37.59088","-77.46925"
"01/31/2022","AQS","517600025","1","0.3","ppm","3","Bryan Park","24","100.0000","42101","Carbon monoxide","093","40060","Richmond, VA","51","Virginia","760","Richmond City","37.59088","-77.46925"
"02/01/2022","AQS","517600025","1","0.3","ppm","3","Bryan Park","24","100.0000","42101","Carbon monoxide","093","40060","Richmond, VA","51","Virginia","760","Richmond City","37.59088","-77.46925"
"02/02/2022","AQS","517600025","1","0.4","ppm","5","Bryan Park","24","100.0000","42101","Carbon monoxide","093","40060","Richmond, VA","51","Virginia","760","Richmond City","37.59088","-77.46925"
"02/03/2022","AQS","517600025","1","0.5","ppm","6","Bryan Park","24","100.0000","42101","Carbon monoxide","093","40060","Richmond, VA","51","Virginia","760","Richmond City","37.59088","-77.46925"
"02/04/2022","AQS","517600025","1","0.4","ppm","5","Bryan Park","24","100.0000","42101","Carbon monoxide","093","40060","Richmond, VA","51","Virginia","760","Richmond City","37.59088","-77.46925"
"02/05/2022","AQS","517600025","1","0.3","ppm","3","Bryan Park","24","100.0000","42101","Carbon monoxide","093","40060","Richmond, VA","51","Virginia","760","Richmond City","37.59088","-77.46925"
"02/06/2022","AQS","517600025","1","0.2","ppm","2","Bryan Park","24","100.0000","42101","Carbon monoxide","093","40060","Richmond, VA","51","Virginia","760","Richmond City","37.59088","-77.46925"
"02/07/2022","AQS","517600025","1","0.2","ppm","2","Bryan Park","24","100.0000","42101","Carbon monoxide","093","40060","Richmond, VA","51","Virginia","760","Richmond City","37.59088","-77.46925"
"02/08/2022","AQS","517600025","1","0.6","ppm","7","Bryan Park","24","100.0000","42101","Carbon monoxide","093","40060","Richmond, VA","51","Virginia","760","Richmond City","37.59088","-77.46925"
"02/09/2022","AQS","517600025","1","0.8","ppm","9","Bryan Park","24","100.0000","42101","Carbon monoxide","093","40060","Richmond, VA","51","Virginia","760","Richmond City","37.59088","-77.46925"
"02/10/2022","AQS","517600025","1","0.5","ppm","6","Bryan Park","24","100.0000","42101","Carbon monoxide","093","40060","Richmond, VA","51","Virginia","760","Richmond City","37.59088","-77.46925"
"02/11/2022","AQS","517600025","1","0.6","ppm","7","Bryan Park","24","100.0000","42101","Carbon monoxide","093","40060","Richmond, VA","51","Virginia","760","Richmond City","37.59088","-77.46925"
"02/12/2022","AQS","517600025","1","0.3","ppm","3","Bryan Park","24","100.0000","42101","Carbon monoxide","093","40060","Richmond, VA","51","Virginia","760","Richmond City","37.59088","-77.46925"
"02/13/2022","AQS","517600025","1","0.3","ppm","3","Bryan Park","24","100.0000","42101","Carbon monoxide","093","40060","Richmond, VA","51","Virginia","760","Richmond City","37.59088","-77.46925"
"02/14/2022","AQS","517600025","1","0.3","ppm","3","Bryan Park","24","100.0000","42101","Carbon monoxide","093","40060","Richmond, VA","51","Virginia","760","Richmond City","37.59088","-77.46925"
"02/15/2022","AQS","517600025","1","0.4","ppm","5","Bryan Park","24","100.0000","42101","Carbon monoxide","093","40060","Richmond, VA","51","Virginia","760","Richmond City","37.59088","-77.46925"
"02/16/2022","AQS","517600025","1","0.5","ppm","6","Bryan Park","24","100.0000","42101","Carbon monoxide","093","40060","Richmond, VA","51","Virginia","760","Richmond City","37.59088","-77.46925"
"02/17/2022","AQS","517600025","1","0.4","ppm","5","Bryan Park","24","100.0000","42101","Carbon monoxide","093","40060","Richmond, VA","51","Virginia","760","Richmond City","37.59088","-77.46925"
"02/18/2022","AQS","517600025","1","0.3","ppm","3","Bryan Park","24","100.0000","42101","Carbon monoxide","093","40060","Richmond, VA","51","Virginia","760","Richmond City","37.59088","-77.46925"
"02/19/2022","AQS","517600025","1","0.3","ppm","3","Bryan Park","24","100.0000","42101","Carbon monoxide","093","40060","Richmond, VA","51","Virginia","760","Richmond City","37.59088","-77.46925"
"02/20/2022","AQS","517600025","1","0.3","ppm","3","Bryan Park","24","100.0000","42101","Carbon monoxide","093","40060","Richmond, VA","51","Virginia","760","Richmond City","37.59088","-77.46925"
"02/21/2022","AQS","517600025","1","0.5","ppm","6","Bryan Park","24","100.0000","42101","Carbon monoxide","093","40060","Richmond, VA","51","Virginia","760","Richmond City","37.59088","-77.46925"
"02/22/2022","AQS","517600025","1","0.5","ppm","6","Bryan Park","24","100.0000","42101","Carbon monoxide","093","40060","Richmond, VA","51","Virginia","760","Richmond City","37.59088","-77.46925"
"02/23/2022","AQS","517600025","1","0.4","ppm","5","Bryan Park","24","100.0000","42101","Carbon monoxide","093","40060","Richmond, VA","51","Virginia","760","Richmond City","37.59088","-77.46925"
"02/24/2022","AQS","517600025","1","0.4","ppm","5","Bryan Park","24","100.0000","42101","Carbon monoxide","093","40060","Richmond, VA","51","Virginia","760","Richmond City","37.59088","-77.46925"
"02/25/2022","AQS","517600025","1","0.2","ppm","2","Bryan Park","24","100.0000","42101","Carbon monoxide","093","40060","Richmond, VA","51","Virginia","760","Richmond City","37.59088","-77.46925"
"02/26/2022","AQS","517600025","1","0.2","ppm","2","Bryan Park","24","100.0000","42101","Carbon monoxide","093","40060","Richmond, VA","51","Virginia","760","Richmond City","37.59088","-77.46925"
"02/27/2022","AQS","517600025","1","0.3","ppm","3","Bryan Park","24","100.0000","42101","Carbon monoxide","093","40060","Richmond, VA","51","Virginia","760","Richmond City","37.59088","-77.46925"
"02/28/2022","AQS","517600025","1","0.3","ppm","3","Bryan Park","24","100.0000","42101","Carbon monoxide","093","40060","Richmond, VA","51","Virginia","760","Richmond City","37.59088","-77.46925"
"03/01/2022","AQS","517600025","1","0.4","ppm","5","Bryan Park","24","100.0000","42101","Carbon monoxide","093","40060","Richmond, VA","51","Virginia","760","Richmond City","37.59088","-77.46925"
"03/02/2022","AQS","517600025","1","0.4","ppm","5","Bryan Park","24","100.0000","42101","Carbon monoxide","093","40060","Richmond, VA","51","Virginia","760","Richmond City","37.59088","-77.46925"
"03/03/2022","AQS","517600025","1","0.4","ppm","5","Bryan Park","24","100.0000","42101","Carbon monoxide","093","40060","Richmond, VA","51","Virginia","760","Richmond City","37.59088","-77.46925"
"03/04/2022","AQS","517600025","1","0.4","ppm","5","Bryan Park","24","100.0000","42101","Carbon monoxide","093","40060","Richmond, VA","51","Virginia","760","Richmond City","37.59088","-77.46925"
"03/05/2022","AQS","517600025","1","0.4","ppm","5","Bryan Park","24","100.0000","42101","Carbon monoxide","093","40060","Richmond, VA","51","Virginia","760","Richmond City","37.59088","-77.46925"
"03/06/2022","AQS","517600025","1","0.4","ppm","5","Bryan Park","24","100.0000","42101","Carbon monoxide","093","40060","Richmond, VA","51","Virginia","760","Richmond City","37.59088","-77.46925"
"03/07/2022","AQS","517600025","1","0.4","ppm","5","Bryan Park","24","100.0000","42101","Carbon monoxide","093","40060","Richmond, VA","51","Virginia","760","Richmond City","37.59088","-77.46925"
"03/08/2022","AQS","517600025","1","0.3","ppm","3","Bryan Park","20","83.0000","42101","Carbon monoxide","093","40060","Richmond, VA","51","Virginia","760","Richmond City","37.59088","-77.46925"
"03/09/2022","AQS","517600025","1","0.3","ppm","3","Bryan Park","18","75.0000","42101","Carbon monoxide","093","40060","Richmond, VA","51","Virginia","760","Richmond City","37.59088","-77.46925"
"03/10/2022","AQS","517600025","1","0.5","ppm","6","Bryan Park","24","100.0000","42101","Carbon monoxide","093","40060","Richmond, VA","51","Virginia","760","Richmond City","37.59088","-77.46925"
"03/11/2022","AQS","517600025","1","0.5","ppm","6","Bryan Park","24","100.0000","42101","Carbon monoxide","093","40060","Richmond, VA","51","Virginia","760","Richmond City","37.59088","-77.46925"
"03/12/2022","AQS","517600025","1","0.4","ppm","5","Bryan Park","24","100.0000","42101","Carbon monoxide","093","40060","Richmond, VA","51","Virginia","760","Richmond City","37.59088","-77.46925"
"03/13/2022","AQS","517600025","1","0.2","ppm","2","Bryan Park","24","100.0000","42101","Carbon monoxide","093","40060","Richmond, VA","51","Virginia","760","Richmond City","37.59088","-77.46925"
"03/14/2022","AQS","517600025","1","0.4","ppm","5","Bryan Park","24","100.0000","42101","Carbon monoxide","093","40060","Richmond, VA","51","Virginia","760","Richmond City","37.59088","-77.46925"
"03/15/2022","AQS","517600025","1","0.5","ppm","6","Bryan Park","24","100.0000","42101","Carbon monoxide","093","40060","Richmond, VA","51","Virginia","760","Richmond City","37.59088","-77.46925"
"03/16/2022","AQS","517600025","1","0.6","ppm","7","Bryan Park","24","100.0000","42101","Carbon monoxide","093","40060","Richmond, VA","51","Virginia","760","Richmond City","37.59088","-77.46925"
"03/17/2022","AQS","517600025","1","0.4","ppm","5","Bryan Park","24","100.0000","42101","Carbon monoxide","093","40060","Richmond, VA","51","Virginia","760","Richmond City","37.59088","-77.46925"
"03/18/2022","AQS","517600025","1","0.6","ppm","7","Bryan Park","24","100.0000","42101","Carbon monoxide","093","40060","Richmond, VA","51","Virginia","760","Richmond City","37.59088","-77.46925"
"03/19/2022","AQS","517600025","1","0.4","ppm","5","Bryan Park","24","100.0000","42101","Carbon monoxide","093","40060","Richmond, VA","51","Virginia","760","Richmond City","37.59088","-77.46925"
"03/20/2022","AQS","517600025","1","0.3","ppm","3","Bryan Park","24","100.0000","42101","Carbon monoxide","093","40060","Richmond, VA","51","Virginia","760","Richmond City","37.59088","-77.46925"
"03/21/2022","AQS","517600025","1","0.3","ppm","3","Bryan Park","24","100.0000","42101","Carbon monoxide","093","40060","Richmond, VA","51","Virginia","760","Richmond City","37.59088","-77.46925"
"03/22/2022","AQS","517600025","1","0.4","ppm","5","Bryan Park","24","100.0000","42101","Carbon monoxide","093","40060","Richmond, VA","51","Virginia","760","Richmond City","37.59088","-77.46925"
"03/23/2022","AQS","517600025","1","0.5","ppm","6","Bryan Park","24","100.0000","42101","Carbon monoxide","093","40060","Richmond, VA","51","Virginia","760","Richmond City","37.59088","-77.46925"
"03/24/2022","AQS","517600025","1","0.5","ppm","6","Bryan Park","24","100.0000","42101","Carbon monoxide","093","40060","Richmond, VA","51","Virginia","760","Richmond City","37.59088","-77.46925"
"03/25/2022","AQS","517600025","1","0.4","ppm","5","Bryan Park","24","100.0000","42101","Carbon monoxide","093","40060","Richmond, VA","51","Virginia","760","Richmond City","37.59088","-77.46925"
"03/26/2022","AQS","517600025","1","0.2","ppm","2","Bryan Park","24","100.0000","42101","Carbon monoxide","093","40060","Richmond, VA","51","Virginia","760","Richmond City","37.59088","-77.46925"
"03/27/2022","AQS","517600025","1","0.2","ppm","2","Bryan Park","24","100.0000","42101","Carbon monoxide","093","40060","Richmond, VA","51","Virginia","760","Richmond City","37.59088","-77.46925"
"03/28/2022","AQS","517600025","1","0.3","ppm","3","Bryan Park","24","100.0000","42101","Carbon monoxide","093","40060","Richmond, VA","51","Virginia","760","Richmond City","37.59088","-77.46925"
"03/29/2022","AQS","517600025","1","0.4","ppm","5","Bryan Park","24","100.0000","42101","Carbon monoxide","093","40060","Richmond, VA","51","Virginia","760","Richmond City","37.59088","-77.46925"
"03/30/2022","AQS","517600025","1","0.4","ppm","5","Bryan Park","24","100.0000","42101","Carbon monoxide","093","40060","Richmond, VA","51","Virginia","760","Richmond City","37.59088","-77.46925"
"03/31/2022","AQS","517600025","1","0.4","ppm","5","Bryan Park","24","100.0000","42101","Carbon monoxide","093","40060","Richmond, VA","51","Virginia","760","Richmond City","37.59088","-77.46925"
"04/01/2022","AQS","517600025","1","0.3","ppm","3","Bryan Park","24","100.0000","42101","Carbon monoxide","093","40060","Richmond, VA","51","Virginia","760","Richmond City","37.59088","-77.46925"
"04/02/2022","AQS","517600025","1","0.3","ppm","3","Bryan Park","24","100.0000","42101","Carbon monoxide","093","40060","Richmond, VA","51","Virginia","760","Richmond City","37.59088","-77.46925"
"04/03/2022","AQS","517600025","1","0.3","ppm","3","Bryan Park","24","100.0000","42101","Carbon monoxide","093","40060","Richmond, VA","51","Virginia","760","Richmond City","37.59088","-77.46925"
"04/04/2022","AQS","517600025","1","0.3","ppm","3","Bryan Park","24","100.0000","42101","Carbon monoxide","093","40060","Richmond, VA","51","Virginia","760","Richmond City","37.59088","-77.46925"
"04/05/2022","AQS","517600025","1","0.5","ppm","6","Bryan Park","24","100.0000","42101","Carbon monoxide","093","40060","Richmond, VA","51","Virginia","760","Richmond City","37.59088","-77.46925"
"04/06/2022","AQS","517600025","1","0.4","ppm","5","Bryan Park","24","100.0000","42101","Carbon monoxide","093","40060","Richmond, VA","51","Virginia","760","Richmond City","37.59088","-77.46925"
"04/07/2022","AQS","517600025","1","0.4","ppm","5","Bryan Park","24","100.0000","42101","Carbon monoxide","093","40060","Richmond, VA","51","Virginia","760","Richmond City","37.59088","-77.46925"
"04/08/2022","AQS","517600025","1","0.3","ppm","3","Bryan Park","24","100.0000","42101","Carbon monoxide","093","40060","Richmond, VA","51","Virginia","760","Richmond City","37.59088","-77.46925"
"04/09/2022","AQS","517600025","1","0.3","ppm","3","Bryan Park","24","100.0000","42101","Carbon monoxide","093","40060","Richmond, VA","51","Virginia","760","Richmond City","37.59088","-77.46925"
"04/10/2022","AQS","517600025","1","0.3","ppm","3","Bryan Park","24","100.0000","42101","Carbon monoxide","093","40060","Richmond, VA","51","Virginia","760","Richmond City","37.59088","-77.46925"
"04/11/2022","AQS","517600025","1","0.5","ppm","6","Bryan Park","24","100.0000","42101","Carbon monoxide","093","40060","Richmond, VA","51","Virginia","760","Richmond City","37.59088","-77.46925"
"04/12/2022","AQS","517600025","1","0.4","ppm","5","Bryan Park","24","100.0000","42101","Carbon monoxide","093","40060","Richmond, VA","51","Virginia","760","Richmond City","37.59088","-77.46925"
"04/13/2022","AQS","517600025","1","0.4","ppm","5","Bryan Park","24","100.0000","42101","Carbon monoxide","093","40060","Richmond, VA","51","Virginia","760","Richmond City","37.59088","-77.46925"
"04/14/2022","AQS","517600025","1","0.3","ppm","3","Bryan Park","24","100.0000","42101","Carbon monoxide","093","40060","Richmond, VA","51","Virginia","760","Richmond City","37.59088","-77.46925"
"04/15/2022","AQS","517600025","1","0.3","ppm","3","Bryan Park","24","100.0000","42101","Carbon monoxide","093","40060","Richmond, VA","51","Virginia","760","Richmond City","37.59088","-77.46925"
"04/16/2022","AQS","517600025","1","0.3","ppm","3","Bryan Park","24","100.0000","42101","Carbon monoxide","093","40060","Richmond, VA","51","Virginia","760","Richmond City","37.59088","-77.46925"
"04/17/2022","AQS","517600025","1","0.3","ppm","3","Bryan Park","24","100.0000","42101","Carbon monoxide","093","40060","Richmond, VA","51","Virginia","760","Richmond City","37.59088","-77.46925"
"04/18/2022","AQS","517600025","1","0.3","ppm","3","Bryan Park","24","100.0000","42101","Carbon monoxide","093","40060","Richmond, VA","51","Virginia","760","Richmond City","37.59088","-77.46925"
"04/19/2022","AQS","517600025","1","0.2","ppm","2","Bryan Park","24","100.0000","42101","Carbon monoxide","093","40060","Richmond, VA","51","Virginia","760","Richmond City","37.59088","-77.46925"
"04/20/2022","AQS","517600025","1","0.3","ppm","3","Bryan Park","24","100.0000","42101","Carbon monoxide","093","40060","Richmond, VA","51","Virginia","760","Richmond City","37.59088","-77.46925"
"04/21/2022","AQS","517600025","1","0.4","ppm","5","Bryan Park","24","100.0000","42101","Carbon monoxide","093","40060","Richmond, VA","51","Virginia","760","Richmond City","37.59088","-77.46925"
"04/22/2022","AQS","517600025","1","0.4","ppm","5","Bryan Park","24","100.0000","42101","Carbon monoxide","093","40060","Richmond, VA","51","Virginia","760","Richmond City","37.59088","-77.46925"
"04/23/2022","AQS","517600025","1","0.5","ppm","6","Bryan Park","24","100.0000","42101","Carbon monoxide","093","40060","Richmond, VA","51","Virginia","760","Richmond City","37.59088","-77.46925"
"04/24/2022","AQS","517600025","1","0.5","ppm","6","Bryan Park","24","100.0000","42101","Carbon monoxide","093","40060","Richmond, VA","51","Virginia","760","Richmond City","37.59088","-77.46925"
"04/25/2022","AQS","517600025","1","0.4","ppm","5","Bryan Park","24","100.0000","42101","Carbon monoxide","093","40060","Richmond, VA","51","Virginia","760","Richmond City","37.59088","-77.46925"
"04/26/2022","AQS","517600025","1","0.4","ppm","5","Bryan Park","24","100.0000","42101","Carbon monoxide","093","40060","Richmond, VA","51","Virginia","760","Richmond City","37.59088","-77.46925"
"04/27/2022","AQS","517600025","1","0.3","ppm","3","Bryan Park","1","4.0000","42101","Carbon monoxide","093","40060","Richmond, VA","51","Virginia","760","Richmond City","37.59088","-77.46925"
"04/28/2022","AQS","517600025","1","0.2","ppm","2","Bryan Park","7","29.0000","42101","Carbon monoxide","093","40060","Richmond, VA","51","Virginia","760","Richmond City","37.59088","-77.46925"
"04/29/2022","AQS","517600025","1","0.2","ppm","2","Bryan Park","24","100.0000","42101","Carbon monoxide","093","40060","Richmond, VA","51","Virginia","760","Richmond City","37.59088","-77.46925"
"04/30/2022","AQS","517600025","1","0.3","ppm","3","Bryan Park","24","100.0000","42101","Carbon monoxide","093","40060","Richmond, VA","51","Virginia","760","Richmond City","37.59088","-77.46925"
"05/01/2022","AQS","517600025","1","0.2","ppm","2","Bryan Park","24","100.0000","42101","Carbon monoxide","093","40060","Richmond, VA","51","Virginia","760","Richmond City","37.59088","-77.46925"
"05/02/2022","AQS","517600025","1","0.2","ppm","2","Bryan Park","24","100.0000","42101","Carbon monoxide","093","40060","Richmond, VA","51","Virginia","760","Richmond City","37.59088","-77.46925"
"05/03/2022","AQS","517600025","1","0.4","ppm","5","Bryan Park","17","71.0000","42101","Carbon monoxide","093","40060","Richmond, VA","51","Virginia","760","Richmond City","37.59088","-77.46925"
"05/04/2022","AQS","517600025","1","0.3","ppm","3","Bryan Park","24","100.0000","42101","Carbon monoxide","093","40060","Richmond, VA","51","Virginia","760","Richmond City","37.59088","-77.46925"
"05/05/2022","AQS","517600025","1","0.5","ppm","6","Bryan Park","24","100.0000","42101","Carbon monoxide","093","40060","Richmond, VA","51","Virginia","760","Richmond City","37.59088","-77.46925"
"05/06/2022","AQS","517600025","1","0.5","ppm","6","Bryan Park","24","100.0000","42101","Carbon monoxide","093","40060","Richmond, VA","51","Virginia","760","Richmond City","37.59088","-77.46925"
"05/07/2022","AQS","517600025","1","0.4","ppm","5","Bryan Park","24","100.0000","42101","Carbon monoxide","093","40060","Richmond, VA","51","Virginia","760","Richmond City","37.59088","-77.46925"
"05/08/2022","AQS","517600025","1","0.3","ppm","3","Bryan Park","24","100.0000","42101","Carbon monoxide","093","40060","Richmond, VA","51","Virginia","760","Richmond City","37.59088","-77.46925"
"05/09/2022","AQS","517600025","1","0.3","ppm","3","Bryan Park","24","100.0000","42101","Carbon monoxide","093","40060","Richmond, VA","51","Virginia","760","Richmond City","37.59088","-77.46925"
"05/10/2022","AQS","517600025","1","0.3","ppm","3","Bryan Park","24","100.0000","42101","Carbon monoxide","093","40060","Richmond, VA","51","Virginia","760","Richmond City","37.59088","-77.46925"
"05/11/2022","AQS","517600025","1","0.3","ppm","3","Bryan Park","24","100.0000","42101","Carbon monoxide","093","40060","Richmond, VA","51","Virginia","760","Richmond City","37.59088","-77.46925"
"05/12/2022","AQS","517600025","1","0.3","ppm","3","Bryan Park","24","100.0000","42101","Carbon monoxide","093","40060","Richmond, VA","51","Virginia","760","Richmond City","37.59088","-77.46925"
"05/13/2022","AQS","517600025","1","0.3","ppm","3","Bryan Park","24","100.0000","42101","Carbon monoxide","093","40060","Richmond, VA","51","Virginia","760","Richmond City","37.59088","-77.46925"
"05/14/2022","AQS","517600025","1","0.4","ppm","5","Bryan Park","24","100.0000","42101","Carbon monoxide","093","40060","Richmond, VA","51","Virginia","760","Richmond City","37.59088","-77.46925"
"05/15/2022","AQS","517600025","1","0.5","ppm","6","Bryan Park","24","100.0000","42101","Carbon monoxide","093","40060","Richmond, VA","51","Virginia","760","Richmond City","37.59088","-77.46925"
"05/16/2022","AQS","517600025","1","0.4","ppm","5","Bryan Park","24","100.0000","42101","Carbon monoxide","093","40060","Richmond, VA","51","Virginia","760","Richmond City","37.59088","-77.46925"
"05/17/2022","AQS","517600025","1","0.2","ppm","2","Bryan Park","24","100.0000","42101","Carbon monoxide","093","40060","Richmond, VA","51","Virginia","760","Richmond City","37.59088","-77.46925"
"05/18/2022","AQS","517600025","1","0.5","ppm","6","Bryan Park","24","100.0000","42101","Carbon monoxide","093","40060","Richmond, VA","51","Virginia","760","Richmond City","37.59088","-77.46925"
"05/19/2022","AQS","517600025","1","0.4","ppm","5","Bryan Park","24","100.0000","42101","Carbon monoxide","093","40060","Richmond, VA","51","Virginia","760","Richmond City","37.59088","-77.46925"
"05/20/2022","AQS","517600025","1","0.5","ppm","6","Bryan Park","24","100.0000","42101","Carbon monoxide","093","40060","Richmond, VA","51","Virginia","760","Richmond City","37.59088","-77.46925"
"05/21/2022","AQS","517600025","1","0.4","ppm","5","Bryan Park","24","100.0000","42101","Carbon monoxide","093","40060","Richmond, VA","51","Virginia","760","Richmond City","37.59088","-77.46925"
"05/22/2022","AQS","517600025","1","0.3","ppm","3","Bryan Park","24","100.0000","42101","Carbon monoxide","093","40060","Richmond, VA","51","Virginia","760","Richmond City","37.59088","-77.46925"
"05/23/2022","AQS","517600025","1","0.3","ppm","3","Bryan Park","24","100.0000","42101","Carbon monoxide","093","40060","Richmond, VA","51","Virginia","760","Richmond City","37.59088","-77.46925"
"05/24/2022","AQS","517600025","1","0.3","ppm","3","Bryan Park","24","100.0000","42101","Carbon monoxide","093","40060","Richmond, VA","51","Virginia","760","Richmond City","37.59088","-77.46925"
"05/25/2022","AQS","517600025","1","0.3","ppm","3","Bryan Park","24","100.0000","42101","Carbon monoxide","093","40060","Richmond, VA","51","Virginia","760","Richmond City","37.59088","-77.46925"
"05/26/2022","AQS","517600025","1","0.4","ppm","5","Bryan Park","24","100.0000","42101","Carbon monoxide","093","40060","Richmond, VA","51","Virginia","760","Richmond City","37.59088","-77.46925"
"05/27/2022","AQS","517600025","1","0.4","ppm","5","Bryan Park","24","100.0000","42101","Carbon monoxide","093","40060","Richmond, VA","51","Virginia","760","Richmond City","37.59088","-77.46925"
"05/28/2022","AQS","517600025","1","0.3","ppm","3","Bryan Park","24","100.0000","42101","Carbon monoxide","093","40060","Richmond, VA","51","Virginia","760","Richmond City","37.59088","-77.46925"
"05/29/2022","AQS","517600025","1","0.5","ppm","6","Bryan Park","24","100.0000","42101","Carbon monoxide","093","40060","Richmond, VA","51","Virginia","760","Richmond City","37.59088","-77.46925"
"05/30/2022","AQS","517600025","1","0.3","ppm","3","Bryan Park","24","100.0000","42101","Carbon monoxide","093","40060","Richmond, VA","51","Virginia","760","Richmond City","37.59088","-77.46925"
"05/31/2022","AQS","517600025","1","0.3","ppm","3","Bryan Park","24","100.0000","42101","Carbon monoxide","093","40060","Richmond, VA","51","Virginia","760","Richmond City","37.59088","-77.46925"
"06/01/2022","AQS","517600025","1","0.3","ppm","3","Bryan Park","24","100.0000","42101","Carbon monoxide","093","40060","Richmond, VA","51","Virginia","760","Richmond City","37.59088","-77.46925"
"06/02/2022","AQS","517600025","1","0.3","ppm","3","Bryan Park","24","100.0000","42101","Carbon monoxide","093","40060","Richmond, VA","51","Virginia","760","Richmond City","37.59088","-77.46925"
"06/03/2022","AQS","517600025","1","0.3","ppm","3","Bryan Park","24","100.0000","42101","Carbon monoxide","093","40060","Richmond, VA","51","Virginia","760","Richmond City","37.59088","-77.46925"
"06/04/2022","AQS","517600025","1","0.3","ppm","3","Bryan Park","24","100.0000","42101","Carbon monoxide","093","40060","Richmond, VA","51","Virginia","760","Richmond City","37.59088","-77.46925"
"06/05/2022","AQS","517600025","1","0.3","ppm","3","Bryan Park","24","100.0000","42101","Carbon monoxide","093","40060","Richmond, VA","51","Virginia","760","Richmond City","37.59088","-77.46925"
"06/06/2022","AQS","517600025","1","0.3","ppm","3","Bryan Park","24","100.0000","42101","Carbon monoxide","093","40060","Richmond, VA","51","Virginia","760","Richmond City","37.59088","-77.46925"
"06/07/2022","AQS","517600025","1","0.4","ppm","5","Bryan Park","24","100.0000","42101","Carbon monoxide","093","40060","Richmond, VA","51","Virginia","760","Richmond City","37.59088","-77.46925"
"06/08/2022","AQS","517600025","1","0.3","ppm","3","Bryan Park","24","100.0000","42101","Carbon monoxide","093","40060","Richmond, VA","51","Virginia","760","Richmond City","37.59088","-77.46925"
"06/09/2022","AQS","517600025","1","0.2","ppm","2","Bryan Park","24","100.0000","42101","Carbon monoxide","093","40060","Richmond, VA","51","Virginia","760","Richmond City","37.59088","-77.46925"
"06/10/2022","AQS","517600025","1","0.3","ppm","3","Bryan Park","24","100.0000","42101","Carbon monoxide","093","40060","Richmond, VA","51","Virginia","760","Richmond City","37.59088","-77.46925"
"06/11/2022","AQS","517600025","1","0.3","ppm","3","Bryan Park","24","100.0000","42101","Carbon monoxide","093","40060","Richmond, VA","51","Virginia","760","Richmond City","37.59088","-77.46925"
"06/12/2022","AQS","517600025","1","0.4","ppm","5","Bryan Park","24","100.0000","42101","Carbon monoxide","093","40060","Richmond, VA","51","Virginia","760","Richmond City","37.59088","-77.46925"
"06/13/2022","AQS","517600025","1","0.4","ppm","5","Bryan Park","24","100.0000","42101","Carbon monoxide","093","40060","Richmond, VA","51","Virginia","760","Richmond City","37.59088","-77.46925"
"06/14/2022","AQS","517600025","1","0.4","ppm","5","Bryan Park","24","100.0000","42101","Carbon monoxide","093","40060","Richmond, VA","51","Virginia","760","Richmond City","37.59088","-77.46925"
"06/15/2022","AQS","517600025","1","0.4","ppm","5","Bryan Park","24","100.0000","42101","Carbon monoxide","093","40060","Richmond, VA","51","Virginia","760","Richmond City","37.59088","-77.46925"
"06/16/2022","AQS","517600025","1","0.4","ppm","5","Bryan Park","24","100.0000","42101","Carbon monoxide","093","40060","Richmond, VA","51","Virginia","760","Richmond City","37.59088","-77.46925"
"06/17/2022","AQS","517600025","1","0.3","ppm","3","Bryan Park","24","100.0000","42101","Carbon monoxide","093","40060","Richmond, VA","51","Virginia","760","Richmond City","37.59088","-77.46925"
"06/18/2022","AQS","517600025","1","0.2","ppm","2","Bryan Park","24","100.0000","42101","Carbon monoxide","093","40060","Richmond, VA","51","Virginia","760","Richmond City","37.59088","-77.46925"
"06/19/2022","AQS","517600025","1","0.2","ppm","2","Bryan Park","24","100.0000","42101","Carbon monoxide","093","40060","Richmond, VA","51","Virginia","760","Richmond City","37.59088","-77.46925"
"06/20/2022","AQS","517600025","1","0.3","ppm","3","Bryan Park","24","100.0000","42101","Carbon monoxide","093","40060","Richmond, VA","51","Virginia","760","Richmond City","37.59088","-77.46925"
"06/21/2022","AQS","517600025","1","0.3","ppm","3","Bryan Park","24","100.0000","42101","Carbon monoxide","093","40060","Richmond, VA","51","Virginia","760","Richmond City","37.59088","-77.46925"
"06/22/2022","AQS","517600025","1","0.4","ppm","5","Bryan Park","24","100.0000","42101","Carbon monoxide","093","40060","Richmond, VA","51","Virginia","760","Richmond City","37.59088","-77.46925"
"06/23/2022","AQS","517600025","1","0.4","ppm","5","Bryan Park","24","100.0000","42101","Carbon monoxide","093","40060","Richmond, VA","51","Virginia","760","Richmond City","37.59088","-77.46925"
"06/24/2022","AQS","517600025","1","0.5","ppm","6","Bryan Park","24","100.0000","42101","Carbon monoxide","093","40060","Richmond, VA","51","Virginia","760","Richmond City","37.59088","-77.46925"
"06/25/2022","AQS","517600025","1","0.4","ppm","5","Bryan Park","24","100.0000","42101","Carbon monoxide","093","40060","Richmond, VA","51","Virginia","760","Richmond City","37.59088","-77.46925"
"06/26/2022","AQS","517600025","1","0.4","ppm","5","Bryan Park","24","100.0000","42101","Carbon monoxide","093","40060","Richmond, VA","51","Virginia","760","Richmond City","37.59088","-77.46925"
"06/27/2022","AQS","517600025","1","0.4","ppm","5","Bryan Park","24","100.0000","42101","Carbon monoxide","093","40060","Richmond, VA","51","Virginia","760","Richmond City","37.59088","-77.46925"
"06/28/2022","AQS","517600025","1","0.3","ppm","3","Bryan Park","24","100.0000","42101","Carbon monoxide","093","40060","Richmond, VA","51","Virginia","760","Richmond City","37.59088","-77.46925"
"06/29/2022","AQS","517600025","1","0.4","ppm","5","Bryan Park","24","100.0000","42101","Carbon monoxide","093","40060","Richmond, VA","51","Virginia","760","Richmond City","37.59088","-77.46925"
"06/30/2022","AQS","517600025","1","0.5","ppm","6","Bryan Park","24","100.0000","42101","Carbon monoxide","093","40060","Richmond, VA","51","Virginia","760","Richmond City","37.59088","-77.46925"
"07/01/2022","AQS","517600025","1","0.5","ppm","6","Bryan Park","24","100.0000","42101","Carbon monoxide","093","40060","Richmond, VA","51","Virginia","760","Richmond City","37.59088","-77.46925"
"07/02/2022","AQS","517600025","1","0.3","ppm","3","Bryan Park","24","100.0000","42101","Carbon monoxide","093","40060","Richmond, VA","51","Virginia","760","Richmond City","37.59088","-77.46925"
"07/03/2022","AQS","517600025","1","0.3","ppm","3","Bryan Park","24","100.0000","42101","Carbon monoxide","093","40060","Richmond, VA","51","Virginia","760","Richmond City","37.59088","-77.46925"
"07/04/2022","AQS","517600025","1","0.4","ppm","5","Bryan Park","24","100.0000","42101","Carbon monoxide","093","40060","Richmond, VA","51","Virginia","760","Richmond City","37.59088","-77.46925"
"07/05/2022","AQS","517600025","1","0.4","ppm","5","Bryan Park","24","100.0000","42101","Carbon monoxide","093","40060","Richmond, VA","51","Virginia","760","Richmond City","37.59088","-77.46925"
"07/06/2022","AQS","517600025","1","0.3","ppm","3","Bryan Park","24","100.0000","42101","Carbon monoxide","093","40060","Richmond, VA","51","Virginia","760","Richmond City","37.59088","-77.46925"
"07/07/2022","AQS","517600025","1","0.4","ppm","5","Bryan Park","24","100.0000","42101","Carbon monoxide","093","40060","Richmond, VA","51","Virginia","760","Richmond City","37.59088","-77.46925"
"07/08/2022","AQS","517600025","1","0.4","ppm","5","Bryan Park","24","100.0000","42101","Carbon monoxide","093","40060","Richmond, VA","51","Virginia","760","Richmond City","37.59088","-77.46925"
"07/09/2022","AQS","517600025","1","0.4","ppm","5","Bryan Park","24","100.0000","42101","Carbon monoxide","093","40060","Richmond, VA","51","Virginia","760","Richmond City","37.59088","-77.46925"
"07/10/2022","AQS","517600025","1","0.4","ppm","5","Bryan Park","24","100.0000","42101","Carbon monoxide","093","40060","Richmond, VA","51","Virginia","760","Richmond City","37.59088","-77.46925"
"07/11/2022","AQS","517600025","1","0.3","ppm","3","Bryan Park","24","100.0000","42101","Carbon monoxide","093","40060","Richmond, VA","51","Virginia","760","Richmond City","37.59088","-77.46925"
"07/12/2022","AQS","517600025","1","0.4","ppm","5","Bryan Park","24","100.0000","42101","Carbon monoxide","093","40060","Richmond, VA","51","Virginia","760","Richmond City","37.59088","-77.46925"
"07/13/2022","AQS","517600025","1","0.3","ppm","3","Bryan Park","24","100.0000","42101","Carbon monoxide","093","40060","Richmond, VA","51","Virginia","760","Richmond City","37.59088","-77.46925"
"07/14/2022","AQS","517600025","1","0.3","ppm","3","Bryan Park","24","100.0000","42101","Carbon monoxide","093","40060","Richmond, VA","51","Virginia","760","Richmond City","37.59088","-77.46925"
"07/15/2022","AQS","517600025","1","0.4","ppm","5","Bryan Park","24","100.0000","42101","Carbon monoxide","093","40060","Richmond, VA","51","Virginia","760","Richmond City","37.59088","-77.46925"
"07/16/2022","AQS","517600025","1","0.4","ppm","5","Bryan Park","24","100.0000","42101","Carbon monoxide","093","40060","Richmond, VA","51","Virginia","760","Richmond City","37.59088","-77.46925"
"07/17/2022","AQS","517600025","1","0.4","ppm","5","Bryan Park","24","100.0000","42101","Carbon monoxide","093","40060","Richmond, VA","51","Virginia","760","Richmond City","37.59088","-77.46925"
"07/18/2022","AQS","517600025","1","0.4","ppm","5","Bryan Park","24","100.0000","42101","Carbon monoxide","093","40060","Richmond, VA","51","Virginia","760","Richmond City","37.59088","-77.46925"
"07/19/2022","AQS","517600025","1","0.3","ppm","3","Bryan Park","24","100.0000","42101","Carbon monoxide","093","40060","Richmond, VA","51","Virginia","760","Richmond City","37.59088","-77.46925"
"07/20/2022","AQS","517600025","1","0.4","ppm","5","Bryan Park","24","100.0000","42101","Carbon monoxide","093","40060","Richmond, VA","51","Virginia","760","Richmond City","37.59088","-77.46925"
"07/21/2022","AQS","517600025","1","0.4","ppm","5","Bryan Park","24","100.0000","42101","Carbon monoxide","093","40060","Richmond, VA","51","Virginia","760","Richmond City","37.59088","-77.46925"
"07/22/2022","AQS","517600025","1","0.4","ppm","5","Bryan Park","24","100.0000","42101","Carbon monoxide","093","40060","Richmond, VA","51","Virginia","760","Richmond City","37.59088","-77.46925"
"07/23/2022","AQS","517600025","1","0.4","ppm","5","Bryan Park","24","100.0000","42101","Carbon monoxide","093","40060","Richmond, VA","51","Virginia","760","Richmond City","37.59088","-77.46925"
"07/24/2022","AQS","517600025","1","0.4","ppm","5","Bryan Park","24","100.0000","42101","Carbon monoxide","093","40060","Richmond, VA","51","Virginia","760","Richmond City","37.59088","-77.46925"
"07/25/2022","AQS","517600025","1","0.4","ppm","5","Bryan Park","24","100.0000","42101","Carbon monoxide","093","40060","Richmond, VA","51","Virginia","760","Richmond City","37.59088","-77.46925"
"07/26/2022","AQS","517600025","1","0.4","ppm","5","Bryan Park","24","100.0000","42101","Carbon monoxide","093","40060","Richmond, VA","51","Virginia","760","Richmond City","37.59088","-77.46925"
"07/27/2022","AQS","517600025","1","0.4","ppm","5","Bryan Park","24","100.0000","42101","Carbon monoxide","093","40060","Richmond, VA","51","Virginia","760","Richmond City","37.59088","-77.46925"
"07/28/2022","AQS","517600025","1","0.3","ppm","3","Bryan Park","24","100.0000","42101","Carbon monoxide","093","40060","Richmond, VA","51","Virginia","760","Richmond City","37.59088","-77.46925"
"07/29/2022","AQS","517600025","1","0.4","ppm","5","Bryan Park","24","100.0000","42101","Carbon monoxide","093","40060","Richmond, VA","51","Virginia","760","Richmond City","37.59088","-77.46925"
"07/30/2022","AQS","517600025","1","0.4","ppm","5","Bryan Park","24","100.0000","42101","Carbon monoxide","093","40060","Richmond, VA","51","Virginia","760","Richmond City","37.59088","-77.46925"
"07/31/2022","AQS","517600025","1","0.4","ppm","5","Bryan Park","24","100.0000","42101","Carbon monoxide","093","40060","Richmond, VA","51","Virginia","760","Richmond City","37.59088","-77.46925"
"08/01/2022","AQS","517600025","1","0.4","ppm","5","Bryan Park","24","100.0000","42101","Carbon monoxide","093","40060","Richmond, VA","51","Virginia","760","Richmond City","37.59088","-77.46925"
"08/02/2022","AQS","517600025","1","0.4","ppm","5","Bryan Park","24","100.0000","42101","Carbon monoxide","093","40060","Richmond, VA","51","Virginia","760","Richmond City","37.59088","-77.46925"
"08/03/2022","AQS","517600025","1","0.4","ppm","5","Bryan Park","24","100.0000","42101","Carbon monoxide","093","40060","Richmond, VA","51","Virginia","760","Richmond City","37.59088","-77.46925"
"08/04/2022","AQS","517600025","1","0.4","ppm","5","Bryan Park","24","100.0000","42101","Carbon monoxide","093","40060","Richmond, VA","51","Virginia","760","Richmond City","37.59088","-77.46925"
"08/05/2022","AQS","517600025","1","0.4","ppm","5","Bryan Park","24","100.0000","42101","Carbon monoxide","093","40060","Richmond, VA","51","Virginia","760","Richmond City","37.59088","-77.46925"
"08/06/2022","AQS","517600025","1","0.4","ppm","5","Bryan Park","24","100.0000","42101","Carbon monoxide","093","40060","Richmond, VA","51","Virginia","760","Richmond City","37.59088","-77.46925"
"08/07/2022","AQS","517600025","1","0.4","ppm","5","Bryan Park","24","100.0000","42101","Carbon monoxide","093","40060","Richmond, VA","51","Virginia","760","Richmond City","37.59088","-77.46925"
"08/08/2022","AQS","517600025","1","0.4","ppm","5","Bryan Park","24","100.0000","42101","Carbon monoxide","093","40060","Richmond, VA","51","Virginia","760","Richmond City","37.59088","-77.46925"
"08/09/2022","AQS","517600025","1","0.3","ppm","3","Bryan Park","24","100.0000","42101","Carbon monoxide","093","40060","Richmond, VA","51","Virginia","760","Richmond City","37.59088","-77.46925"
"08/10/2022","AQS","517600025","1","0.4","ppm","5","Bryan Park","18","75.0000","42101","Carbon monoxide","093","40060","Richmond, VA","51","Virginia","760","Richmond City","37.59088","-77.46925"
"08/11/2022","AQS","517600025","1","0.3","ppm","3","Bryan Park","24","100.0000","42101","Carbon monoxide","093","40060","Richmond, VA","51","Virginia","760","Richmond City","37.59088","-77.46925"
"08/12/2022","AQS","517600025","1","0.3","ppm","3","Bryan Park","24","100.0000","42101","Carbon monoxide","093","40060","Richmond, VA","51","Virginia","760","Richmond City","37.59088","-77.46925"
"08/13/2022","AQS","517600025","1","0.3","ppm","3","Bryan Park","24","100.0000","42101","Carbon monoxide","093","40060","Richmond, VA","51","Virginia","760","Richmond City","37.59088","-77.46925"
"08/14/2022","AQS","517600025","1","0.5","ppm","6","Bryan Park","24","100.0000","42101","Carbon monoxide","093","40060","Richmond, VA","51","Virginia","760","Richmond City","37.59088","-77.46925"
"08/15/2022","AQS","517600025","1","0.4","ppm","5","Bryan Park","24","100.0000","42101","Carbon monoxide","093","40060","Richmond, VA","51","Virginia","760","Richmond City","37.59088","-77.46925"
"08/16/2022","AQS","517600025","1","0.3","ppm","3","Bryan Park","24","100.0000","42101","Carbon monoxide","093","40060","Richmond, VA","51","Virginia","760","Richmond City","37.59088","-77.46925"
"08/17/2022","AQS","517600025","1","0.4","ppm","5","Bryan Park","24","100.0000","42101","Carbon monoxide","093","40060","Richmond, VA","51","Virginia","760","Richmond City","37.59088","-77.46925"
"08/18/2022","AQS","517600025","1","0.3","ppm","3","Bryan Park","24","100.0000","42101","Carbon monoxide","093","40060","Richmond, VA","51","Virginia","760","Richmond City","37.59088","-77.46925"
"08/19/2022","AQS","517600025","1","0.4","ppm","5","Bryan Park","24","100.0000","42101","Carbon monoxide","093","40060","Richmond, VA","51","Virginia","760","Richmond City","37.59088","-77.46925"
"08/20/2022","AQS","517600025","1","0.3","ppm","3","Bryan Park","24","100.0000","42101","Carbon monoxide","093","40060","Richmond, VA","51","Virginia","760","Richmond City","37.59088","-77.46925"
"08/21/2022","AQS","517600025","1","0.4","ppm","5","Bryan Park","24","100.0000","42101","Carbon monoxide","093","40060","Richmond, VA","51","Virginia","760","Richmond City","37.59088","-77.46925"
"08/22/2022","AQS","517600025","1","0.3","ppm","3","Bryan Park","24","100.0000","42101","Carbon monoxide","093","40060","Richmond, VA","51","Virginia","760","Richmond City","37.59088","-77.46925"
"08/23/2022","AQS","517600025","1","0.2","ppm","2","Bryan Park","24","100.0000","42101","Carbon monoxide","093","40060","Richmond, VA","51","Virginia","760","Richmond City","37.59088","-77.46925"
"08/24/2022","AQS","517600025","1","0.4","ppm","5","Bryan Park","24","100.0000","42101","Carbon monoxide","093","40060","Richmond, VA","51","Virginia","760","Richmond City","37.59088","-77.46925"
"08/25/2022","AQS","517600025","1","0.3","ppm","3","Bryan Park","24","100.0000","42101","Carbon monoxide","093","40060","Richmond, VA","51","Virginia","760","Richmond City","37.59088","-77.46925"
"08/26/2022","AQS","517600025","1","0.4","ppm","5","Bryan Park","24","100.0000","42101","Carbon monoxide","093","40060","Richmond, VA","51","Virginia","760","Richmond City","37.59088","-77.46925"
"08/27/2022","AQS","517600025","1","0.4","ppm","5","Bryan Park","24","100.0000","42101","Carbon monoxide","093","40060","Richmond, VA","51","Virginia","760","Richmond City","37.59088","-77.46925"
"08/28/2022","AQS","517600025","1","0.4","ppm","5","Bryan Park","24","100.0000","42101","Carbon monoxide","093","40060","Richmond, VA","51","Virginia","760","Richmond City","37.59088","-77.46925"
"08/29/2022","AQS","517600025","1","0.5","ppm","6","Bryan Park","24","100.0000","42101","Carbon monoxide","093","40060","Richmond, VA","51","Virginia","760","Richmond City","37.59088","-77.46925"
"08/30/2022","AQS","517600025","1","0.4","ppm","5","Bryan Park","24","100.0000","42101","Carbon monoxide","093","40060","Richmond, VA","51","Virginia","760","Richmond City","37.59088","-77.46925"
"08/31/2022","AQS","517600025","1","0.4","ppm","5","Bryan Park","24","100.0000","42101","Carbon monoxide","093","40060","Richmond, VA","51","Virginia","760","Richmond City","37.59088","-77.46925"
"09/01/2022","AQS","517600025","1","0.4","ppm","5","Bryan Park","24","100.0000","42101","Carbon monoxide","093","40060","Richmond, VA","51","Virginia","760","Richmond City","37.59088","-77.46925"
"09/02/2022","AQS","517600025","1","0.5","ppm","6","Bryan Park","24","100.0000","42101","Carbon monoxide","093","40060","Richmond, VA","51","Virginia","760","Richmond City","37.59088","-77.46925"
"09/03/2022","AQS","517600025","1","0.4","ppm","5","Bryan Park","24","100.0000","42101","Carbon monoxide","093","40060","Richmond, VA","51","Virginia","760","Richmond City","37.59088","-77.46925"
"09/04/2022","AQS","517600025","1","0.3","ppm","3","Bryan Park","24","100.0000","42101","Carbon monoxide","093","40060","Richmond, VA","51","Virginia","760","Richmond City","37.59088","-77.46925"
"09/05/2022","AQS","517600025","1","0.3","ppm","3","Bryan Park","24","100.0000","42101","Carbon monoxide","093","40060","Richmond, VA","51","Virginia","760","Richmond City","37.59088","-77.46925"
"09/06/2022","AQS","517600025","1","0.3","ppm","3","Bryan Park","24","100.0000","42101","Carbon monoxide","093","40060","Richmond, VA","51","Virginia","760","Richmond City","37.59088","-77.46925"
"09/07/2022","AQS","517600025","1","0.3","ppm","3","Bryan Park","24","100.0000","42101","Carbon monoxide","093","40060","Richmond, VA","51","Virginia","760","Richmond City","37.59088","-77.46925"
"09/08/2022","AQS","517600025","1","0.4","ppm","5","Bryan Park","24","100.0000","42101","Carbon monoxide","093","40060","Richmond, VA","51","Virginia","760","Richmond City","37.59088","-77.46925"
"09/09/2022","AQS","517600025","1","0.3","ppm","3","Bryan Park","24","100.0000","42101","Carbon monoxide","093","40060","Richmond, VA","51","Virginia","760","Richmond City","37.59088","-77.46925"
"09/10/2022","AQS","517600025","1","0.3","ppm","3","Bryan Park","24","100.0000","42101","Carbon monoxide","093","40060","Richmond, VA","51","Virginia","760","Richmond City","37.59088","-77.46925"
"09/11/2022","AQS","517600025","1","0.4","ppm","5","Bryan Park","24","100.0000","42101","Carbon monoxide","093","40060","Richmond, VA","51","Virginia","760","Richmond City","37.59088","-77.46925"
"09/12/2022","AQS","517600025","1","0.4","ppm","5","Bryan Park","24","100.0000","42101","Carbon monoxide","093","40060","Richmond, VA","51","Virginia","760","Richmond City","37.59088","-77.46925"
"09/13/2022","AQS","517600025","1","0.3","ppm","3","Bryan Park","24","100.0000","42101","Carbon monoxide","093","40060","Richmond, VA","51","Virginia","760","Richmond City","37.59088","-77.46925"
"09/14/2022","AQS","517600025","1","0.4","ppm","5","Bryan Park","24","100.0000","42101","Carbon monoxide","093","40060","Richmond, VA","51","Virginia","760","Richmond City","37.59088","-77.46925"
"09/15/2022","AQS","517600025","1","0.4","ppm","5","Bryan Park","24","100.0000","42101","Carbon monoxide","093","40060","Richmond, VA","51","Virginia","760","Richmond City","37.59088","-77.46925"
"09/16/2022","AQS","517600025","1","0.4","ppm","5","Bryan Park","24","100.0000","42101","Carbon monoxide","093","40060","Richmond, VA","51","Virginia","760","Richmond City","37.59088","-77.46925"
"09/17/2022","AQS","517600025","1","0.5","ppm","6","Bryan Park","24","100.0000","42101","Carbon monoxide","093","40060","Richmond, VA","51","Virginia","760","Richmond City","37.59088","-77.46925"
"09/18/2022","AQS","517600025","1","0.3","ppm","3","Bryan Park","24","100.0000","42101","Carbon monoxide","093","40060","Richmond, VA","51","Virginia","760","Richmond City","37.59088","-77.46925"
"09/19/2022","AQS","517600025","1","0.3","ppm","3","Bryan Park","24","100.0000","42101","Carbon monoxide","093","40060","Richmond, VA","51","Virginia","760","Richmond City","37.59088","-77.46925"
"09/20/2022","AQS","517600025","1","0.3","ppm","3","Bryan Park","24","100.0000","42101","Carbon monoxide","093","40060","Richmond, VA","51","Virginia","760","Richmond City","37.59088","-77.46925"
"09/21/2022","AQS","517600025","1","0.4","ppm","5","Bryan Park","24","100.0000","42101","Carbon monoxide","093","40060","Richmond, VA","51","Virginia","760","Richmond City","37.59088","-77.46925"
"09/22/2022","AQS","517600025","1","0.5","ppm","6","Bryan Park","24","100.0000","42101","Carbon monoxide","093","40060","Richmond, VA","51","Virginia","760","Richmond City","37.59088","-77.46925"
"09/23/2022","AQS","517600025","1","0.2","ppm","2","Bryan Park","24","100.0000","42101","Carbon monoxide","093","40060","Richmond, VA","51","Virginia","760","Richmond City","37.59088","-77.46925"
"09/24/2022","AQS","517600025","1","0.3","ppm","3","Bryan Park","24","100.0000","42101","Carbon monoxide","093","40060","Richmond, VA","51","Virginia","760","Richmond City","37.59088","-77.46925"
"09/25/2022","AQS","517600025","1","0.3","ppm","3","Bryan Park","24","100.0000","42101","Carbon monoxide","093","40060","Richmond, VA","51","Virginia","760","Richmond City","37.59088","-77.46925"
"09/26/2022","AQS","517600025","1","0.3","ppm","3","Bryan Park","23","96.0000","42101","Carbon monoxide","093","40060","Richmond, VA","51","Virginia","760","Richmond City","37.59088","-77.46925"
"09/27/2022","AQS","517600025","1","0.2","ppm","2","Bryan Park","24","100.0000","42101","Carbon monoxide","093","40060","Richmond, VA","51","Virginia","760","Richmond City","37.59088","-77.46925"
"09/28/2022","AQS","517600025","1","0.2","ppm","2","Bryan Park","24","100.0000","42101","Carbon monoxide","093","40060","Richmond, VA","51","Virginia","760","Richmond City","37.59088","-77.46925"
"09/29/2022","AQS","517600025","1","0.3","ppm","3","Bryan Park","24","100.0000","42101","Carbon monoxide","093","40060","Richmond, VA","51","Virginia","760","Richmond City","37.59088","-77.46925"
"09/30/2022","AQS","517600025","1","0.3","ppm","3","Bryan Park","24","100.0000","42101","Carbon monoxide","093","40060","Richmond, VA","51","Virginia","760","Richmond City","37.59088","-77.46925"
"10/01/2022","AQS","517600025","1","0.3","ppm","3","Bryan Park","24","100.0000","42101","Carbon monoxide","093","40060","Richmond, VA","51","Virginia","760","Richmond City","37.59088","-77.46925"
"10/02/2022","AQS","517600025","1","0.3","ppm","3","Bryan Park","24","100.0000","42101","Carbon monoxide","093","40060","Richmond, VA","51","Virginia","760","Richmond City","37.59088","-77.46925"
"10/03/2022","AQS","517600025","1","0.2","ppm","2","Bryan Park","24","100.0000","42101","Carbon monoxide","093","40060","Richmond, VA","51","Virginia","760","Richmond City","37.59088","-77.46925"
"10/04/2022","AQS","517600025","1","0.2","ppm","2","Bryan Park","24","100.0000","42101","Carbon monoxide","093","40060","Richmond, VA","51","Virginia","760","Richmond City","37.59088","-77.46925"
"10/05/2022","AQS","517600025","1","0.3","ppm","3","Bryan Park","24","100.0000","42101","Carbon monoxide","093","40060","Richmond, VA","51","Virginia","760","Richmond City","37.59088","-77.46925"
"10/06/2022","AQS","517600025","1","0.6","ppm","7","Bryan Park","24","100.0000","42101","Carbon monoxide","093","40060","Richmond, VA","51","Virginia","760","Richmond City","37.59088","-77.46925"
"10/07/2022","AQS","517600025","1","0.9","ppm","10","Bryan Park","24","100.0000","42101","Carbon monoxide","093","40060","Richmond, VA","51","Virginia","760","Richmond City","37.59088","-77.46925"
"10/08/2022","AQS","517600025","1","0.3","ppm","3","Bryan Park","24","100.0000","42101","Carbon monoxide","093","40060","Richmond, VA","51","Virginia","760","Richmond City","37.59088","-77.46925"
"10/09/2022","AQS","517600025","1","0.5","ppm","6","Bryan Park","24","100.0000","42101","Carbon monoxide","093","40060","Richmond, VA","51","Virginia","760","Richmond City","37.59088","-77.46925"
"10/10/2022","AQS","517600025","1","0.7","ppm","8","Bryan Park","24","100.0000","42101","Carbon monoxide","093","40060","Richmond, VA","51","Virginia","760","Richmond City","37.59088","-77.46925"
"10/11/2022","AQS","517600025","1","0.5","ppm","6","Bryan Park","24","100.0000","42101","Carbon monoxide","093","40060","Richmond, VA","51","Virginia","760","Richmond City","37.59088","-77.46925"
"10/12/2022","AQS","517600025","1","0.4","ppm","5","Bryan Park","24","100.0000","42101","Carbon monoxide","093","40060","Richmond, VA","51","Virginia","760","Richmond City","37.59088","-77.46925"
"10/13/2022","AQS","517600025","1","0.5","ppm","6","Bryan Park","24","100.0000","42101","Carbon monoxide","093","40060","Richmond, VA","51","Virginia","760","Richmond City","37.59088","-77.46925"
"10/14/2022","AQS","517600025","1","0.5","ppm","6","Bryan Park","24","100.0000","42101","Carbon monoxide","093","40060","Richmond, VA","51","Virginia","760","Richmond City","37.59088","-77.46925"
"10/15/2022","AQS","517600025","1","0.5","ppm","6","Bryan Park","24","100.0000","42101","Carbon monoxide","093","40060","Richmond, VA","51","Virginia","760","Richmond City","37.59088","-77.46925"
"10/16/2022","AQS","517600025","1","0.4","ppm","5","Bryan Park","24","100.0000","42101","Carbon monoxide","093","40060","Richmond, VA","51","Virginia","760","Richmond City","37.59088","-77.46925"
"10/17/2022","AQS","517600025","1","0.4","ppm","5","Bryan Park","24","100.0000","42101","Carbon monoxide","093","40060","Richmond, VA","51","Virginia","760","Richmond City","37.59088","-77.46925"
"10/18/2022","AQS","517600025","1","0.3","ppm","3","Bryan Park","24","100.0000","42101","Carbon monoxide","093","40060","Richmond, VA","51","Virginia","760","Richmond City","37.59088","-77.46925"
"10/19/2022","AQS","517600025","1","0.2","ppm","2","Bryan Park","24","100.0000","42101","Carbon monoxide","093","40060","Richmond, VA","51","Virginia","760","Richmond City","37.59088","-77.46925"
"10/20/2022","AQS","517600025","1","0.3","ppm","3","Bryan Park","24","100.0000","42101","Carbon monoxide","093","40060","Richmond, VA","51","Virginia","760","Richmond City","37.59088","-77.46925"
"10/21/2022","AQS","517600025","1","0.4","ppm","5","Bryan Park","24","100.0000","42101","Carbon monoxide","093","40060","Richmond, VA","51","Virginia","760","Richmond City","37.59088","-77.46925"
"10/22/2022","AQS","517600025","1","0.4","ppm","5","Bryan Park","24","100.0000","42101","Carbon monoxide","093","40060","Richmond, VA","51","Virginia","760","Richmond City","37.59088","-77.46925"
"10/23/2022","AQS","517600025","1","0.4","ppm","5","Bryan Park","24","100.0000","42101","Carbon monoxide","093","40060","Richmond, VA","51","Virginia","760","Richmond City","37.59088","-77.46925"
"10/24/2022","AQS","517600025","1","0.3","ppm","3","Bryan Park","24","100.0000","42101","Carbon monoxide","093","40060","Richmond, VA","51","Virginia","760","Richmond City","37.59088","-77.46925"
"10/25/2022","AQS","517600025","1","0.4","ppm","5","Bryan Park","24","100.0000","42101","Carbon monoxide","093","40060","Richmond, VA","51","Virginia","760","Richmond City","37.59088","-77.46925"
"10/26/2022","AQS","517600025","1","0.3","ppm","3","Bryan Park","24","100.0000","42101","Carbon monoxide","093","40060","Richmond, VA","51","Virginia","760","Richmond City","37.59088","-77.46925"
"10/27/2022","AQS","517600025","1","0.3","ppm","3","Bryan Park","24","100.0000","42101","Carbon monoxide","093","40060","Richmond, VA","51","Virginia","760","Richmond City","37.59088","-77.46925"
"10/28/2022","AQS","517600025","1","0.3","ppm","3","Bryan Park","24","100.0000","42101","Carbon monoxide","093","40060","Richmond, VA","51","Virginia","760","Richmond City","37.59088","-77.46925"
"10/29/2022","AQS","517600025","1","0.3","ppm","3","Bryan Park","24","100.0000","42101","Carbon monoxide","093","40060","Richmond, VA","51","Virginia","760","Richmond City","37.59088","-77.46925"
"10/30/2022","AQS","517600025","1","0.4","ppm","5","Bryan Park","24","100.0000","42101","Carbon monoxide","093","40060","Richmond, VA","51","Virginia","760","Richmond City","37.59088","-77.46925"
"10/31/2022","AQS","517600025","1","0.5","ppm","6","Bryan Park","24","100.0000","42101","Carbon monoxide","093","40060","Richmond, VA","51","Virginia","760","Richmond City","37.59088","-77.46925"
"11/01/2022","AQS","517600025","1","0.4","ppm","5","Bryan Park","24","100.0000","42101","Carbon monoxide","093","40060","Richmond, VA","51","Virginia","760","Richmond City","37.59088","-77.46925"
"11/02/2022","AQS","517600025","1","0.4","ppm","5","Bryan Park","24","100.0000","42101","Carbon monoxide","093","40060","Richmond, VA","51","Virginia","760","Richmond City","37.59088","-77.46925"
"11/03/2022","AQS","517600025","1","0.4","ppm","5","Bryan Park","24","100.0000","42101","Carbon monoxide","093","40060","Richmond, VA","51","Virginia","760","Richmond City","37.59088","-77.46925"
"11/04/2022","AQS","517600025","1","0.5","ppm","6","Bryan Park","24","100.0000","42101","Carbon monoxide","093","40060","Richmond, VA","51","Virginia","760","Richmond City","37.59088","-77.46925"
"11/05/2022","AQS","517600025","1","0.5","ppm","6","Bryan Park","24","100.0000","42101","Carbon monoxide","093","40060","Richmond, VA","51","Virginia","760","Richmond City","37.59088","-77.46925"
"11/06/2022","AQS","517600025","1","0.4","ppm","5","Bryan Park","24","100.0000","42101","Carbon monoxide","093","40060","Richmond, VA","51","Virginia","760","Richmond City","37.59088","-77.46925"
"11/07/2022","AQS","517600025","1","0.4","ppm","5","Bryan Park","24","100.0000","42101","Carbon monoxide","093","40060","Richmond, VA","51","Virginia","760","Richmond City","37.59088","-77.46925"
"11/08/2022","AQS","517600025","1","0.3","ppm","3","Bryan Park","24","100.0000","42101","Carbon monoxide","093","40060","Richmond, VA","51","Virginia","760","Richmond City","37.59088","-77.46925"
"11/09/2022","AQS","517600025","1","0.3","ppm","3","Bryan Park","16","67.0000","42101","Carbon monoxide","093","40060","Richmond, VA","51","Virginia","760","Richmond City","37.59088","-77.46925"
"11/10/2022","AQS","517600025","1","0.4","ppm","5","Bryan Park","24","100.0000","42101","Carbon monoxide","093","40060","Richmond, VA","51","Virginia","760","Richmond City","37.59088","-77.46925"
"11/11/2022","AQS","517600025","1","0.4","ppm","5","Bryan Park","24","100.0000","42101","Carbon monoxide","093","40060","Richmond, VA","51","Virginia","760","Richmond City","37.59088","-77.46925"
"11/12/2022","AQS","517600025","1","0.4","ppm","5","Bryan Park","24","100.0000","42101","Carbon monoxide","093","40060","Richmond, VA","51","Virginia","760","Richmond City","37.59088","-77.46925"
"11/13/2022","AQS","517600025","1","0.4","ppm","5","Bryan Park","24","100.0000","42101","Carbon monoxide","093","40060","Richmond, VA","51","Virginia","760","Richmond City","37.59088","-77.46925"
"11/14/2022","AQS","517600025","1","0.4","ppm","5","Bryan Park","24","100.0000","42101","Carbon monoxide","093","40060","Richmond, VA","51","Virginia","760","Richmond City","37.59088","-77.46925"
"11/15/2022","AQS","517600025","1","0.5","ppm","6","Bryan Park","24","100.0000","42101","Carbon monoxide","093","40060","Richmond, VA","51","Virginia","760","Richmond City","37.59088","-77.46925"
"11/16/2022","AQS","517600025","1","0.3","ppm","3","Bryan Park","24","100.0000","42101","Carbon monoxide","093","40060","Richmond, VA","51","Virginia","760","Richmond City","37.59088","-77.46925"
"11/17/2022","AQS","517600025","1","0.2","ppm","2","Bryan Park","24","100.0000","42101","Carbon monoxide","093","40060","Richmond, VA","51","Virginia","760","Richmond City","37.59088","-77.46925"
"11/18/2022","AQS","517600025","1","0.4","ppm","5","Bryan Park","24","100.0000","42101","Carbon monoxide","093","40060","Richmond, VA","51","Virginia","760","Richmond City","37.59088","-77.46925"
"11/19/2022","AQS","517600025","1","0.5","ppm","6","Bryan Park","24","100.0000","42101","Carbon monoxide","093","40060","Richmond, VA","51","Virginia","760","Richmond City","37.59088","-77.46925"
"11/20/2022","AQS","517600025","1","0.5","ppm","6","Bryan Park","24","100.0000","42101","Carbon monoxide","093","40060","Richmond, VA","51","Virginia","760","Richmond City","37.59088","-77.46925"
"11/21/2022","AQS","517600025","1","0.6","ppm","7","Bryan Park","24","100.0000","42101","Carbon monoxide","093","40060","Richmond, VA","51","Virginia","760","Richmond City","37.59088","-77.46925"
"11/22/2022","AQS","517600025","1","0.8","ppm","9","Bryan Park","24","100.0000","42101","Carbon monoxide","093","40060","Richmond, VA","51","Virginia","760","Richmond City","37.59088","-77.46925"
"11/23/2022","AQS","517600025","1","0.9","ppm","10","Bryan Park","24","100.0000","42101","Carbon monoxide","093","40060","Richmond, VA","51","Virginia","760","Richmond City","37.59088","-77.46925"
"11/24/2022","AQS","517600025","1","0.9","ppm","10","Bryan Park","24","100.0000","42101","Carbon monoxide","093","40060","Richmond, VA","51","Virginia","760","Richmond City","37.59088","-77.46925"
"11/25/2022","AQS","517600025","1","0.7","ppm","8","Bryan Park","24","100.0000","42101","Carbon monoxide","093","40060","Richmond, VA","51","Virginia","760","Richmond City","37.59088","-77.46925"
"11/26/2022","AQS","517600025","1","0.5","ppm","6","Bryan Park","24","100.0000","42101","Carbon monoxide","093","40060","Richmond, VA","51","Virginia","760","Richmond City","37.59088","-77.46925"
"11/27/2022","AQS","517600025","1","0.5","ppm","6","Bryan Park","24","100.0000","42101","Carbon monoxide","093","40060","Richmond, VA","51","Virginia","760","Richmond City","37.59088","-77.46925"
"11/28/2022","AQS","517600025","1","0.3","ppm","3","Bryan Park","24","100.0000","42101","Carbon monoxide","093","40060","Richmond, VA","51","Virginia","760","Richmond City","37.59088","-77.46925"
"11/29/2022","AQS","517600025","1","0.4","ppm","5","Bryan Park","24","100.0000","42101","Carbon monoxide","093","40060","Richmond, VA","51","Virginia","760","Richmond City","37.59088","-77.46925"
"11/30/2022","AQS","517600025","1","0.4","ppm","5","Bryan Park","24","100.0000","42101","Carbon monoxide","093","40060","Richmond, VA","51","Virginia","760","Richmond City","37.59088","-77.46925"
"12/01/2022","AQS","517600025","1","0.6","ppm","7","Bryan Park","24","100.0000","42101","Carbon monoxide","093","40060","Richmond, VA","51","Virginia","760","Richmond City","37.59088","-77.46925"
"12/02/2022","AQS","517600025","1","0.7","ppm","8","Bryan Park","24","100.0000","42101","Carbon monoxide","093","40060","Richmond, VA","51","Virginia","760","Richmond City","37.59088","-77.46925"
"12/03/2022","AQS","517600025","1","0.4","ppm","5","Bryan Park","24","100.0000","42101","Carbon monoxide","093","40060","Richmond, VA","51","Virginia","760","Richmond City","37.59088","-77.46925"
"12/04/2022","AQS","517600025","1","0.6","ppm","7","Bryan Park","24","100.0000","42101","Carbon monoxide","093","40060","Richmond, VA","51","Virginia","760","Richmond City","37.59088","-77.46925"
"12/05/2022","AQS","517600025","1","0.7","ppm","8","Bryan Park","24","100.0000","42101","Carbon monoxide","093","40060","Richmond, VA","51","Virginia","760","Richmond City","37.59088","-77.46925"
"12/06/2022","AQS","517600025","1","0.7","ppm","8","Bryan Park","24","100.0000","42101","Carbon monoxide","093","40060","Richmond, VA","51","Virginia","760","Richmond City","37.59088","-77.46925"
"12/07/2022","AQS","517600025","1","0.6","ppm","7","Bryan Park","24","100.0000","42101","Carbon monoxide","093","40060","Richmond, VA","51","Virginia","760","Richmond City","37.59088","-77.46925"
"12/08/2022","AQS","517600025","1","0.4","ppm","5","Bryan Park","24","100.0000","42101","Carbon monoxide","093","40060","Richmond, VA","51","Virginia","760","Richmond City","37.59088","-77.46925"
"12/09/2022","AQS","517600025","1","0.3","ppm","3","Bryan Park","24","100.0000","42101","Carbon monoxide","093","40060","Richmond, VA","51","Virginia","760","Richmond City","37.59088","-77.46925"
"12/10/2022","AQS","517600025","1","0.3","ppm","3","Bryan Park","24","100.0000","42101","Carbon monoxide","093","40060","Richmond, VA","51","Virginia","760","Richmond City","37.59088","-77.46925"
"12/11/2022","AQS","517600025","1","0.4","ppm","5","Bryan Park","24","100.0000","42101","Carbon monoxide","093","40060","Richmond, VA","51","Virginia","760","Richmond City","37.59088","-77.46925"
"12/12/2022","AQS","517600025","1","0.4","ppm","5","Bryan Park","24","100.0000","42101","Carbon monoxide","093","40060","Richmond, VA","51","Virginia","760","Richmond City","37.59088","-77.46925"
"12/13/2022","AQS","517600025","1","0.4","ppm","5","Bryan Park","24","100.0000","42101","Carbon monoxide","093","40060","Richmond, VA","51","Virginia","760","Richmond City","37.59088","-77.46925"
"12/14/2022","AQS","517600025","1","0.7","ppm","8","Bryan Park","24","100.0000","42101","Carbon monoxide","093","40060","Richmond, VA","51","Virginia","760","Richmond City","37.59088","-77.46925"
"12/15/2022","AQS","517600025","1","0.4","ppm","5","Bryan Park","24","100.0000","42101","Carbon monoxide","093","40060","Richmond, VA","51","Virginia","760","Richmond City","37.59088","-77.46925"
"12/16/2022","AQS","517600025","1","0.4","ppm","5","Bryan Park","24","100.0000","42101","Carbon monoxide","093","40060","Richmond, VA","51","Virginia","760","Richmond City","37.59088","-77.46925"
"12/17/2022","AQS","517600025","1","0.6","ppm","7","Bryan Park","24","100.0000","42101","Carbon monoxide","093","40060","Richmond, VA","51","Virginia","760","Richmond City","37.59088","-77.46925"
"12/18/2022","AQS","517600025","1","0.6","ppm","7","Bryan Park","24","100.0000","42101","Carbon monoxide","093","40060","Richmond, VA","51","Virginia","760","Richmond City","37.59088","-77.46925"
"12/19/2022","AQS","517600025","1","0.4","ppm","5","Bryan Park","24","100.0000","42101","Carbon monoxide","093","40060","Richmond, VA","51","Virginia","760","Richmond City","37.59088","-77.46925"
"12/20/2022","AQS","517600025","1","0.5","ppm","6","Bryan Park","24","100.0000","42101","Carbon monoxide","093","40060","Richmond, VA","51","Virginia","760","Richmond City","37.59088","-77.46925"
"12/21/2022","AQS","517600025","1","0.8","ppm","9","Bryan Park","24","100.0000","42101","Carbon monoxide","093","40060","Richmond, VA","51","Virginia","760","Richmond City","37.59088","-77.46925"
"12/22/2022","AQS","517600025","1","0.3","ppm","3","Bryan Park","24","100.0000","42101","Carbon monoxide","093","40060","Richmond, VA","51","Virginia","760","Richmond City","37.59088","-77.46925"
"12/23/2022","AQS","517600025","1","0.3","ppm","3","Bryan Park","24","100.0000","42101","Carbon monoxide","093","40060","Richmond, VA","51","Virginia","760","Richmond City","37.59088","-77.46925"
"12/24/2022","AQS","517600025","1","0.2","ppm","2","Bryan Park","24","100.0000","42101","Carbon monoxide","093","40060","Richmond, VA","51","Virginia","760","Richmond City","37.59088","-77.46925"
"12/25/2022","AQS","517600025","1","0.2","ppm","2","Bryan Park","24","100.0000","42101","Carbon monoxide","093","40060","Richmond, VA","51","Virginia","760","Richmond City","37.59088","-77.46925"
"12/26/2022","AQS","517600025","1","0.4","ppm","5","Bryan Park","24","100.0000","42101","Carbon monoxide","093","40060","Richmond, VA","51","Virginia","760","Richmond City","37.59088","-77.46925"
"12/27/2022","AQS","517600025","1","0.7","ppm","8","Bryan Park","24","100.0000","42101","Carbon monoxide","093","40060","Richmond, VA","51","Virginia","760","Richmond City","37.59088","-77.46925"
"12/28/2022","AQS","517600025","1","0.7","ppm","8","Bryan Park","24","100.0000","42101","Carbon monoxide","093","40060","Richmond, VA","51","Virginia","760","Richmond City","37.59088","-77.46925"
"12/29/2022","AQS","517600025","1","0.9","ppm","10","Bryan Park","24","100.0000","42101","Carbon monoxide","093","40060","Richmond, VA","51","Virginia","760","Richmond City","37.59088","-77.46925"
"12/30/2022","AQS","517600025","1","0.9","ppm","10","Bryan Park","24","100.0000","42101","Carbon monoxide","093","40060","Richmond, VA","51","Virginia","760","Richmond City","37.59088","-77.46925"
"12/31/2022","AQS","517600025","1","0.5","ppm","6","Bryan Park","24","100.0000","42101","Carbon monoxide","093","40060","Richmond, VA","51","Virginia","760","Richmond City","37.59088","-77.46925"
