"Date","Source","Site ID","POC","Daily Max 8-hour CO Concentration","Units","Daily AQI Value","Local Site Name","Daily Obs Count","Percent Complete","AQS Parameter Code","AQS Parameter Description","Method Code","CBSA Code","CBSA Name","State FIPS Code","State","County FIPS Code","County","Site Latitude","Site Longitude"
"01/01/2026","AQS","510130020","1","0.2","ppm","2","Aurora Hills Visitors Center","19","79.0000","42101","Carbon monoxide","054","47900","Washington-Arlington-Alexandria, DC-VA-MD-WV","51","Virginia","013","Arlington","38.857700000922","-77.05922"
"01/02/2026","AQS","510130020","1","0.3","ppm","3","Aurora Hills Visitors Center","24","100.0000","42101","Carbon monoxide","054","47900","Washington-Arlington-Alexandria, DC-VA-MD-WV","51","Virginia","013","Arlington","38.857700000922","-77.05922"
"01/03/2026","AQS","510130020","1","0.3","ppm","3","Aurora Hills Visitors Center","24","100.0000","42101","Carbon monoxide","054","47900","Washington-Arlington-Alexandria, DC-VA-MD-WV","51","Virginia","013","Arlington","38.857700000922","-77.05922"
"01/04/2026","AQS","510130020","1","0.3","ppm","3","Aurora Hills Visitors Center","24","100.0000","42101","Carbon monoxide","054","47900","Washington-Arlington-Alexandria, DC-VA-MD-WV","51","Virginia","013","Arlington","38.857700000922","-77.05922"
"01/05/2026","AQS","510130020","1","0.3","ppm","3","Aurora Hills Visitors Center","24","100.0000","42101","Carbon monoxide","054","47900","Washington-Arlington-Alexandria, DC-VA-MD-WV","51","Virginia","013","Arlington","38.857700000922","-77.05922"
"01/06/2026","AQS","510130020","1","0.6","ppm","7","Aurora Hills Visitors Center","24","100.0000","42101","Carbon monoxide","054","47900","Washington-Arlington-Alexandria, DC-VA-MD-WV","51","Virginia","013","Arlington","38.857700000922","-77.05922"
"01/07/2026","AQS","510130020","1","0.9","ppm","10","Aurora Hills Visitors Center","24","100.0000","42101","Carbon monoxide","054","47900","Washington-Arlington-Alexandria, DC-VA-MD-WV","51","Virginia","013","Arlington","38.857700000922","-77.05922"
"01/08/2026","AQS","510130020","1","0.6","ppm","7","Aurora Hills Visitors Center","24","100.0000","42101","Carbon monoxide","054","47900","Washington-Arlington-Alexandria, DC-VA-MD-WV","51","Virginia","013","Arlington","38.857700000922","-77.05922"
"01/09/2026","AQS","510130020","1","0.3","ppm","3","Aurora Hills Visitors Center","24","100.0000","42101","Carbon monoxide","054","47900","Washington-Arlington-Alexandria, DC-VA-MD-WV","51","Virginia","013","Arlington","38.857700000922","-77.05922"
"01/10/2026","AQS","510130020","1","0.3","ppm","3","Aurora Hills Visitors Center","24","100.0000","42101","Carbon monoxide","054","47900","Washington-Arlington-Alexandria, DC-VA-MD-WV","51","Virginia","013","Arlington","38.857700000922","-77.05922"
"01/11/2026","AQS","510130020","1","0.2","ppm","2","Aurora Hills Visitors Center","24","100.0000","42101","Carbon monoxide","054","47900","Washington-Arlington-Alexandria, DC-VA-MD-WV","51","Virginia","013","Arlington","38.857700000922","-77.05922"
"01/12/2026","AQS","510130020","1","0.2","ppm","2","Aurora Hills Visitors Center","24","100.0000","42101","Carbon monoxide","054","47900","Washington-Arlington-Alexandria, DC-VA-MD-WV","51","Virginia","013","Arlington","38.857700000922","-77.05922"
"01/13/2026","AQS","510130020","1","0.5","ppm","6","Aurora Hills Visitors Center","16","67.0000","42101","Carbon monoxide","054","47900","Washington-Arlington-Alexandria, DC-VA-MD-WV","51","Virginia","013","Arlington","38.857700000922","-77.05922"
"01/14/2026","AQS","510130020","1","0.3","ppm","3","Aurora Hills Visitors Center","24","100.0000","42101","Carbon monoxide","054","47900","Washington-Arlington-Alexandria, DC-VA-MD-WV","51","Virginia","013","Arlington","38.857700000922","-77.05922"
"01/15/2026","AQS","510130020","1","0.2","ppm","2","Aurora Hills Visitors Center","24","100.0000","42101","Carbon monoxide","054","47900","Washington-Arlington-Alexandria, DC-VA-MD-WV","51","Virginia","013","Arlington","38.857700000922","-77.05922"
"01/16/2026","AQS","510130020","1","0.3","ppm","3","Aurora Hills Visitors Center","24","100.0000","42101","Carbon monoxide","054","47900","Washington-Arlington-Alexandria, DC-VA-MD-WV","51","Virginia","013","Arlington","38.857700000922","-77.05922"
"01/17/2026","AQS","510130020","1","0.6","ppm","7","Aurora Hills Visitors Center","24","100.0000","42101","Carbon monoxide","054","47900","Washington-Arlington-Alexandria, DC-VA-MD-WV","51","Virginia","013","Arlington","38.857700000922","-77.05922"
"01/18/2026","AQS","510130020","1","0.7","ppm","8","Aurora Hills Visitors Center","24","100.0000","42101","Carbon monoxide","054","47900","Washington-Arlington-Alexandria, DC-VA-MD-WV","51","Virginia","013","Arlington","38.857700000922","-77.05922"
"01/19/2026","AQS","510130020","1","0.3","ppm","3","Aurora Hills Visitors Center","24","100.0000","42101","Carbon monoxide","054","47900","Washington-Arlington-Alexandria, DC-VA-MD-WV","51","Virginia","013","Arlington","38.857700000922","-77.05922"
"01/20/2026","AQS","510130020","1","0.3","ppm","3","Aurora Hills Visitors Center","24","100.0000","42101","Carbon monoxide","054","47900","Washington-Arlington-Alexandria, DC-VA-MD-WV","51","Virginia","013","Arlington","38.857700000922","-77.05922"
"01/21/2026","AQS","510130020","1","0.5","ppm","6","Aurora Hills Visitors Center","9","38.0000","42101","Carbon monoxide","054","47900","Washington-Arlington-Alexandria, DC-VA-MD-WV","51","Virginia","013","Arlington","38.857700000922","-77.05922"
"01/22/2026","AQS","510130020","1","0.1","ppm","1","Aurora Hills Visitors Center","6","25.0000","42101","Carbon monoxide","054","47900","Washington-Arlington-Alexandria, DC-VA-MD-WV","51","Virginia","013","Arlington","38.857700000922","-77.05922"
"01/23/2026","AQS","510130020","1","0.4","ppm","5","Aurora Hills Visitors Center","24","100.0000","42101","Carbon monoxide","054","47900","Washington-Arlington-Alexandria, DC-VA-MD-WV","51","Virginia","013","Arlington","38.857700000922","-77.05922"
"01/24/2026","AQS","510130020","1","0.1","ppm","1","Aurora Hills Visitors Center","24","100.0000","42101","Carbon monoxide","054","47900","Washington-Arlington-Alexandria, DC-VA-MD-WV","51","Virginia","013","Arlington","38.857700000922","-77.05922"
"01/25/2026","AQS","510130020","1","0.3","ppm","3","Aurora Hills Visitors Center","24","100.0000","42101","Carbon monoxide","054","47900","Washington-Arlington-Alexandria, DC-VA-MD-WV","51","Virginia","013","Arlington","38.857700000922","-77.05922"
"01/26/2026","AQS","510130020","1","0.3","ppm","3","Aurora Hills Visitors Center","24","100.0000","42101","Carbon monoxide","054","47900","Washington-Arlington-Alexandria, DC-VA-MD-WV","51","Virginia","013","Arlington","38.857700000922","-77.05922"
"01/27/2026","AQS","510130020","1","0.2","ppm","2","Aurora Hills Visitors Center","24","100.0000","42101","Carbon monoxide","054","47900","Washington-Arlington-Alexandria, DC-VA-MD-WV","51","Virginia","013","Arlington","38.857700000922","-77.05922"
"01/28/2026","AQS","510130020","1","0.2","ppm","2","Aurora Hills Visitors Center","24","100.0000","42101","Carbon monoxide","054","47900","Washington-Arlington-Alexandria, DC-VA-MD-WV","51","Virginia","013","Arlington","38.857700000922","-77.05922"
"01/29/2026","AQS","510130020","1","0.2","ppm","2","Aurora Hills Visitors Center","24","100.0000","42101","Carbon monoxide","054","47900","Washington-Arlington-Alexandria, DC-VA-MD-WV","51","Virginia","013","Arlington","38.857700000922","-77.05922"
"01/30/2026","AQS","510130020","1","0.3","ppm","3","Aurora Hills Visitors Center","24","100.0000","42101","Carbon monoxide","054","47900","Washington-Arlington-Alexandria, DC-VA-MD-WV","51","Virginia","013","Arlington","38.857700000922","-77.05922"
"01/31/2026","AQS","510130020","1","0.3","ppm","3","Aurora Hills Visitors Center","24","100.0000","42101","Carbon monoxide","054","47900","Washington-Arlington-Alexandria, DC-VA-MD-WV","51","Virginia","013","Arlington","38.857700000922","-77.05922"
"02/01/2026","AQS","510130020","1","0.3","ppm","3","Aurora Hills Visitors Center","24","100.0000","42101","Carbon monoxide","054","47900","Washington-Arlington-Alexandria, DC-VA-MD-WV","51","Virginia","013","Arlington","38.857700000922","-77.05922"
"02/02/2026","AQS","510130020","1","0.5","ppm","6","Aurora Hills Visitors Center","24","100.0000","42101","Carbon monoxide","054","47900","Washington-Arlington-Alexandria, DC-VA-MD-WV","51","Virginia","013","Arlington","38.857700000922","-77.05922"
"02/03/2026","AQS","510130020","1","0.8","ppm","9","Aurora Hills Visitors Center","24","100.0000","42101","Carbon monoxide","054","47900","Washington-Arlington-Alexandria, DC-VA-MD-WV","51","Virginia","013","Arlington","38.857700000922","-77.05922"
"02/04/2026","AQS","510130020","1","0.3","ppm","3","Aurora Hills Visitors Center","24","100.0000","42101","Carbon monoxide","054","47900","Washington-Arlington-Alexandria, DC-VA-MD-WV","51","Virginia","013","Arlington","38.857700000922","-77.05922"
"02/05/2026","AQS","510130020","1","0.3","ppm","3","Aurora Hills Visitors Center","24","100.0000","42101","Carbon monoxide","054","47900","Washington-Arlington-Alexandria, DC-VA-MD-WV","51","Virginia","013","Arlington","38.857700000922","-77.05922"
"02/06/2026","AQS","510130020","1","0.5","ppm","6","Aurora Hills Visitors Center","24","100.0000","42101","Carbon monoxide","054","47900","Washington-Arlington-Alexandria, DC-VA-MD-WV","51","Virginia","013","Arlington","38.857700000922","-77.05922"
"02/07/2026","AQS","510130020","1","0.2","ppm","2","Aurora Hills Visitors Center","24","100.0000","42101","Carbon monoxide","054","47900","Washington-Arlington-Alexandria, DC-VA-MD-WV","51","Virginia","013","Arlington","38.857700000922","-77.05922"
"02/08/2026","AQS","510130020","1","0.1","ppm","1","Aurora Hills Visitors Center","24","100.0000","42101","Carbon monoxide","054","47900","Washington-Arlington-Alexandria, DC-VA-MD-WV","51","Virginia","013","Arlington","38.857700000922","-77.05922"
"02/09/2026","AQS","510130020","1","0.3","ppm","3","Aurora Hills Visitors Center","24","100.0000","42101","Carbon monoxide","054","47900","Washington-Arlington-Alexandria, DC-VA-MD-WV","51","Virginia","013","Arlington","38.857700000922","-77.05922"
"02/10/2026","AQS","510130020","1","0.3","ppm","3","Aurora Hills Visitors Center","24","100.0000","42101","Carbon monoxide","054","47900","Washington-Arlington-Alexandria, DC-VA-MD-WV","51","Virginia","013","Arlington","38.857700000922","-77.05922"
"02/11/2026","AQS","510130020","1","0.2","ppm","2","Aurora Hills Visitors Center","24","100.0000","42101","Carbon monoxide","054","47900","Washington-Arlington-Alexandria, DC-VA-MD-WV","51","Virginia","013","Arlington","38.857700000922","-77.05922"
"02/12/2026","AQS","510130020","1","0.1","ppm","1","Aurora Hills Visitors Center","24","100.0000","42101","Carbon monoxide","054","47900","Washington-Arlington-Alexandria, DC-VA-MD-WV","51","Virginia","013","Arlington","38.857700000922","-77.05922"
"02/13/2026","AQS","510130020","1","0.4","ppm","5","Aurora Hills Visitors Center","24","100.0000","42101","Carbon monoxide","054","47900","Washington-Arlington-Alexandria, DC-VA-MD-WV","51","Virginia","013","Arlington","38.857700000922","-77.05922"
"02/14/2026","AQS","510130020","1","0.5","ppm","6","Aurora Hills Visitors Center","24","100.0000","42101","Carbon monoxide","054","47900","Washington-Arlington-Alexandria, DC-VA-MD-WV","51","Virginia","013","Arlington","38.857700000922","-77.05922"
"02/15/2026","AQS","510130020","1","0.6","ppm","7","Aurora Hills Visitors Center","24","100.0000","42101","Carbon monoxide","054","47900","Washington-Arlington-Alexandria, DC-VA-MD-WV","51","Virginia","013","Arlington","38.857700000922","-77.05922"
"02/16/2026","AQS","510130020","1","0.3","ppm","3","Aurora Hills Visitors Center","24","100.0000","42101","Carbon monoxide","054","47900","Washington-Arlington-Alexandria, DC-VA-MD-WV","51","Virginia","013","Arlington","38.857700000922","-77.05922"
"02/17/2026","AQS","510130020","1","0.4","ppm","5","Aurora Hills Visitors Center","24","100.0000","42101","Carbon monoxide","054","47900","Washington-Arlington-Alexandria, DC-VA-MD-WV","51","Virginia","013","Arlington","38.857700000922","-77.05922"
"02/18/2026","AQS","510130020","1","1.1","ppm","13","Aurora Hills Visitors Center","24","100.0000","42101","Carbon monoxide","054","47900","Washington-Arlington-Alexandria, DC-VA-MD-WV","51","Virginia","013","Arlington","38.857700000922","-77.05922"
"02/19/2026","AQS","510130020","1","1.2","ppm","14","Aurora Hills Visitors Center","24","100.0000","42101","Carbon monoxide","054","47900","Washington-Arlington-Alexandria, DC-VA-MD-WV","51","Virginia","013","Arlington","38.857700000922","-77.05922"
"02/20/2026","AQS","510130020","1","0.4","ppm","5","Aurora Hills Visitors Center","24","100.0000","42101","Carbon monoxide","054","47900","Washington-Arlington-Alexandria, DC-VA-MD-WV","51","Virginia","013","Arlington","38.857700000922","-77.05922"
"02/21/2026","AQS","510130020","1","0.4","ppm","5","Aurora Hills Visitors Center","24","100.0000","42101","Carbon monoxide","054","47900","Washington-Arlington-Alexandria, DC-VA-MD-WV","51","Virginia","013","Arlington","38.857700000922","-77.05922"
"02/22/2026","AQS","510130020","1","0.3","ppm","3","Aurora Hills Visitors Center","24","100.0000","42101","Carbon monoxide","054","47900","Washington-Arlington-Alexandria, DC-VA-MD-WV","51","Virginia","013","Arlington","38.857700000922","-77.05922"
"02/23/2026","AQS","510130020","1","0.2","ppm","2","Aurora Hills Visitors Center","24","100.0000","42101","Carbon monoxide","054","47900","Washington-Arlington-Alexandria, DC-VA-MD-WV","51","Virginia","013","Arlington","38.857700000922","-77.05922"
"02/24/2026","AQS","510130020","1","0.1","ppm","1","Aurora Hills Visitors Center","24","100.0000","42101","Carbon monoxide","054","47900","Washington-Arlington-Alexandria, DC-VA-MD-WV","51","Virginia","013","Arlington","38.857700000922","-77.05922"
"02/25/2026","AQS","510130020","1","0.3","ppm","3","Aurora Hills Visitors Center","24","100.0000","42101","Carbon monoxide","054","47900","Washington-Arlington-Alexandria, DC-VA-MD-WV","51","Virginia","013","Arlington","38.857700000922","-77.05922"
"02/26/2026","AQS","510130020","1","0.6","ppm","7","Aurora Hills Visitors Center","24","100.0000","42101","Carbon monoxide","054","47900","Washington-Arlington-Alexandria, DC-VA-MD-WV","51","Virginia","013","Arlington","38.857700000922","-77.05922"
"02/27/2026","AQS","510130020","1","0.7","ppm","8","Aurora Hills Visitors Center","24","100.0000","42101","Carbon monoxide","054","47900","Washington-Arlington-Alexandria, DC-VA-MD-WV","51","Virginia","013","Arlington","38.857700000922","-77.05922"
"02/28/2026","AQS","510130020","1","0.3","ppm","3","Aurora Hills Visitors Center","24","100.0000","42101","Carbon monoxide","054","47900","Washington-Arlington-Alexandria, DC-VA-MD-WV","51","Virginia","013","Arlington","38.857700000922","-77.05922"
"03/01/2026","AQS","510130020","1","0.4","ppm","5","Aurora Hills Visitors Center","24","100.0000","42101","Carbon monoxide","054","47900","Washington-Arlington-Alexandria, DC-VA-MD-WV","51","Virginia","013","Arlington","38.857700000922","-77.05922"
"03/02/2026","AQS","510130020","1","0.2","ppm","2","Aurora Hills Visitors Center","24","100.0000","42101","Carbon monoxide","054","47900","Washington-Arlington-Alexandria, DC-VA-MD-WV","51","Virginia","013","Arlington","38.857700000922","-77.05922"
"03/03/2026","AQS","510130020","1","0.3","ppm","3","Aurora Hills Visitors Center","24","100.0000","42101","Carbon monoxide","054","47900","Washington-Arlington-Alexandria, DC-VA-MD-WV","51","Virginia","013","Arlington","38.857700000922","-77.05922"
"03/04/2026","AQS","510130020","1","0.4","ppm","5","Aurora Hills Visitors Center","24","100.0000","42101","Carbon monoxide","054","47900","Washington-Arlington-Alexandria, DC-VA-MD-WV","51","Virginia","013","Arlington","38.857700000922","-77.05922"
"03/05/2026","AQS","510130020","1","0.3","ppm","3","Aurora Hills Visitors Center","24","100.0000","42101","Carbon monoxide","054","47900","Washington-Arlington-Alexandria, DC-VA-MD-WV","51","Virginia","013","Arlington","38.857700000922","-77.05922"
"03/06/2026","AQS","510130020","1","0.3","ppm","3","Aurora Hills Visitors Center","24","100.0000","42101","Carbon monoxide","054","47900","Washington-Arlington-Alexandria, DC-VA-MD-WV","51","Virginia","013","Arlington","38.857700000922","-77.05922"
"03/07/2026","AQS","510130020","1","0.2","ppm","2","Aurora Hills Visitors Center","24","100.0000","42101","Carbon monoxide","054","47900","Washington-Arlington-Alexandria, DC-VA-MD-WV","51","Virginia","013","Arlington","38.857700000922","-77.05922"
"03/08/2026","AQS","510130020","1","0.2","ppm","2","Aurora Hills Visitors Center","24","100.0000","42101","Carbon monoxide","054","47900","Washington-Arlington-Alexandria, DC-VA-MD-WV","51","Virginia","013","Arlington","38.857700000922","-77.05922"
"03/09/2026","AQS","510130020","1","0.7","ppm","8","Aurora Hills Visitors Center","24","100.0000","42101","Carbon monoxide","054","47900","Washington-Arlington-Alexandria, DC-VA-MD-WV","51","Virginia","013","Arlington","38.857700000922","-77.05922"
"03/10/2026","AQS","510130020","1","0.4","ppm","5","Aurora Hills Visitors Center","24","100.0000","42101","Carbon monoxide","054","47900","Washington-Arlington-Alexandria, DC-VA-MD-WV","51","Virginia","013","Arlington","38.857700000922","-77.05922"
"03/11/2026","AQS","510130020","1","0.1","ppm","1","Aurora Hills Visitors Center","24","100.0000","42101","Carbon monoxide","054","47900","Washington-Arlington-Alexandria, DC-VA-MD-WV","51","Virginia","013","Arlington","38.857700000922","-77.05922"
"03/12/2026","AQS","510130020","1","0.1","ppm","1","Aurora Hills Visitors Center","24","100.0000","42101","Carbon monoxide","054","47900","Washington-Arlington-Alexandria, DC-VA-MD-WV","51","Virginia","013","Arlington","38.857700000922","-77.05922"
"03/13/2026","AQS","510130020","1","0.3","ppm","3","Aurora Hills Visitors Center","24","100.0000","42101","Carbon monoxide","054","47900","Washington-Arlington-Alexandria, DC-VA-MD-WV","51","Virginia","013","Arlington","38.857700000922","-77.05922"
"03/14/2026","AQS","510130020","1","0.2","ppm","2","Aurora Hills Visitors Center","24","100.0000","42101","Carbon monoxide","054","47900","Washington-Arlington-Alexandria, DC-VA-MD-WV","51","Virginia","013","Arlington","38.857700000922","-77.05922"
"03/15/2026","AQS","510130020","1","0.2","ppm","2","Aurora Hills Visitors Center","24","100.0000","42101","Carbon monoxide","054","47900","Washington-Arlington-Alexandria, DC-VA-MD-WV","51","Virginia","013","Arlington","38.857700000922","-77.05922"
"03/16/2026","AQS","510130020","1","0.2","ppm","2","Aurora Hills Visitors Center","24","100.0000","42101","Carbon monoxide","054","47900","Washington-Arlington-Alexandria, DC-VA-MD-WV","51","Virginia","013","Arlington","38.857700000922","-77.05922"
"03/17/2026","AQS","510130020","1","0.3","ppm","3","Aurora Hills Visitors Center","24","100.0000","42101","Carbon monoxide","054","47900","Washington-Arlington-Alexandria, DC-VA-MD-WV","51","Virginia","013","Arlington","38.857700000922","-77.05922"
"03/18/2026","AQS","510130020","1","0.2","ppm","2","Aurora Hills Visitors Center","24","100.0000","42101","Carbon monoxide","054","47900","Washington-Arlington-Alexandria, DC-VA-MD-WV","51","Virginia","013","Arlington","38.857700000922","-77.05922"
"03/19/2026","AQS","510130020","1","0.2","ppm","2","Aurora Hills Visitors Center","24","100.0000","42101","Carbon monoxide","054","47900","Washington-Arlington-Alexandria, DC-VA-MD-WV","51","Virginia","013","Arlington","38.857700000922","-77.05922"
"03/20/2026","AQS","510130020","1","0.3","ppm","3","Aurora Hills Visitors Center","24","100.0000","42101","Carbon monoxide","054","47900","Washington-Arlington-Alexandria, DC-VA-MD-WV","51","Virginia","013","Arlington","38.857700000922","-77.05922"
"03/21/2026","AQS","510130020","1","0.2","ppm","2","Aurora Hills Visitors Center","24","100.0000","42101","Carbon monoxide","054","47900","Washington-Arlington-Alexandria, DC-VA-MD-WV","51","Virginia","013","Arlington","38.857700000922","-77.05922"
"03/22/2026","AQS","510130020","1","0.2","ppm","2","Aurora Hills Visitors Center","24","100.0000","42101","Carbon monoxide","054","47900","Washington-Arlington-Alexandria, DC-VA-MD-WV","51","Virginia","013","Arlington","38.857700000922","-77.05922"
"03/23/2026","AQS","510130020","1","0.2","ppm","2","Aurora Hills Visitors Center","24","100.0000","42101","Carbon monoxide","054","47900","Washington-Arlington-Alexandria, DC-VA-MD-WV","51","Virginia","013","Arlington","38.857700000922","-77.05922"
"03/24/2026","AQS","510130020","1","0.1","ppm","1","Aurora Hills Visitors Center","24","100.0000","42101","Carbon monoxide","054","47900","Washington-Arlington-Alexandria, DC-VA-MD-WV","51","Virginia","013","Arlington","38.857700000922","-77.05922"
"03/25/2026","AQS","510130020","1","0.3","ppm","3","Aurora Hills Visitors Center","24","100.0000","42101","Carbon monoxide","054","47900","Washington-Arlington-Alexandria, DC-VA-MD-WV","51","Virginia","013","Arlington","38.857700000922","-77.05922"
"03/26/2026","AQS","510130020","1","0.3","ppm","3","Aurora Hills Visitors Center","24","100.0000","42101","Carbon monoxide","054","47900","Washington-Arlington-Alexandria, DC-VA-MD-WV","51","Virginia","013","Arlington","38.857700000922","-77.05922"
"03/27/2026","AQS","510130020","1","0.3","ppm","3","Aurora Hills Visitors Center","24","100.0000","42101","Carbon monoxide","054","47900","Washington-Arlington-Alexandria, DC-VA-MD-WV","51","Virginia","013","Arlington","38.857700000922","-77.05922"
"03/28/2026","AQS","510130020","1","0.1","ppm","1","Aurora Hills Visitors Center","24","100.0000","42101","Carbon monoxide","054","47900","Washington-Arlington-Alexandria, DC-VA-MD-WV","51","Virginia","013","Arlington","38.857700000922","-77.05922"
"03/29/2026","AQS","510130020","1","0.4","ppm","5","Aurora Hills Visitors Center","24","100.0000","42101","Carbon monoxide","054","47900","Washington-Arlington-Alexandria, DC-VA-MD-WV","51","Virginia","013","Arlington","38.857700000922","-77.05922"
"03/30/2026","AQS","510130020","1","0.1","ppm","1","Aurora Hills Visitors Center","24","100.0000","42101","Carbon monoxide","054","47900","Washington-Arlington-Alexandria, DC-VA-MD-WV","51","Virginia","013","Arlington","38.857700000922","-77.05922"
"03/31/2026","AQS","510130020","1","0.1","ppm","1","Aurora Hills Visitors Center","10","42.0000","42101","Carbon monoxide","054","47900","Washington-Arlington-Alexandria, DC-VA-MD-WV","51","Virginia","013","Arlington","38.857700000922","-77.05922"
"04/07/2026","AQS","510130020","1","0.1","ppm","1","Aurora Hills Visitors Center","6","25.0000","42101","Carbon monoxide","054","47900","Washington-Arlington-Alexandria, DC-VA-MD-WV","51","Virginia","013","Arlington","38.857700000922","-77.05922"
"04/08/2026","AQS","510130020","1","0.1","ppm","1","Aurora Hills Visitors Center","24","100.0000","42101","Carbon monoxide","054","47900","Washington-Arlington-Alexandria, DC-VA-MD-WV","51","Virginia","013","Arlington","38.857700000922","-77.05922"
"04/09/2026","AQS","510130020","1","0.2","ppm","2","Aurora Hills Visitors Center","24","100.0000","42101","Carbon monoxide","054","47900","Washington-Arlington-Alexandria, DC-VA-MD-WV","51","Virginia","013","Arlington","38.857700000922","-77.05922"
"04/10/2026","AQS","510130020","1","0.2","ppm","2","Aurora Hills Visitors Center","24","100.0000","42101","Carbon monoxide","054","47900","Washington-Arlington-Alexandria, DC-VA-MD-WV","51","Virginia","013","Arlington","38.857700000922","-77.05922"
"04/11/2026","AQS","510130020","1","0.2","ppm","2","Aurora Hills Visitors Center","24","100.0000","42101","Carbon monoxide","054","47900","Washington-Arlington-Alexandria, DC-VA-MD-WV","51","Virginia","013","Arlington","38.857700000922","-77.05922"
"04/12/2026","AQS","510130020","1","0.2","ppm","2","Aurora Hills Visitors Center","24","100.0000","42101","Carbon monoxide","054","47900","Washington-Arlington-Alexandria, DC-VA-MD-WV","51","Virginia","013","Arlington","38.857700000922","-77.05922"
"04/13/2026","AQS","510130020","1","0.2","ppm","2","Aurora Hills Visitors Center","24","100.0000","42101","Carbon monoxide","054","47900","Washington-Arlington-Alexandria, DC-VA-MD-WV","51","Virginia","013","Arlington","38.857700000922","-77.05922"
"04/14/2026","AQS","510130020","1","0.3","ppm","3","Aurora Hills Visitors Center","24","100.0000","42101","Carbon monoxide","054","47900","Washington-Arlington-Alexandria, DC-VA-MD-WV","51","Virginia","013","Arlington","38.857700000922","-77.05922"
"04/15/2026","AQS","510130020","1","0.3","ppm","3","Aurora Hills Visitors Center","24","100.0000","42101","Carbon monoxide","054","47900","Washington-Arlington-Alexandria, DC-VA-MD-WV","51","Virginia","013","Arlington","38.857700000922","-77.05922"
"04/16/2026","AQS","510130020","1","0.3","ppm","3","Aurora Hills Visitors Center","24","100.0000","42101","Carbon monoxide","054","47900","Washington-Arlington-Alexandria, DC-VA-MD-WV","51","Virginia","013","Arlington","38.857700000922","-77.05922"
"04/17/2026","AQS","510130020","1","0.3","ppm","3","Aurora Hills Visitors Center","24","100.0000","42101","Carbon monoxide","054","47900","Washington-Arlington-Alexandria, DC-VA-MD-WV","51","Virginia","013","Arlington","38.857700000922","-77.05922"
"04/18/2026","AQS","510130020","1","0.4","ppm","5","Aurora Hills Visitors Center","24","100.0000","42101","Carbon monoxide","054","47900","Washington-Arlington-Alexandria, DC-VA-MD-WV","51","Virginia","013","Arlington","38.857700000922","-77.05922"
"04/19/2026","AQS","510130020","1","0.2","ppm","2","Aurora Hills Visitors Center","24","100.0000","42101","Carbon monoxide","054","47900","Washington-Arlington-Alexandria, DC-VA-MD-WV","51","Virginia","013","Arlington","38.857700000922","-77.05922"
"04/20/2026","AQS","510130020","1","0.2","ppm","2","Aurora Hills Visitors Center","24","100.0000","42101","Carbon monoxide","054","47900","Washington-Arlington-Alexandria, DC-VA-MD-WV","51","Virginia","013","Arlington","38.857700000922","-77.05922"
"04/21/2026","AQS","510130020","1","0.2","ppm","2","Aurora Hills Visitors Center","24","100.0000","42101","Carbon monoxide","054","47900","Washington-Arlington-Alexandria, DC-VA-MD-WV","51","Virginia","013","Arlington","38.857700000922","-77.05922"
"04/22/2026","AQS","510130020","1","0.3","ppm","3","Aurora Hills Visitors Center","24","100.0000","42101","Carbon monoxide","054","47900","Washington-Arlington-Alexandria, DC-VA-MD-WV","51","Virginia","013","Arlington","38.857700000922","-77.05922"
"04/23/2026","AQS","510130020","1","0.3","ppm","3","Aurora Hills Visitors Center","24","100.0000","42101","Carbon monoxide","054","47900","Washington-Arlington-Alexandria, DC-VA-MD-WV","51","Virginia","013","Arlington","38.857700000922","-77.05922"
"04/24/2026","AQS","510130020","1","0.3","ppm","3","Aurora Hills Visitors Center","24","100.0000","42101","Carbon monoxide","054","47900","Washington-Arlington-Alexandria, DC-VA-MD-WV","51","Virginia","013","Arlington","38.857700000922","-77.05922"
"04/25/2026","AQS","510130020","1","0.3","ppm","3","Aurora Hills Visitors Center","24","100.0000","42101","Carbon monoxide","054","47900","Washington-Arlington-Alexandria, DC-VA-MD-WV","51","Virginia","013","Arlington","38.857700000922","-77.05922"
"04/26/2026","AQS","510130020","1","0.3","ppm","3","Aurora Hills Visitors Center","24","100.0000","42101","Carbon monoxide","054","47900","Washington-Arlington-Alexandria, DC-VA-MD-WV","51","Virginia","013","Arlington","38.857700000922","-77.05922"
"04/27/2026","AQS","510130020","1","0.5","ppm","6","Aurora Hills Visitors Center","24","100.0000","42101","Carbon monoxide","054","47900","Washington-Arlington-Alexandria, DC-VA-MD-WV","51","Virginia","013","Arlington","38.857700000922","-77.05922"
"04/28/2026","AQS","510130020","1","0.2","ppm","2","Aurora Hills Visitors Center","24","100.0000","42101","Carbon monoxide","054","47900","Washington-Arlington-Alexandria, DC-VA-MD-WV","51","Virginia","013","Arlington","38.857700000922","-77.05922"
"04/29/2026","AQS","510130020","1","0.2","ppm","2","Aurora Hills Visitors Center","24","100.0000","42101","Carbon monoxide","054","47900","Washington-Arlington-Alexandria, DC-VA-MD-WV","51","Virginia","013","Arlington","38.857700000922","-77.05922"
"04/30/2026","AQS","510130020","1","0.2","ppm","2","Aurora Hills Visitors Center","24","100.0000","42101","Carbon monoxide","054","47900","Washington-Arlington-Alexandria, DC-VA-MD-WV","51","Virginia","013","Arlington","38.857700000922","-77.05922"
"05/01/2026","AQS","510130020","1","0.1","ppm","1","Aurora Hills Visitors Center","2","8.0000","42101","Carbon monoxide","054","47900","Washington-Arlington-Alexandria, DC-VA-MD-WV","51","Virginia","013","Arlington","38.857700000922","-77.05922"
"01/01/2026","AQS","510590031","1","0.3","ppm","3","Springfield Near Road Site","19","79.0000","42101","Carbon monoxide","054","47900","Washington-Arlington-Alexandria, DC-VA-MD-WV","51","Virginia","059","Fairfax","38.76835","-77.18347"
"01/02/2026","AQS","510590031","1","0.5","ppm","6","Springfield Near Road Site","24","100.0000","42101","Carbon monoxide","054","47900","Washington-Arlington-Alexandria, DC-VA-MD-WV","51","Virginia","059","Fairfax","38.76835","-77.18347"
"01/03/2026","AQS","510590031","1","0.5","ppm","6","Springfield Near Road Site","24","100.0000","42101","Carbon monoxide","054","47900","Washington-Arlington-Alexandria, DC-VA-MD-WV","51","Virginia","059","Fairfax","38.76835","-77.18347"
"01/04/2026","AQS","510590031","1","0.4","ppm","5","Springfield Near Road Site","24","100.0000","42101","Carbon monoxide","054","47900","Washington-Arlington-Alexandria, DC-VA-MD-WV","51","Virginia","059","Fairfax","38.76835","-77.18347"
"01/05/2026","AQS","510590031","1","0.5","ppm","6","Springfield Near Road Site","24","100.0000","42101","Carbon monoxide","054","47900","Washington-Arlington-Alexandria, DC-VA-MD-WV","51","Virginia","059","Fairfax","38.76835","-77.18347"
"01/06/2026","AQS","510590031","1","0.7","ppm","8","Springfield Near Road Site","24","100.0000","42101","Carbon monoxide","054","47900","Washington-Arlington-Alexandria, DC-VA-MD-WV","51","Virginia","059","Fairfax","38.76835","-77.18347"
"01/07/2026","AQS","510590031","1","1","ppm","11","Springfield Near Road Site","24","100.0000","42101","Carbon monoxide","054","47900","Washington-Arlington-Alexandria, DC-VA-MD-WV","51","Virginia","059","Fairfax","38.76835","-77.18347"
"01/08/2026","AQS","510590031","1","0.5","ppm","6","Springfield Near Road Site","24","100.0000","42101","Carbon monoxide","054","47900","Washington-Arlington-Alexandria, DC-VA-MD-WV","51","Virginia","059","Fairfax","38.76835","-77.18347"
"01/09/2026","AQS","510590031","1","0.5","ppm","6","Springfield Near Road Site","24","100.0000","42101","Carbon monoxide","054","47900","Washington-Arlington-Alexandria, DC-VA-MD-WV","51","Virginia","059","Fairfax","38.76835","-77.18347"
"01/10/2026","AQS","510590031","1","0.7","ppm","8","Springfield Near Road Site","24","100.0000","42101","Carbon monoxide","054","47900","Washington-Arlington-Alexandria, DC-VA-MD-WV","51","Virginia","059","Fairfax","38.76835","-77.18347"
"01/11/2026","AQS","510590031","1","0.5","ppm","6","Springfield Near Road Site","24","100.0000","42101","Carbon monoxide","054","47900","Washington-Arlington-Alexandria, DC-VA-MD-WV","51","Virginia","059","Fairfax","38.76835","-77.18347"
"01/12/2026","AQS","510590031","1","0.3","ppm","3","Springfield Near Road Site","24","100.0000","42101","Carbon monoxide","054","47900","Washington-Arlington-Alexandria, DC-VA-MD-WV","51","Virginia","059","Fairfax","38.76835","-77.18347"
"01/13/2026","AQS","510590031","1","0.5","ppm","6","Springfield Near Road Site","24","100.0000","42101","Carbon monoxide","054","47900","Washington-Arlington-Alexandria, DC-VA-MD-WV","51","Virginia","059","Fairfax","38.76835","-77.18347"
"01/14/2026","AQS","510590031","1","0.3","ppm","3","Springfield Near Road Site","24","100.0000","42101","Carbon monoxide","054","47900","Washington-Arlington-Alexandria, DC-VA-MD-WV","51","Virginia","059","Fairfax","38.76835","-77.18347"
"01/15/2026","AQS","510590031","1","0.3","ppm","3","Springfield Near Road Site","24","100.0000","42101","Carbon monoxide","054","47900","Washington-Arlington-Alexandria, DC-VA-MD-WV","51","Virginia","059","Fairfax","38.76835","-77.18347"
"01/16/2026","AQS","510590031","1","0.2","ppm","2","Springfield Near Road Site","24","100.0000","42101","Carbon monoxide","054","47900","Washington-Arlington-Alexandria, DC-VA-MD-WV","51","Virginia","059","Fairfax","38.76835","-77.18347"
"01/17/2026","AQS","510590031","1","0.6","ppm","7","Springfield Near Road Site","24","100.0000","42101","Carbon monoxide","054","47900","Washington-Arlington-Alexandria, DC-VA-MD-WV","51","Virginia","059","Fairfax","38.76835","-77.18347"
"01/18/2026","AQS","510590031","1","0.6","ppm","7","Springfield Near Road Site","24","100.0000","42101","Carbon monoxide","054","47900","Washington-Arlington-Alexandria, DC-VA-MD-WV","51","Virginia","059","Fairfax","38.76835","-77.18347"
"01/19/2026","AQS","510590031","1","0.3","ppm","3","Springfield Near Road Site","24","100.0000","42101","Carbon monoxide","054","47900","Washington-Arlington-Alexandria, DC-VA-MD-WV","51","Virginia","059","Fairfax","38.76835","-77.18347"
"01/20/2026","AQS","510590031","1","0.2","ppm","2","Springfield Near Road Site","24","100.0000","42101","Carbon monoxide","054","47900","Washington-Arlington-Alexandria, DC-VA-MD-WV","51","Virginia","059","Fairfax","38.76835","-77.18347"
"01/21/2026","AQS","510590031","1","0.5","ppm","6","Springfield Near Road Site","24","100.0000","42101","Carbon monoxide","054","47900","Washington-Arlington-Alexandria, DC-VA-MD-WV","51","Virginia","059","Fairfax","38.76835","-77.18347"
"01/22/2026","AQS","510590031","1","0.3","ppm","3","Springfield Near Road Site","24","100.0000","42101","Carbon monoxide","054","47900","Washington-Arlington-Alexandria, DC-VA-MD-WV","51","Virginia","059","Fairfax","38.76835","-77.18347"
"01/23/2026","AQS","510590031","1","0.5","ppm","6","Springfield Near Road Site","24","100.0000","42101","Carbon monoxide","054","47900","Washington-Arlington-Alexandria, DC-VA-MD-WV","51","Virginia","059","Fairfax","38.76835","-77.18347"
"01/24/2026","AQS","510590031","1","0.3","ppm","3","Springfield Near Road Site","24","100.0000","42101","Carbon monoxide","054","47900","Washington-Arlington-Alexandria, DC-VA-MD-WV","51","Virginia","059","Fairfax","38.76835","-77.18347"
"01/25/2026","AQS","510590031","1","0.3","ppm","3","Springfield Near Road Site","24","100.0000","42101","Carbon monoxide","054","47900","Washington-Arlington-Alexandria, DC-VA-MD-WV","51","Virginia","059","Fairfax","38.76835","-77.18347"
"01/26/2026","AQS","510590031","1","0.3","ppm","3","Springfield Near Road Site","24","100.0000","42101","Carbon monoxide","054","47900","Washington-Arlington-Alexandria, DC-VA-MD-WV","51","Virginia","059","Fairfax","38.76835","-77.18347"
"01/27/2026","AQS","510590031","1","0.2","ppm","2","Springfield Near Road Site","24","100.0000","42101","Carbon monoxide","054","47900","Washington-Arlington-Alexandria, DC-VA-MD-WV","51","Virginia","059","Fairfax","38.76835","-77.18347"
"01/28/2026","AQS","510590031","1","0.3","ppm","3","Springfield Near Road Site","24","100.0000","42101","Carbon monoxide","054","47900","Washington-Arlington-Alexandria, DC-VA-MD-WV","51","Virginia","059","Fairfax","38.76835","-77.18347"
"01/29/2026","AQS","510590031","1","0.3","ppm","3","Springfield Near Road Site","24","100.0000","42101","Carbon monoxide","054","47900","Washington-Arlington-Alexandria, DC-VA-MD-WV","51","Virginia","059","Fairfax","38.76835","-77.18347"
"01/30/2026","AQS","510590031","1","0.3","ppm","3","Springfield Near Road Site","24","100.0000","42101","Carbon monoxide","054","47900","Washington-Arlington-Alexandria, DC-VA-MD-WV","51","Virginia","059","Fairfax","38.76835","-77.18347"
"01/31/2026","AQS","510590031","1","0.3","ppm","3","Springfield Near Road Site","24","100.0000","42101","Carbon monoxide","054","47900","Washington-Arlington-Alexandria, DC-VA-MD-WV","51","Virginia","059","Fairfax","38.76835","-77.18347"
"02/01/2026","AQS","510590031","1","0.3","ppm","3","Springfield Near Road Site","24","100.0000","42101","Carbon monoxide","054","47900","Washington-Arlington-Alexandria, DC-VA-MD-WV","51","Virginia","059","Fairfax","38.76835","-77.18347"
"02/02/2026","AQS","510590031","1","0.5","ppm","6","Springfield Near Road Site","24","100.0000","42101","Carbon monoxide","054","47900","Washington-Arlington-Alexandria, DC-VA-MD-WV","51","Virginia","059","Fairfax","38.76835","-77.18347"
"02/03/2026","AQS","510590031","1","0.6","ppm","7","Springfield Near Road Site","24","100.0000","42101","Carbon monoxide","054","47900","Washington-Arlington-Alexandria, DC-VA-MD-WV","51","Virginia","059","Fairfax","38.76835","-77.18347"
"02/04/2026","AQS","510590031","1","0.5","ppm","6","Springfield Near Road Site","24","100.0000","42101","Carbon monoxide","054","47900","Washington-Arlington-Alexandria, DC-VA-MD-WV","51","Virginia","059","Fairfax","38.76835","-77.18347"
"02/05/2026","AQS","510590031","1","0.4","ppm","5","Springfield Near Road Site","24","100.0000","42101","Carbon monoxide","054","47900","Washington-Arlington-Alexandria, DC-VA-MD-WV","51","Virginia","059","Fairfax","38.76835","-77.18347"
"02/06/2026","AQS","510590031","1","0.6","ppm","7","Springfield Near Road Site","24","100.0000","42101","Carbon monoxide","054","47900","Washington-Arlington-Alexandria, DC-VA-MD-WV","51","Virginia","059","Fairfax","38.76835","-77.18347"
"02/07/2026","AQS","510590031","1","0.3","ppm","3","Springfield Near Road Site","24","100.0000","42101","Carbon monoxide","054","47900","Washington-Arlington-Alexandria, DC-VA-MD-WV","51","Virginia","059","Fairfax","38.76835","-77.18347"
"02/08/2026","AQS","510590031","1","0.2","ppm","2","Springfield Near Road Site","24","100.0000","42101","Carbon monoxide","054","47900","Washington-Arlington-Alexandria, DC-VA-MD-WV","51","Virginia","059","Fairfax","38.76835","-77.18347"
"02/09/2026","AQS","510590031","1","0.5","ppm","6","Springfield Near Road Site","24","100.0000","42101","Carbon monoxide","054","47900","Washington-Arlington-Alexandria, DC-VA-MD-WV","51","Virginia","059","Fairfax","38.76835","-77.18347"
"02/10/2026","AQS","510590031","1","0.6","ppm","7","Springfield Near Road Site","18","75.0000","42101","Carbon monoxide","054","47900","Washington-Arlington-Alexandria, DC-VA-MD-WV","51","Virginia","059","Fairfax","38.76835","-77.18347"
"02/11/2026","AQS","510590031","1","0.5","ppm","6","Springfield Near Road Site","24","100.0000","42101","Carbon monoxide","054","47900","Washington-Arlington-Alexandria, DC-VA-MD-WV","51","Virginia","059","Fairfax","38.76835","-77.18347"
"02/12/2026","AQS","510590031","1","0.3","ppm","3","Springfield Near Road Site","24","100.0000","42101","Carbon monoxide","054","47900","Washington-Arlington-Alexandria, DC-VA-MD-WV","51","Virginia","059","Fairfax","38.76835","-77.18347"
"02/13/2026","AQS","510590031","1","0.6","ppm","7","Springfield Near Road Site","24","100.0000","42101","Carbon monoxide","054","47900","Washington-Arlington-Alexandria, DC-VA-MD-WV","51","Virginia","059","Fairfax","38.76835","-77.18347"
"02/14/2026","AQS","510590031","1","0.7","ppm","8","Springfield Near Road Site","24","100.0000","42101","Carbon monoxide","054","47900","Washington-Arlington-Alexandria, DC-VA-MD-WV","51","Virginia","059","Fairfax","38.76835","-77.18347"
"02/15/2026","AQS","510590031","1","0.8","ppm","9","Springfield Near Road Site","24","100.0000","42101","Carbon monoxide","054","47900","Washington-Arlington-Alexandria, DC-VA-MD-WV","51","Virginia","059","Fairfax","38.76835","-77.18347"
"02/16/2026","AQS","510590031","1","0.6","ppm","7","Springfield Near Road Site","24","100.0000","42101","Carbon monoxide","054","47900","Washington-Arlington-Alexandria, DC-VA-MD-WV","51","Virginia","059","Fairfax","38.76835","-77.18347"
"02/17/2026","AQS","510590031","1","0.6","ppm","7","Springfield Near Road Site","24","100.0000","42101","Carbon monoxide","054","47900","Washington-Arlington-Alexandria, DC-VA-MD-WV","51","Virginia","059","Fairfax","38.76835","-77.18347"
"02/18/2026","AQS","510590031","1","0.7","ppm","8","Springfield Near Road Site","24","100.0000","42101","Carbon monoxide","054","47900","Washington-Arlington-Alexandria, DC-VA-MD-WV","51","Virginia","059","Fairfax","38.76835","-77.18347"
"02/19/2026","AQS","510590031","1","0.8","ppm","9","Springfield Near Road Site","24","100.0000","42101","Carbon monoxide","054","47900","Washington-Arlington-Alexandria, DC-VA-MD-WV","51","Virginia","059","Fairfax","38.76835","-77.18347"
"02/20/2026","AQS","510590031","1","0.7","ppm","8","Springfield Near Road Site","24","100.0000","42101","Carbon monoxide","054","47900","Washington-Arlington-Alexandria, DC-VA-MD-WV","51","Virginia","059","Fairfax","38.76835","-77.18347"
"02/21/2026","AQS","510590031","1","0.7","ppm","8","Springfield Near Road Site","24","100.0000","42101","Carbon monoxide","054","47900","Washington-Arlington-Alexandria, DC-VA-MD-WV","51","Virginia","059","Fairfax","38.76835","-77.18347"
"02/22/2026","AQS","510590031","1","0.6","ppm","7","Springfield Near Road Site","24","100.0000","42101","Carbon monoxide","054","47900","Washington-Arlington-Alexandria, DC-VA-MD-WV","51","Virginia","059","Fairfax","38.76835","-77.18347"
"02/23/2026","AQS","510590031","1","0.3","ppm","3","Springfield Near Road Site","24","100.0000","42101","Carbon monoxide","054","47900","Washington-Arlington-Alexandria, DC-VA-MD-WV","51","Virginia","059","Fairfax","38.76835","-77.18347"
"02/24/2026","AQS","510590031","1","0.2","ppm","2","Springfield Near Road Site","24","100.0000","42101","Carbon monoxide","054","47900","Washington-Arlington-Alexandria, DC-VA-MD-WV","51","Virginia","059","Fairfax","38.76835","-77.18347"
"02/25/2026","AQS","510590031","1","0.4","ppm","5","Springfield Near Road Site","24","100.0000","42101","Carbon monoxide","054","47900","Washington-Arlington-Alexandria, DC-VA-MD-WV","51","Virginia","059","Fairfax","38.76835","-77.18347"
"02/26/2026","AQS","510590031","1","0.8","ppm","9","Springfield Near Road Site","24","100.0000","42101","Carbon monoxide","054","47900","Washington-Arlington-Alexandria, DC-VA-MD-WV","51","Virginia","059","Fairfax","38.76835","-77.18347"
"02/27/2026","AQS","510590031","1","0.5","ppm","6","Springfield Near Road Site","24","100.0000","42101","Carbon monoxide","054","47900","Washington-Arlington-Alexandria, DC-VA-MD-WV","51","Virginia","059","Fairfax","38.76835","-77.18347"
"02/28/2026","AQS","510590031","1","0.5","ppm","6","Springfield Near Road Site","24","100.0000","42101","Carbon monoxide","054","47900","Washington-Arlington-Alexandria, DC-VA-MD-WV","51","Virginia","059","Fairfax","38.76835","-77.18347"
"03/01/2026","AQS","510590031","1","0.5","ppm","6","Springfield Near Road Site","24","100.0000","42101","Carbon monoxide","054","47900","Washington-Arlington-Alexandria, DC-VA-MD-WV","51","Virginia","059","Fairfax","38.76835","-77.18347"
"03/02/2026","AQS","510590031","1","0.3","ppm","3","Springfield Near Road Site","24","100.0000","42101","Carbon monoxide","054","47900","Washington-Arlington-Alexandria, DC-VA-MD-WV","51","Virginia","059","Fairfax","38.76835","-77.18347"
"03/03/2026","AQS","510590031","1","0.3","ppm","3","Springfield Near Road Site","24","100.0000","42101","Carbon monoxide","054","47900","Washington-Arlington-Alexandria, DC-VA-MD-WV","51","Virginia","059","Fairfax","38.76835","-77.18347"
"03/04/2026","AQS","510590031","1","0.7","ppm","8","Springfield Near Road Site","24","100.0000","42101","Carbon monoxide","054","47900","Washington-Arlington-Alexandria, DC-VA-MD-WV","51","Virginia","059","Fairfax","38.76835","-77.18347"
"03/05/2026","AQS","510590031","1","0.6","ppm","7","Springfield Near Road Site","24","100.0000","42101","Carbon monoxide","054","47900","Washington-Arlington-Alexandria, DC-VA-MD-WV","51","Virginia","059","Fairfax","38.76835","-77.18347"
"03/06/2026","AQS","510590031","1","0.6","ppm","7","Springfield Near Road Site","24","100.0000","42101","Carbon monoxide","054","47900","Washington-Arlington-Alexandria, DC-VA-MD-WV","51","Virginia","059","Fairfax","38.76835","-77.18347"
"03/07/2026","AQS","510590031","1","0.5","ppm","6","Springfield Near Road Site","24","100.0000","42101","Carbon monoxide","054","47900","Washington-Arlington-Alexandria, DC-VA-MD-WV","51","Virginia","059","Fairfax","38.76835","-77.18347"
"03/08/2026","AQS","510590031","1","0.5","ppm","6","Springfield Near Road Site","24","100.0000","42101","Carbon monoxide","054","47900","Washington-Arlington-Alexandria, DC-VA-MD-WV","51","Virginia","059","Fairfax","38.76835","-77.18347"
"03/09/2026","AQS","510590031","1","0.6","ppm","7","Springfield Near Road Site","24","100.0000","42101","Carbon monoxide","054","47900","Washington-Arlington-Alexandria, DC-VA-MD-WV","51","Virginia","059","Fairfax","38.76835","-77.18347"
"03/10/2026","AQS","510590031","1","0.5","ppm","6","Springfield Near Road Site","24","100.0000","42101","Carbon monoxide","054","47900","Washington-Arlington-Alexandria, DC-VA-MD-WV","51","Virginia","059","Fairfax","38.76835","-77.18347"
"03/11/2026","AQS","510590031","1","0.5","ppm","6","Springfield Near Road Site","24","100.0000","42101","Carbon monoxide","054","47900","Washington-Arlington-Alexandria, DC-VA-MD-WV","51","Virginia","059","Fairfax","38.76835","-77.18347"
"03/12/2026","AQS","510590031","1","0.3","ppm","3","Springfield Near Road Site","24","100.0000","42101","Carbon monoxide","054","47900","Washington-Arlington-Alexandria, DC-VA-MD-WV","51","Virginia","059","Fairfax","38.76835","-77.18347"
"03/13/2026","AQS","510590031","1","0.4","ppm","5","Springfield Near Road Site","24","100.0000","42101","Carbon monoxide","054","47900","Washington-Arlington-Alexandria, DC-VA-MD-WV","51","Virginia","059","Fairfax","38.76835","-77.18347"
"03/14/2026","AQS","510590031","1","0.5","ppm","6","Springfield Near Road Site","24","100.0000","42101","Carbon monoxide","054","47900","Washington-Arlington-Alexandria, DC-VA-MD-WV","51","Virginia","059","Fairfax","38.76835","-77.18347"
"03/15/2026","AQS","510590031","1","0.5","ppm","6","Springfield Near Road Site","24","100.0000","42101","Carbon monoxide","054","47900","Washington-Arlington-Alexandria, DC-VA-MD-WV","51","Virginia","059","Fairfax","38.76835","-77.18347"
"03/16/2026","AQS","510590031","1","0.3","ppm","3","Springfield Near Road Site","24","100.0000","42101","Carbon monoxide","054","47900","Washington-Arlington-Alexandria, DC-VA-MD-WV","51","Virginia","059","Fairfax","38.76835","-77.18347"
"03/17/2026","AQS","510590031","1","0.2","ppm","2","Springfield Near Road Site","24","100.0000","42101","Carbon monoxide","054","47900","Washington-Arlington-Alexandria, DC-VA-MD-WV","51","Virginia","059","Fairfax","38.76835","-77.18347"
"03/18/2026","AQS","510590031","1","0.3","ppm","3","Springfield Near Road Site","24","100.0000","42101","Carbon monoxide","054","47900","Washington-Arlington-Alexandria, DC-VA-MD-WV","51","Virginia","059","Fairfax","38.76835","-77.18347"
"03/19/2026","AQS","510590031","1","0.3","ppm","3","Springfield Near Road Site","24","100.0000","42101","Carbon monoxide","054","47900","Washington-Arlington-Alexandria, DC-VA-MD-WV","51","Virginia","059","Fairfax","38.76835","-77.18347"
"03/20/2026","AQS","510590031","1","0.3","ppm","3","Springfield Near Road Site","24","100.0000","42101","Carbon monoxide","054","47900","Washington-Arlington-Alexandria, DC-VA-MD-WV","51","Virginia","059","Fairfax","38.76835","-77.18347"
"03/21/2026","AQS","510590031","1","0.4","ppm","5","Springfield Near Road Site","24","100.0000","42101","Carbon monoxide","054","47900","Washington-Arlington-Alexandria, DC-VA-MD-WV","51","Virginia","059","Fairfax","38.76835","-77.18347"
"03/22/2026","AQS","510590031","1","0.4","ppm","5","Springfield Near Road Site","24","100.0000","42101","Carbon monoxide","054","47900","Washington-Arlington-Alexandria, DC-VA-MD-WV","51","Virginia","059","Fairfax","38.76835","-77.18347"
"03/23/2026","AQS","510590031","1","0.3","ppm","3","Springfield Near Road Site","24","100.0000","42101","Carbon monoxide","054","47900","Washington-Arlington-Alexandria, DC-VA-MD-WV","51","Virginia","059","Fairfax","38.76835","-77.18347"
"03/24/2026","AQS","510590031","1","0.2","ppm","2","Springfield Near Road Site","24","100.0000","42101","Carbon monoxide","054","47900","Washington-Arlington-Alexandria, DC-VA-MD-WV","51","Virginia","059","Fairfax","38.76835","-77.18347"
"03/25/2026","AQS","510590031","1","0.3","ppm","3","Springfield Near Road Site","24","100.0000","42101","Carbon monoxide","054","47900","Washington-Arlington-Alexandria, DC-VA-MD-WV","51","Virginia","059","Fairfax","38.76835","-77.18347"
"03/26/2026","AQS","510590031","1","0.3","ppm","3","Springfield Near Road Site","24","100.0000","42101","Carbon monoxide","054","47900","Washington-Arlington-Alexandria, DC-VA-MD-WV","51","Virginia","059","Fairfax","38.76835","-77.18347"
"03/27/2026","AQS","510590031","1","0.3","ppm","3","Springfield Near Road Site","24","100.0000","42101","Carbon monoxide","054","47900","Washington-Arlington-Alexandria, DC-VA-MD-WV","51","Virginia","059","Fairfax","38.76835","-77.18347"
"03/28/2026","AQS","510590031","1","0.3","ppm","3","Springfield Near Road Site","24","100.0000","42101","Carbon monoxide","054","47900","Washington-Arlington-Alexandria, DC-VA-MD-WV","51","Virginia","059","Fairfax","38.76835","-77.18347"
"03/29/2026","AQS","510590031","1","0.3","ppm","3","Springfield Near Road Site","24","100.0000","42101","Carbon monoxide","054","47900","Washington-Arlington-Alexandria, DC-VA-MD-WV","51","Virginia","059","Fairfax","38.76835","-77.18347"
"03/30/2026","AQS","510590031","1","0.2","ppm","2","Springfield Near Road Site","24","100.0000","42101","Carbon monoxide","054","47900","Washington-Arlington-Alexandria, DC-VA-MD-WV","51","Virginia","059","Fairfax","38.76835","-77.18347"
"03/31/2026","AQS","510590031","1","0.3","ppm","3","Springfield Near Road Site","24","100.0000","42101","Carbon monoxide","054","47900","Washington-Arlington-Alexandria, DC-VA-MD-WV","51","Virginia","059","Fairfax","38.76835","-77.18347"
"04/01/2026","AQS","510590031","1","0.5","ppm","6","Springfield Near Road Site","24","100.0000","42101","Carbon monoxide","054","47900","Washington-Arlington-Alexandria, DC-VA-MD-WV","51","Virginia","059","Fairfax","38.76835","-77.18347"
"04/02/2026","AQS","510590031","1","0.5","ppm","6","Springfield Near Road Site","24","100.0000","42101","Carbon monoxide","054","47900","Washington-Arlington-Alexandria, DC-VA-MD-WV","51","Virginia","059","Fairfax","38.76835","-77.18347"
"04/03/2026","AQS","510590031","1","0.4","ppm","5","Springfield Near Road Site","24","100.0000","42101","Carbon monoxide","054","47900","Washington-Arlington-Alexandria, DC-VA-MD-WV","51","Virginia","059","Fairfax","38.76835","-77.18347"
"04/04/2026","AQS","510590031","1","0.4","ppm","5","Springfield Near Road Site","24","100.0000","42101","Carbon monoxide","054","47900","Washington-Arlington-Alexandria, DC-VA-MD-WV","51","Virginia","059","Fairfax","38.76835","-77.18347"
"04/05/2026","AQS","510590031","1","0.3","ppm","3","Springfield Near Road Site","24","100.0000","42101","Carbon monoxide","054","47900","Washington-Arlington-Alexandria, DC-VA-MD-WV","51","Virginia","059","Fairfax","38.76835","-77.18347"
"04/06/2026","AQS","510590031","1","0.2","ppm","2","Springfield Near Road Site","17","71.0000","42101","Carbon monoxide","054","47900","Washington-Arlington-Alexandria, DC-VA-MD-WV","51","Virginia","059","Fairfax","38.76835","-77.18347"
"04/07/2026","AQS","510590031","1","0.3","ppm","3","Springfield Near Road Site","24","100.0000","42101","Carbon monoxide","054","47900","Washington-Arlington-Alexandria, DC-VA-MD-WV","51","Virginia","059","Fairfax","38.76835","-77.18347"
"04/08/2026","AQS","510590031","1","0.2","ppm","2","Springfield Near Road Site","24","100.0000","42101","Carbon monoxide","054","47900","Washington-Arlington-Alexandria, DC-VA-MD-WV","51","Virginia","059","Fairfax","38.76835","-77.18347"
"04/09/2026","AQS","510590031","1","0.3","ppm","3","Springfield Near Road Site","24","100.0000","42101","Carbon monoxide","054","47900","Washington-Arlington-Alexandria, DC-VA-MD-WV","51","Virginia","059","Fairfax","38.76835","-77.18347"
"04/10/2026","AQS","510590031","1","0.3","ppm","3","Springfield Near Road Site","24","100.0000","42101","Carbon monoxide","054","47900","Washington-Arlington-Alexandria, DC-VA-MD-WV","51","Virginia","059","Fairfax","38.76835","-77.18347"
"04/11/2026","AQS","510590031","1","0.3","ppm","3","Springfield Near Road Site","24","100.0000","42101","Carbon monoxide","054","47900","Washington-Arlington-Alexandria, DC-VA-MD-WV","51","Virginia","059","Fairfax","38.76835","-77.18347"
"04/12/2026","AQS","510590031","1","0.3","ppm","3","Springfield Near Road Site","24","100.0000","42101","Carbon monoxide","054","47900","Washington-Arlington-Alexandria, DC-VA-MD-WV","51","Virginia","059","Fairfax","38.76835","-77.18347"
"04/13/2026","AQS","510590031","1","0.3","ppm","3","Springfield Near Road Site","24","100.0000","42101","Carbon monoxide","054","47900","Washington-Arlington-Alexandria, DC-VA-MD-WV","51","Virginia","059","Fairfax","38.76835","-77.18347"
"04/14/2026","AQS","510590031","1","0.4","ppm","5","Springfield Near Road Site","24","100.0000","42101","Carbon monoxide","054","47900","Washington-Arlington-Alexandria, DC-VA-MD-WV","51","Virginia","059","Fairfax","38.76835","-77.18347"
"04/15/2026","AQS","510590031","1","0.4","ppm","5","Springfield Near Road Site","24","100.0000","42101","Carbon monoxide","054","47900","Washington-Arlington-Alexandria, DC-VA-MD-WV","51","Virginia","059","Fairfax","38.76835","-77.18347"
"04/16/2026","AQS","510590031","1","0.5","ppm","6","Springfield Near Road Site","24","100.0000","42101","Carbon monoxide","054","47900","Washington-Arlington-Alexandria, DC-VA-MD-WV","51","Virginia","059","Fairfax","38.76835","-77.18347"
"04/17/2026","AQS","510590031","1","0.4","ppm","5","Springfield Near Road Site","24","100.0000","42101","Carbon monoxide","054","47900","Washington-Arlington-Alexandria, DC-VA-MD-WV","51","Virginia","059","Fairfax","38.76835","-77.18347"
"04/18/2026","AQS","510590031","1","0.6","ppm","7","Springfield Near Road Site","24","100.0000","42101","Carbon monoxide","054","47900","Washington-Arlington-Alexandria, DC-VA-MD-WV","51","Virginia","059","Fairfax","38.76835","-77.18347"
"04/19/2026","AQS","510590031","1","0.4","ppm","5","Springfield Near Road Site","24","100.0000","42101","Carbon monoxide","054","47900","Washington-Arlington-Alexandria, DC-VA-MD-WV","51","Virginia","059","Fairfax","38.76835","-77.18347"
"04/20/2026","AQS","510590031","1","0.2","ppm","2","Springfield Near Road Site","24","100.0000","42101","Carbon monoxide","054","47900","Washington-Arlington-Alexandria, DC-VA-MD-WV","51","Virginia","059","Fairfax","38.76835","-77.18347"
"04/21/2026","AQS","510590031","1","0.3","ppm","3","Springfield Near Road Site","16","67.0000","42101","Carbon monoxide","054","47900","Washington-Arlington-Alexandria, DC-VA-MD-WV","51","Virginia","059","Fairfax","38.76835","-77.18347"
"04/22/2026","AQS","510590031","1","0.3","ppm","3","Springfield Near Road Site","24","100.0000","42101","Carbon monoxide","054","47900","Washington-Arlington-Alexandria, DC-VA-MD-WV","51","Virginia","059","Fairfax","38.76835","-77.18347"
"04/23/2026","AQS","510590031","1","0.3","ppm","3","Springfield Near Road Site","24","100.0000","42101","Carbon monoxide","054","47900","Washington-Arlington-Alexandria, DC-VA-MD-WV","51","Virginia","059","Fairfax","38.76835","-77.18347"
"04/24/2026","AQS","510590031","1","0.4","ppm","5","Springfield Near Road Site","24","100.0000","42101","Carbon monoxide","054","47900","Washington-Arlington-Alexandria, DC-VA-MD-WV","51","Virginia","059","Fairfax","38.76835","-77.18347"
"04/25/2026","AQS","510590031","1","0.4","ppm","5","Springfield Near Road Site","24","100.0000","42101","Carbon monoxide","054","47900","Washington-Arlington-Alexandria, DC-VA-MD-WV","51","Virginia","059","Fairfax","38.76835","-77.18347"
"04/26/2026","AQS","510590031","1","0.3","ppm","3","Springfield Near Road Site","24","100.0000","42101","Carbon monoxide","054","47900","Washington-Arlington-Alexandria, DC-VA-MD-WV","51","Virginia","059","Fairfax","38.76835","-77.18347"
"04/27/2026","AQS","510590031","1","0.3","ppm","3","Springfield Near Road Site","24","100.0000","42101","Carbon monoxide","054","47900","Washington-Arlington-Alexandria, DC-VA-MD-WV","51","Virginia","059","Fairfax","38.76835","-77.18347"
"04/28/2026","AQS","510590031","1","0.4","ppm","5","Springfield Near Road Site","24","100.0000","42101","Carbon monoxide","054","47900","Washington-Arlington-Alexandria, DC-VA-MD-WV","51","Virginia","059","Fairfax","38.76835","-77.18347"
"04/29/2026","AQS","510590031","1","0.4","ppm","5","Springfield Near Road Site","24","100.0000","42101","Carbon monoxide","054","47900","Washington-Arlington-Alexandria, DC-VA-MD-WV","51","Virginia","059","Fairfax","38.76835","-77.18347"
"04/30/2026","AQS","510590031","1","0.3","ppm","3","Springfield Near Road Site","24","100.0000","42101","Carbon monoxide","054","47900","Washington-Arlington-Alexandria, DC-VA-MD-WV","51","Virginia","059","Fairfax","38.76835","-77.18347"
"05/01/2026","AQS","510590031","1","0.1","ppm","1","Springfield Near Road Site","2","8.0000","42101","Carbon monoxide","054","47900","Washington-Arlington-Alexandria, DC-VA-MD-WV","51","Virginia","059","Fairfax","38.76835","-77.18347"
"01/01/2026","AQS","510870014","1","0.2","ppm","2","MathScience Innovation Center","19","79.0000","42101","Carbon monoxide","554","40060","Richmond, VA","51","Virginia","087","Henrico","37.556520000912","-77.40027"
"01/02/2026","AQS","510870014","1","0.2","ppm","2","MathScience Innovation Center","24","100.0000","42101","Carbon monoxide","554","40060","Richmond, VA","51","Virginia","087","Henrico","37.556520000912","-77.40027"
"01/03/2026","AQS","510870014","1","0.2","ppm","2","MathScience Innovation Center","24","100.0000","42101","Carbon monoxide","554","40060","Richmond, VA","51","Virginia","087","Henrico","37.556520000912","-77.40027"
"01/04/2026","AQS","510870014","1","0.3","ppm","3","MathScience Innovation Center","24","100.0000","42101","Carbon monoxide","554","40060","Richmond, VA","51","Virginia","087","Henrico","37.556520000912","-77.40027"
"01/05/2026","AQS","510870014","1","0.4","ppm","5","MathScience Innovation Center","24","100.0000","42101","Carbon monoxide","554","40060","Richmond, VA","51","Virginia","087","Henrico","37.556520000912","-77.40027"
"01/06/2026","AQS","510870014","1","0.5","ppm","6","MathScience Innovation Center","24","100.0000","42101","Carbon monoxide","554","40060","Richmond, VA","51","Virginia","087","Henrico","37.556520000912","-77.40027"
"01/07/2026","AQS","510870014","1","0.4","ppm","5","MathScience Innovation Center","24","100.0000","42101","Carbon monoxide","554","40060","Richmond, VA","51","Virginia","087","Henrico","37.556520000912","-77.40027"
"01/08/2026","AQS","510870014","1","0.6","ppm","7","MathScience Innovation Center","24","100.0000","42101","Carbon monoxide","554","40060","Richmond, VA","51","Virginia","087","Henrico","37.556520000912","-77.40027"
"01/09/2026","AQS","510870014","1","0.3","ppm","3","MathScience Innovation Center","24","100.0000","42101","Carbon monoxide","554","40060","Richmond, VA","51","Virginia","087","Henrico","37.556520000912","-77.40027"
"01/10/2026","AQS","510870014","1","0.3","ppm","3","MathScience Innovation Center","24","100.0000","42101","Carbon monoxide","554","40060","Richmond, VA","51","Virginia","087","Henrico","37.556520000912","-77.40027"
"01/11/2026","AQS","510870014","1","0.3","ppm","3","MathScience Innovation Center","24","100.0000","42101","Carbon monoxide","554","40060","Richmond, VA","51","Virginia","087","Henrico","37.556520000912","-77.40027"
"01/12/2026","AQS","510870014","1","0.3","ppm","3","MathScience Innovation Center","24","100.0000","42101","Carbon monoxide","554","40060","Richmond, VA","51","Virginia","087","Henrico","37.556520000912","-77.40027"
"01/13/2026","AQS","510870014","1","0.4","ppm","5","MathScience Innovation Center","24","100.0000","42101","Carbon monoxide","554","40060","Richmond, VA","51","Virginia","087","Henrico","37.556520000912","-77.40027"
"01/14/2026","AQS","510870014","1","0.4","ppm","5","MathScience Innovation Center","24","100.0000","42101","Carbon monoxide","554","40060","Richmond, VA","51","Virginia","087","Henrico","37.556520000912","-77.40027"
"01/15/2026","AQS","510870014","1","0.3","ppm","3","MathScience Innovation Center","24","100.0000","42101","Carbon monoxide","554","40060","Richmond, VA","51","Virginia","087","Henrico","37.556520000912","-77.40027"
"01/16/2026","AQS","510870014","1","0.2","ppm","2","MathScience Innovation Center","24","100.0000","42101","Carbon monoxide","554","40060","Richmond, VA","51","Virginia","087","Henrico","37.556520000912","-77.40027"
"01/17/2026","AQS","510870014","1","0.4","ppm","5","MathScience Innovation Center","24","100.0000","42101","Carbon monoxide","554","40060","Richmond, VA","51","Virginia","087","Henrico","37.556520000912","-77.40027"
"01/18/2026","AQS","510870014","1","0.5","ppm","6","MathScience Innovation Center","24","100.0000","42101","Carbon monoxide","554","40060","Richmond, VA","51","Virginia","087","Henrico","37.556520000912","-77.40027"
"01/19/2026","AQS","510870014","1","0.3","ppm","3","MathScience Innovation Center","24","100.0000","42101","Carbon monoxide","554","40060","Richmond, VA","51","Virginia","087","Henrico","37.556520000912","-77.40027"
"01/20/2026","AQS","510870014","1","0.3","ppm","3","MathScience Innovation Center","24","100.0000","42101","Carbon monoxide","554","40060","Richmond, VA","51","Virginia","087","Henrico","37.556520000912","-77.40027"
"01/21/2026","AQS","510870014","1","0.7","ppm","8","MathScience Innovation Center","24","100.0000","42101","Carbon monoxide","554","40060","Richmond, VA","51","Virginia","087","Henrico","37.556520000912","-77.40027"
"01/22/2026","AQS","510870014","1","0.5","ppm","6","MathScience Innovation Center","24","100.0000","42101","Carbon monoxide","554","40060","Richmond, VA","51","Virginia","087","Henrico","37.556520000912","-77.40027"
"01/23/2026","AQS","510870014","1","0.6","ppm","7","MathScience Innovation Center","21","88.0000","42101","Carbon monoxide","554","40060","Richmond, VA","51","Virginia","087","Henrico","37.556520000912","-77.40027"
"01/24/2026","AQS","510870014","1","0.3","ppm","3","MathScience Innovation Center","24","100.0000","42101","Carbon monoxide","554","40060","Richmond, VA","51","Virginia","087","Henrico","37.556520000912","-77.40027"
"01/25/2026","AQS","510870014","1","0.2","ppm","2","MathScience Innovation Center","24","100.0000","42101","Carbon monoxide","554","40060","Richmond, VA","51","Virginia","087","Henrico","37.556520000912","-77.40027"
"01/26/2026","AQS","510870014","1","0.2","ppm","2","MathScience Innovation Center","24","100.0000","42101","Carbon monoxide","554","40060","Richmond, VA","51","Virginia","087","Henrico","37.556520000912","-77.40027"
"01/27/2026","AQS","510870014","1","0.2","ppm","2","MathScience Innovation Center","24","100.0000","42101","Carbon monoxide","554","40060","Richmond, VA","51","Virginia","087","Henrico","37.556520000912","-77.40027"
"01/28/2026","AQS","510870014","1","0.3","ppm","3","MathScience Innovation Center","24","100.0000","42101","Carbon monoxide","554","40060","Richmond, VA","51","Virginia","087","Henrico","37.556520000912","-77.40027"
"01/29/2026","AQS","510870014","1","0.4","ppm","5","MathScience Innovation Center","24","100.0000","42101","Carbon monoxide","554","40060","Richmond, VA","51","Virginia","087","Henrico","37.556520000912","-77.40027"
"01/30/2026","AQS","510870014","1","0.3","ppm","3","MathScience Innovation Center","24","100.0000","42101","Carbon monoxide","554","40060","Richmond, VA","51","Virginia","087","Henrico","37.556520000912","-77.40027"
"01/31/2026","AQS","510870014","1","0.2","ppm","2","MathScience Innovation Center","24","100.0000","42101","Carbon monoxide","554","40060","Richmond, VA","51","Virginia","087","Henrico","37.556520000912","-77.40027"
"02/01/2026","AQS","510870014","1","0.2","ppm","2","MathScience Innovation Center","24","100.0000","42101","Carbon monoxide","554","40060","Richmond, VA","51","Virginia","087","Henrico","37.556520000912","-77.40027"
"02/02/2026","AQS","510870014","1","0.5","ppm","6","MathScience Innovation Center","24","100.0000","42101","Carbon monoxide","554","40060","Richmond, VA","51","Virginia","087","Henrico","37.556520000912","-77.40027"
"02/03/2026","AQS","510870014","1","0.5","ppm","6","MathScience Innovation Center","24","100.0000","42101","Carbon monoxide","554","40060","Richmond, VA","51","Virginia","087","Henrico","37.556520000912","-77.40027"
"02/04/2026","AQS","510870014","1","0.3","ppm","3","MathScience Innovation Center","24","100.0000","42101","Carbon monoxide","554","40060","Richmond, VA","51","Virginia","087","Henrico","37.556520000912","-77.40027"
"02/05/2026","AQS","510870014","1","0.3","ppm","3","MathScience Innovation Center","24","100.0000","42101","Carbon monoxide","554","40060","Richmond, VA","51","Virginia","087","Henrico","37.556520000912","-77.40027"
"02/06/2026","AQS","510870014","1","0.6","ppm","7","MathScience Innovation Center","24","100.0000","42101","Carbon monoxide","554","40060","Richmond, VA","51","Virginia","087","Henrico","37.556520000912","-77.40027"
"02/07/2026","AQS","510870014","1","0.3","ppm","3","MathScience Innovation Center","24","100.0000","42101","Carbon monoxide","554","40060","Richmond, VA","51","Virginia","087","Henrico","37.556520000912","-77.40027"
"02/08/2026","AQS","510870014","1","0.2","ppm","2","MathScience Innovation Center","24","100.0000","42101","Carbon monoxide","554","40060","Richmond, VA","51","Virginia","087","Henrico","37.556520000912","-77.40027"
"02/09/2026","AQS","510870014","1","0.3","ppm","3","MathScience Innovation Center","24","100.0000","42101","Carbon monoxide","554","40060","Richmond, VA","51","Virginia","087","Henrico","37.556520000912","-77.40027"
"02/10/2026","AQS","510870014","1","0.5","ppm","6","MathScience Innovation Center","24","100.0000","42101","Carbon monoxide","554","40060","Richmond, VA","51","Virginia","087","Henrico","37.556520000912","-77.40027"
"02/11/2026","AQS","510870014","1","0.5","ppm","6","MathScience Innovation Center","24","100.0000","42101","Carbon monoxide","554","40060","Richmond, VA","51","Virginia","087","Henrico","37.556520000912","-77.40027"
"02/12/2026","AQS","510870014","1","0.5","ppm","6","MathScience Innovation Center","24","100.0000","42101","Carbon monoxide","554","40060","Richmond, VA","51","Virginia","087","Henrico","37.556520000912","-77.40027"
"02/13/2026","AQS","510870014","1","0.4","ppm","5","MathScience Innovation Center","24","100.0000","42101","Carbon monoxide","554","40060","Richmond, VA","51","Virginia","087","Henrico","37.556520000912","-77.40027"
"02/14/2026","AQS","510870014","1","0.5","ppm","6","MathScience Innovation Center","24","100.0000","42101","Carbon monoxide","554","40060","Richmond, VA","51","Virginia","087","Henrico","37.556520000912","-77.40027"
"02/15/2026","AQS","510870014","1","0.6","ppm","7","MathScience Innovation Center","24","100.0000","42101","Carbon monoxide","554","40060","Richmond, VA","51","Virginia","087","Henrico","37.556520000912","-77.40027"
"02/16/2026","AQS","510870014","1","0.3","ppm","3","MathScience Innovation Center","24","100.0000","42101","Carbon monoxide","554","40060","Richmond, VA","51","Virginia","087","Henrico","37.556520000912","-77.40027"
"02/17/2026","AQS","510870014","1","0.3","ppm","3","MathScience Innovation Center","24","100.0000","42101","Carbon monoxide","554","40060","Richmond, VA","51","Virginia","087","Henrico","37.556520000912","-77.40027"
"02/18/2026","AQS","510870014","1","0.3","ppm","3","MathScience Innovation Center","24","100.0000","42101","Carbon monoxide","554","40060","Richmond, VA","51","Virginia","087","Henrico","37.556520000912","-77.40027"
"02/19/2026","AQS","510870014","1","0.5","ppm","6","MathScience Innovation Center","24","100.0000","42101","Carbon monoxide","554","40060","Richmond, VA","51","Virginia","087","Henrico","37.556520000912","-77.40027"
"02/20/2026","AQS","510870014","1","0.3","ppm","3","MathScience Innovation Center","24","100.0000","42101","Carbon monoxide","554","40060","Richmond, VA","51","Virginia","087","Henrico","37.556520000912","-77.40027"
"02/21/2026","AQS","510870014","1","0.3","ppm","3","MathScience Innovation Center","24","100.0000","42101","Carbon monoxide","554","40060","Richmond, VA","51","Virginia","087","Henrico","37.556520000912","-77.40027"
"02/22/2026","AQS","510870014","1","0.2","ppm","2","MathScience Innovation Center","24","100.0000","42101","Carbon monoxide","554","40060","Richmond, VA","51","Virginia","087","Henrico","37.556520000912","-77.40027"
"02/23/2026","AQS","510870014","1","0.2","ppm","2","MathScience Innovation Center","24","100.0000","42101","Carbon monoxide","554","40060","Richmond, VA","51","Virginia","087","Henrico","37.556520000912","-77.40027"
"02/24/2026","AQS","510870014","1","0.2","ppm","2","MathScience Innovation Center","24","100.0000","42101","Carbon monoxide","554","40060","Richmond, VA","51","Virginia","087","Henrico","37.556520000912","-77.40027"
"02/25/2026","AQS","510870014","1","0.3","ppm","3","MathScience Innovation Center","24","100.0000","42101","Carbon monoxide","554","40060","Richmond, VA","51","Virginia","087","Henrico","37.556520000912","-77.40027"
"02/26/2026","AQS","510870014","1","0.3","ppm","3","MathScience Innovation Center","24","100.0000","42101","Carbon monoxide","554","40060","Richmond, VA","51","Virginia","087","Henrico","37.556520000912","-77.40027"
"02/27/2026","AQS","510870014","1","0.3","ppm","3","MathScience Innovation Center","24","100.0000","42101","Carbon monoxide","554","40060","Richmond, VA","51","Virginia","087","Henrico","37.556520000912","-77.40027"
"02/28/2026","AQS","510870014","1","0.4","ppm","5","MathScience Innovation Center","24","100.0000","42101","Carbon monoxide","554","40060","Richmond, VA","51","Virginia","087","Henrico","37.556520000912","-77.40027"
"03/01/2026","AQS","510870014","1","0.5","ppm","6","MathScience Innovation Center","24","100.0000","42101","Carbon monoxide","554","40060","Richmond, VA","51","Virginia","087","Henrico","37.556520000912","-77.40027"
"03/02/2026","AQS","510870014","1","0.2","ppm","2","MathScience Innovation Center","24","100.0000","42101","Carbon monoxide","554","40060","Richmond, VA","51","Virginia","087","Henrico","37.556520000912","-77.40027"
"03/03/2026","AQS","510870014","1","0.3","ppm","3","MathScience Innovation Center","24","100.0000","42101","Carbon monoxide","554","40060","Richmond, VA","51","Virginia","087","Henrico","37.556520000912","-77.40027"
"03/04/2026","AQS","510870014","1","0.3","ppm","3","MathScience Innovation Center","24","100.0000","42101","Carbon monoxide","554","40060","Richmond, VA","51","Virginia","087","Henrico","37.556520000912","-77.40027"
"03/05/2026","AQS","510870014","1","0.3","ppm","3","MathScience Innovation Center","24","100.0000","42101","Carbon monoxide","554","40060","Richmond, VA","51","Virginia","087","Henrico","37.556520000912","-77.40027"
"03/06/2026","AQS","510870014","1","0.3","ppm","3","MathScience Innovation Center","24","100.0000","42101","Carbon monoxide","554","40060","Richmond, VA","51","Virginia","087","Henrico","37.556520000912","-77.40027"
"03/07/2026","AQS","510870014","1","0.2","ppm","2","MathScience Innovation Center","24","100.0000","42101","Carbon monoxide","554","40060","Richmond, VA","51","Virginia","087","Henrico","37.556520000912","-77.40027"
"03/08/2026","AQS","510870014","1","0.2","ppm","2","MathScience Innovation Center","24","100.0000","42101","Carbon monoxide","554","40060","Richmond, VA","51","Virginia","087","Henrico","37.556520000912","-77.40027"
"03/09/2026","AQS","510870014","1","0.4","ppm","5","MathScience Innovation Center","24","100.0000","42101","Carbon monoxide","554","40060","Richmond, VA","51","Virginia","087","Henrico","37.556520000912","-77.40027"
"03/10/2026","AQS","510870014","1","0.4","ppm","5","MathScience Innovation Center","24","100.0000","42101","Carbon monoxide","554","40060","Richmond, VA","51","Virginia","087","Henrico","37.556520000912","-77.40027"
"03/11/2026","AQS","510870014","1","0.2","ppm","2","MathScience Innovation Center","24","100.0000","42101","Carbon monoxide","554","40060","Richmond, VA","51","Virginia","087","Henrico","37.556520000912","-77.40027"
"03/12/2026","AQS","510870014","1","0.2","ppm","2","MathScience Innovation Center","24","100.0000","42101","Carbon monoxide","554","40060","Richmond, VA","51","Virginia","087","Henrico","37.556520000912","-77.40027"
"03/13/2026","AQS","510870014","1","0.3","ppm","3","MathScience Innovation Center","24","100.0000","42101","Carbon monoxide","554","40060","Richmond, VA","51","Virginia","087","Henrico","37.556520000912","-77.40027"
"03/14/2026","AQS","510870014","1","0.2","ppm","2","MathScience Innovation Center","24","100.0000","42101","Carbon monoxide","554","40060","Richmond, VA","51","Virginia","087","Henrico","37.556520000912","-77.40027"
"03/15/2026","AQS","510870014","1","0.1","ppm","1","MathScience Innovation Center","24","100.0000","42101","Carbon monoxide","554","40060","Richmond, VA","51","Virginia","087","Henrico","37.556520000912","-77.40027"
"03/16/2026","AQS","510870014","1","0.1","ppm","1","MathScience Innovation Center","24","100.0000","42101","Carbon monoxide","554","40060","Richmond, VA","51","Virginia","087","Henrico","37.556520000912","-77.40027"
"03/17/2026","AQS","510870014","1","0.2","ppm","2","MathScience Innovation Center","24","100.0000","42101","Carbon monoxide","554","40060","Richmond, VA","51","Virginia","087","Henrico","37.556520000912","-77.40027"
"03/18/2026","AQS","510870014","1","0.2","ppm","2","MathScience Innovation Center","24","100.0000","42101","Carbon monoxide","554","40060","Richmond, VA","51","Virginia","087","Henrico","37.556520000912","-77.40027"
"03/19/2026","AQS","510870014","1","0.2","ppm","2","MathScience Innovation Center","24","100.0000","42101","Carbon monoxide","554","40060","Richmond, VA","51","Virginia","087","Henrico","37.556520000912","-77.40027"
"03/20/2026","AQS","510870014","1","0.2","ppm","2","MathScience Innovation Center","24","100.0000","42101","Carbon monoxide","554","40060","Richmond, VA","51","Virginia","087","Henrico","37.556520000912","-77.40027"
"03/21/2026","AQS","510870014","1","0.2","ppm","2","MathScience Innovation Center","24","100.0000","42101","Carbon monoxide","554","40060","Richmond, VA","51","Virginia","087","Henrico","37.556520000912","-77.40027"
"03/22/2026","AQS","510870014","1","0.2","ppm","2","MathScience Innovation Center","24","100.0000","42101","Carbon monoxide","554","40060","Richmond, VA","51","Virginia","087","Henrico","37.556520000912","-77.40027"
"03/23/2026","AQS","510870014","1","0.2","ppm","2","MathScience Innovation Center","24","100.0000","42101","Carbon monoxide","554","40060","Richmond, VA","51","Virginia","087","Henrico","37.556520000912","-77.40027"
"03/24/2026","AQS","510870014","1","0.2","ppm","2","MathScience Innovation Center","22","92.0000","42101","Carbon monoxide","554","40060","Richmond, VA","51","Virginia","087","Henrico","37.556520000912","-77.40027"
"03/25/2026","AQS","510870014","1","0.2","ppm","2","MathScience Innovation Center","24","100.0000","42101","Carbon monoxide","554","40060","Richmond, VA","51","Virginia","087","Henrico","37.556520000912","-77.40027"
"03/26/2026","AQS","510870014","1","0.2","ppm","2","MathScience Innovation Center","24","100.0000","42101","Carbon monoxide","554","40060","Richmond, VA","51","Virginia","087","Henrico","37.556520000912","-77.40027"
"03/27/2026","AQS","510870014","1","0.2","ppm","2","MathScience Innovation Center","20","83.0000","42101","Carbon monoxide","554","40060","Richmond, VA","51","Virginia","087","Henrico","37.556520000912","-77.40027"
"03/28/2026","AQS","510870014","1","0.2","ppm","2","MathScience Innovation Center","24","100.0000","42101","Carbon monoxide","554","40060","Richmond, VA","51","Virginia","087","Henrico","37.556520000912","-77.40027"
"03/29/2026","AQS","510870014","1","0.3","ppm","3","MathScience Innovation Center","24","100.0000","42101","Carbon monoxide","554","40060","Richmond, VA","51","Virginia","087","Henrico","37.556520000912","-77.40027"
"03/30/2026","AQS","510870014","1","0.2","ppm","2","MathScience Innovation Center","24","100.0000","42101","Carbon monoxide","554","40060","Richmond, VA","51","Virginia","087","Henrico","37.556520000912","-77.40027"
"03/31/2026","AQS","510870014","1","0.2","ppm","2","MathScience Innovation Center","24","100.0000","42101","Carbon monoxide","554","40060","Richmond, VA","51","Virginia","087","Henrico","37.556520000912","-77.40027"
"04/01/2026","AQS","510870014","1","0.3","ppm","3","MathScience Innovation Center","24","100.0000","42101","Carbon monoxide","554","40060","Richmond, VA","51","Virginia","087","Henrico","37.556520000912","-77.40027"
"04/02/2026","AQS","510870014","1","0.2","ppm","2","MathScience Innovation Center","24","100.0000","42101","Carbon monoxide","554","40060","Richmond, VA","51","Virginia","087","Henrico","37.556520000912","-77.40027"
"04/03/2026","AQS","510870014","1","0.2","ppm","2","MathScience Innovation Center","24","100.0000","42101","Carbon monoxide","554","40060","Richmond, VA","51","Virginia","087","Henrico","37.556520000912","-77.40027"
"04/04/2026","AQS","510870014","1","0.2","ppm","2","MathScience Innovation Center","24","100.0000","42101","Carbon monoxide","554","40060","Richmond, VA","51","Virginia","087","Henrico","37.556520000912","-77.40027"
"04/05/2026","AQS","510870014","1","0.2","ppm","2","MathScience Innovation Center","24","100.0000","42101","Carbon monoxide","554","40060","Richmond, VA","51","Virginia","087","Henrico","37.556520000912","-77.40027"
"04/06/2026","AQS","510870014","1","0.2","ppm","2","MathScience Innovation Center","24","100.0000","42101","Carbon monoxide","554","40060","Richmond, VA","51","Virginia","087","Henrico","37.556520000912","-77.40027"
"04/07/2026","AQS","510870014","1","0.2","ppm","2","MathScience Innovation Center","24","100.0000","42101","Carbon monoxide","554","40060","Richmond, VA","51","Virginia","087","Henrico","37.556520000912","-77.40027"
"04/08/2026","AQS","510870014","1","0.1","ppm","1","MathScience Innovation Center","23","96.0000","42101","Carbon monoxide","554","40060","Richmond, VA","51","Virginia","087","Henrico","37.556520000912","-77.40027"
"04/09/2026","AQS","510870014","1","0.2","ppm","2","MathScience Innovation Center","24","100.0000","42101","Carbon monoxide","554","40060","Richmond, VA","51","Virginia","087","Henrico","37.556520000912","-77.40027"
"04/10/2026","AQS","510870014","1","0.2","ppm","2","MathScience Innovation Center","24","100.0000","42101","Carbon monoxide","554","40060","Richmond, VA","51","Virginia","087","Henrico","37.556520000912","-77.40027"
"04/11/2026","AQS","510870014","1","0.3","ppm","3","MathScience Innovation Center","24","100.0000","42101","Carbon monoxide","554","40060","Richmond, VA","51","Virginia","087","Henrico","37.556520000912","-77.40027"
"04/12/2026","AQS","510870014","1","0.2","ppm","2","MathScience Innovation Center","24","100.0000","42101","Carbon monoxide","554","40060","Richmond, VA","51","Virginia","087","Henrico","37.556520000912","-77.40027"
"04/13/2026","AQS","510870014","1","0.2","ppm","2","MathScience Innovation Center","24","100.0000","42101","Carbon monoxide","554","40060","Richmond, VA","51","Virginia","087","Henrico","37.556520000912","-77.40027"
"04/14/2026","AQS","510870014","1","0.2","ppm","2","MathScience Innovation Center","20","83.0000","42101","Carbon monoxide","554","40060","Richmond, VA","51","Virginia","087","Henrico","37.556520000912","-77.40027"
"04/15/2026","AQS","510870014","1","0.3","ppm","3","MathScience Innovation Center","24","100.0000","42101","Carbon monoxide","554","40060","Richmond, VA","51","Virginia","087","Henrico","37.556520000912","-77.40027"
"04/16/2026","AQS","510870014","1","0.2","ppm","2","MathScience Innovation Center","24","100.0000","42101","Carbon monoxide","554","40060","Richmond, VA","51","Virginia","087","Henrico","37.556520000912","-77.40027"
"04/17/2026","AQS","510870014","1","0.2","ppm","2","MathScience Innovation Center","21","88.0000","42101","Carbon monoxide","554","40060","Richmond, VA","51","Virginia","087","Henrico","37.556520000912","-77.40027"
"04/18/2026","AQS","510870014","1","0.2","ppm","2","MathScience Innovation Center","24","100.0000","42101","Carbon monoxide","554","40060","Richmond, VA","51","Virginia","087","Henrico","37.556520000912","-77.40027"
"04/19/2026","AQS","510870014","1","0.2","ppm","2","MathScience Innovation Center","24","100.0000","42101","Carbon monoxide","554","40060","Richmond, VA","51","Virginia","087","Henrico","37.556520000912","-77.40027"
"04/20/2026","AQS","510870014","1","0.2","ppm","2","MathScience Innovation Center","24","100.0000","42101","Carbon monoxide","554","40060","Richmond, VA","51","Virginia","087","Henrico","37.556520000912","-77.40027"
"04/21/2026","AQS","510870014","1","0.2","ppm","2","MathScience Innovation Center","24","100.0000","42101","Carbon monoxide","554","40060","Richmond, VA","51","Virginia","087","Henrico","37.556520000912","-77.40027"
"04/22/2026","AQS","510870014","1","0.2","ppm","2","MathScience Innovation Center","24","100.0000","42101","Carbon monoxide","554","40060","Richmond, VA","51","Virginia","087","Henrico","37.556520000912","-77.40027"
"04/23/2026","AQS","510870014","1","0.3","ppm","3","MathScience Innovation Center","24","100.0000","42101","Carbon monoxide","554","40060","Richmond, VA","51","Virginia","087","Henrico","37.556520000912","-77.40027"
"04/24/2026","AQS","510870014","1","0.3","ppm","3","MathScience Innovation Center","24","100.0000","42101","Carbon monoxide","554","40060","Richmond, VA","51","Virginia","087","Henrico","37.556520000912","-77.40027"
"04/25/2026","AQS","510870014","1","0.2","ppm","2","MathScience Innovation Center","24","100.0000","42101","Carbon monoxide","554","40060","Richmond, VA","51","Virginia","087","Henrico","37.556520000912","-77.40027"
"04/26/2026","AQS","510870014","1","0.1","ppm","1","MathScience Innovation Center","24","100.0000","42101","Carbon monoxide","554","40060","Richmond, VA","51","Virginia","087","Henrico","37.556520000912","-77.40027"
"04/27/2026","AQS","510870014","1","0.2","ppm","2","MathScience Innovation Center","24","100.0000","42101","Carbon monoxide","554","40060","Richmond, VA","51","Virginia","087","Henrico","37.556520000912","-77.40027"
"04/28/2026","AQS","510870014","1","0.2","ppm","2","MathScience Innovation Center","24","100.0000","42101","Carbon monoxide","554","40060","Richmond, VA","51","Virginia","087","Henrico","37.556520000912","-77.40027"
"04/29/2026","AQS","510870014","1","0.2","ppm","2","MathScience Innovation Center","24","100.0000","42101","Carbon monoxide","554","40060","Richmond, VA","51","Virginia","087","Henrico","37.556520000912","-77.40027"
"04/30/2026","AQS","510870014","1","0.2","ppm","2","MathScience Innovation Center","24","100.0000","42101","Carbon monoxide","554","40060","Richmond, VA","51","Virginia","087","Henrico","37.556520000912","-77.40027"
"05/01/2026","AQS","510870014","1","0.1","ppm","1","MathScience Innovation Center","2","8.0000","42101","Carbon monoxide","554","40060","Richmond, VA","51","Virginia","087","Henrico","37.556520000912","-77.40027"
"01/01/2026","AQS","511611004","1","0.2","ppm","2","East Vinton Elementary School","19","79.0000","42101","Carbon monoxide","054","40220","Roanoke, VA","51","Virginia","161","Roanoke","37.2834200009096","-79.88452"
"01/02/2026","AQS","511611004","1","0.3","ppm","3","East Vinton Elementary School","24","100.0000","42101","Carbon monoxide","054","40220","Roanoke, VA","51","Virginia","161","Roanoke","37.2834200009096","-79.88452"
"01/03/2026","AQS","511611004","1","0.2","ppm","2","East Vinton Elementary School","24","100.0000","42101","Carbon monoxide","054","40220","Roanoke, VA","51","Virginia","161","Roanoke","37.2834200009096","-79.88452"
"01/04/2026","AQS","511611004","1","0.4","ppm","5","East Vinton Elementary School","24","100.0000","42101","Carbon monoxide","054","40220","Roanoke, VA","51","Virginia","161","Roanoke","37.2834200009096","-79.88452"
"01/05/2026","AQS","511611004","1","0.3","ppm","3","East Vinton Elementary School","24","100.0000","42101","Carbon monoxide","054","40220","Roanoke, VA","51","Virginia","161","Roanoke","37.2834200009096","-79.88452"
"01/06/2026","AQS","511611004","1","0.5","ppm","6","East Vinton Elementary School","24","100.0000","42101","Carbon monoxide","054","40220","Roanoke, VA","51","Virginia","161","Roanoke","37.2834200009096","-79.88452"
"01/07/2026","AQS","511611004","1","0.1","ppm","1","East Vinton Elementary School","24","100.0000","42101","Carbon monoxide","054","40220","Roanoke, VA","51","Virginia","161","Roanoke","37.2834200009096","-79.88452"
"01/08/2026","AQS","511611004","1","0.3","ppm","3","East Vinton Elementary School","24","100.0000","42101","Carbon monoxide","054","40220","Roanoke, VA","51","Virginia","161","Roanoke","37.2834200009096","-79.88452"
"01/09/2026","AQS","511611004","1","0.3","ppm","3","East Vinton Elementary School","24","100.0000","42101","Carbon monoxide","054","40220","Roanoke, VA","51","Virginia","161","Roanoke","37.2834200009096","-79.88452"
"01/10/2026","AQS","511611004","1","0.5","ppm","6","East Vinton Elementary School","24","100.0000","42101","Carbon monoxide","054","40220","Roanoke, VA","51","Virginia","161","Roanoke","37.2834200009096","-79.88452"
"01/11/2026","AQS","511611004","1","0.2","ppm","2","East Vinton Elementary School","24","100.0000","42101","Carbon monoxide","054","40220","Roanoke, VA","51","Virginia","161","Roanoke","37.2834200009096","-79.88452"
"01/12/2026","AQS","511611004","1","0.1","ppm","1","East Vinton Elementary School","24","100.0000","42101","Carbon monoxide","054","40220","Roanoke, VA","51","Virginia","161","Roanoke","37.2834200009096","-79.88452"
"01/13/2026","AQS","511611004","1","0.1","ppm","1","East Vinton Elementary School","24","100.0000","42101","Carbon monoxide","054","40220","Roanoke, VA","51","Virginia","161","Roanoke","37.2834200009096","-79.88452"
"01/14/2026","AQS","511611004","1","0.1","ppm","1","East Vinton Elementary School","24","100.0000","42101","Carbon monoxide","054","40220","Roanoke, VA","51","Virginia","161","Roanoke","37.2834200009096","-79.88452"
"01/15/2026","AQS","511611004","1","0.3","ppm","3","East Vinton Elementary School","24","100.0000","42101","Carbon monoxide","054","40220","Roanoke, VA","51","Virginia","161","Roanoke","37.2834200009096","-79.88452"
"01/16/2026","AQS","511611004","1","0.3","ppm","3","East Vinton Elementary School","24","100.0000","42101","Carbon monoxide","054","40220","Roanoke, VA","51","Virginia","161","Roanoke","37.2834200009096","-79.88452"
"01/17/2026","AQS","511611004","1","0.5","ppm","6","East Vinton Elementary School","24","100.0000","42101","Carbon monoxide","054","40220","Roanoke, VA","51","Virginia","161","Roanoke","37.2834200009096","-79.88452"
"01/18/2026","AQS","511611004","1","0.4","ppm","5","East Vinton Elementary School","24","100.0000","42101","Carbon monoxide","054","40220","Roanoke, VA","51","Virginia","161","Roanoke","37.2834200009096","-79.88452"
"01/19/2026","AQS","511611004","1","0.2","ppm","2","East Vinton Elementary School","24","100.0000","42101","Carbon monoxide","054","40220","Roanoke, VA","51","Virginia","161","Roanoke","37.2834200009096","-79.88452"
"01/20/2026","AQS","511611004","1","0.2","ppm","2","East Vinton Elementary School","24","100.0000","42101","Carbon monoxide","054","40220","Roanoke, VA","51","Virginia","161","Roanoke","37.2834200009096","-79.88452"
"01/21/2026","AQS","511611004","1","0.4","ppm","5","East Vinton Elementary School","24","100.0000","42101","Carbon monoxide","054","40220","Roanoke, VA","51","Virginia","161","Roanoke","37.2834200009096","-79.88452"
"01/22/2026","AQS","511611004","1","0.3","ppm","3","East Vinton Elementary School","24","100.0000","42101","Carbon monoxide","054","40220","Roanoke, VA","51","Virginia","161","Roanoke","37.2834200009096","-79.88452"
"01/23/2026","AQS","511611004","1","0.2","ppm","2","East Vinton Elementary School","24","100.0000","42101","Carbon monoxide","054","40220","Roanoke, VA","51","Virginia","161","Roanoke","37.2834200009096","-79.88452"
"01/24/2026","AQS","511611004","1","0.2","ppm","2","East Vinton Elementary School","24","100.0000","42101","Carbon monoxide","054","40220","Roanoke, VA","51","Virginia","161","Roanoke","37.2834200009096","-79.88452"
"01/25/2026","AQS","511611004","1","0.3","ppm","3","East Vinton Elementary School","24","100.0000","42101","Carbon monoxide","054","40220","Roanoke, VA","51","Virginia","161","Roanoke","37.2834200009096","-79.88452"
"01/26/2026","AQS","511611004","1","0.3","ppm","3","East Vinton Elementary School","24","100.0000","42101","Carbon monoxide","054","40220","Roanoke, VA","51","Virginia","161","Roanoke","37.2834200009096","-79.88452"
"01/27/2026","AQS","511611004","1","0.2","ppm","2","East Vinton Elementary School","24","100.0000","42101","Carbon monoxide","054","40220","Roanoke, VA","51","Virginia","161","Roanoke","37.2834200009096","-79.88452"
"01/28/2026","AQS","511611004","1","0.2","ppm","2","East Vinton Elementary School","24","100.0000","42101","Carbon monoxide","054","40220","Roanoke, VA","51","Virginia","161","Roanoke","37.2834200009096","-79.88452"
"01/29/2026","AQS","511611004","1","0.2","ppm","2","East Vinton Elementary School","24","100.0000","42101","Carbon monoxide","054","40220","Roanoke, VA","51","Virginia","161","Roanoke","37.2834200009096","-79.88452"
"01/30/2026","AQS","511611004","1","0.3","ppm","3","East Vinton Elementary School","24","100.0000","42101","Carbon monoxide","054","40220","Roanoke, VA","51","Virginia","161","Roanoke","37.2834200009096","-79.88452"
"01/31/2026","AQS","511611004","1","0.2","ppm","2","East Vinton Elementary School","24","100.0000","42101","Carbon monoxide","054","40220","Roanoke, VA","51","Virginia","161","Roanoke","37.2834200009096","-79.88452"
"02/01/2026","AQS","511611004","1","0.2","ppm","2","East Vinton Elementary School","24","100.0000","42101","Carbon monoxide","054","40220","Roanoke, VA","51","Virginia","161","Roanoke","37.2834200009096","-79.88452"
"02/02/2026","AQS","511611004","1","0.2","ppm","2","East Vinton Elementary School","24","100.0000","42101","Carbon monoxide","054","40220","Roanoke, VA","51","Virginia","161","Roanoke","37.2834200009096","-79.88452"
"02/03/2026","AQS","511611004","1","0.2","ppm","2","East Vinton Elementary School","24","100.0000","42101","Carbon monoxide","054","40220","Roanoke, VA","51","Virginia","161","Roanoke","37.2834200009096","-79.88452"
"02/04/2026","AQS","511611004","1","0.2","ppm","2","East Vinton Elementary School","24","100.0000","42101","Carbon monoxide","054","40220","Roanoke, VA","51","Virginia","161","Roanoke","37.2834200009096","-79.88452"
"02/05/2026","AQS","511611004","1","0.2","ppm","2","East Vinton Elementary School","24","100.0000","42101","Carbon monoxide","054","40220","Roanoke, VA","51","Virginia","161","Roanoke","37.2834200009096","-79.88452"
"02/06/2026","AQS","511611004","1","0.1","ppm","1","East Vinton Elementary School","24","100.0000","42101","Carbon monoxide","054","40220","Roanoke, VA","51","Virginia","161","Roanoke","37.2834200009096","-79.88452"
"02/07/2026","AQS","511611004","1","0","ppm","0","East Vinton Elementary School","24","100.0000","42101","Carbon monoxide","054","40220","Roanoke, VA","51","Virginia","161","Roanoke","37.2834200009096","-79.88452"
"02/08/2026","AQS","511611004","1","0","ppm","0","East Vinton Elementary School","24","100.0000","42101","Carbon monoxide","054","40220","Roanoke, VA","51","Virginia","161","Roanoke","37.2834200009096","-79.88452"
"02/09/2026","AQS","511611004","1","0.1","ppm","1","East Vinton Elementary School","24","100.0000","42101","Carbon monoxide","054","40220","Roanoke, VA","51","Virginia","161","Roanoke","37.2834200009096","-79.88452"
"02/10/2026","AQS","511611004","1","0.4","ppm","5","East Vinton Elementary School","24","100.0000","42101","Carbon monoxide","054","40220","Roanoke, VA","51","Virginia","161","Roanoke","37.2834200009096","-79.88452"
"02/11/2026","AQS","511611004","1","0.1","ppm","1","East Vinton Elementary School","24","100.0000","42101","Carbon monoxide","054","40220","Roanoke, VA","51","Virginia","161","Roanoke","37.2834200009096","-79.88452"
"02/12/2026","AQS","511611004","1","0.1","ppm","1","East Vinton Elementary School","24","100.0000","42101","Carbon monoxide","054","40220","Roanoke, VA","51","Virginia","161","Roanoke","37.2834200009096","-79.88452"
"02/13/2026","AQS","511611004","1","0.1","ppm","1","East Vinton Elementary School","24","100.0000","42101","Carbon monoxide","054","40220","Roanoke, VA","51","Virginia","161","Roanoke","37.2834200009096","-79.88452"
"02/14/2026","AQS","511611004","1","0.2","ppm","2","East Vinton Elementary School","24","100.0000","42101","Carbon monoxide","054","40220","Roanoke, VA","51","Virginia","161","Roanoke","37.2834200009096","-79.88452"
"02/15/2026","AQS","511611004","1","0.3","ppm","3","East Vinton Elementary School","24","100.0000","42101","Carbon monoxide","054","40220","Roanoke, VA","51","Virginia","161","Roanoke","37.2834200009096","-79.88452"
"02/16/2026","AQS","511611004","1","0.1","ppm","1","East Vinton Elementary School","4","17.0000","42101","Carbon monoxide","054","40220","Roanoke, VA","51","Virginia","161","Roanoke","37.2834200009096","-79.88452"
"02/20/2026","AQS","511611004","1","0.2","ppm","2","East Vinton Elementary School","8","33.0000","42101","Carbon monoxide","054","40220","Roanoke, VA","51","Virginia","161","Roanoke","37.2834200009096","-79.88452"
"02/21/2026","AQS","511611004","1","0.1","ppm","1","East Vinton Elementary School","24","100.0000","42101","Carbon monoxide","054","40220","Roanoke, VA","51","Virginia","161","Roanoke","37.2834200009096","-79.88452"
"02/22/2026","AQS","511611004","1","0.2","ppm","2","East Vinton Elementary School","24","100.0000","42101","Carbon monoxide","054","40220","Roanoke, VA","51","Virginia","161","Roanoke","37.2834200009096","-79.88452"
"02/23/2026","AQS","511611004","1","0.2","ppm","2","East Vinton Elementary School","24","100.0000","42101","Carbon monoxide","054","40220","Roanoke, VA","51","Virginia","161","Roanoke","37.2834200009096","-79.88452"
"02/24/2026","AQS","511611004","1","0.2","ppm","2","East Vinton Elementary School","24","100.0000","42101","Carbon monoxide","054","40220","Roanoke, VA","51","Virginia","161","Roanoke","37.2834200009096","-79.88452"
"02/25/2026","AQS","511611004","1","0.2","ppm","2","East Vinton Elementary School","24","100.0000","42101","Carbon monoxide","054","40220","Roanoke, VA","51","Virginia","161","Roanoke","37.2834200009096","-79.88452"
"02/26/2026","AQS","511611004","1","0.3","ppm","3","East Vinton Elementary School","24","100.0000","42101","Carbon monoxide","054","40220","Roanoke, VA","51","Virginia","161","Roanoke","37.2834200009096","-79.88452"
"02/27/2026","AQS","511611004","1","0.3","ppm","3","East Vinton Elementary School","24","100.0000","42101","Carbon monoxide","054","40220","Roanoke, VA","51","Virginia","161","Roanoke","37.2834200009096","-79.88452"
"02/28/2026","AQS","511611004","1","0.3","ppm","3","East Vinton Elementary School","24","100.0000","42101","Carbon monoxide","054","40220","Roanoke, VA","51","Virginia","161","Roanoke","37.2834200009096","-79.88452"
"03/01/2026","AQS","511611004","1","0.3","ppm","3","East Vinton Elementary School","24","100.0000","42101","Carbon monoxide","054","40220","Roanoke, VA","51","Virginia","161","Roanoke","37.2834200009096","-79.88452"
"03/02/2026","AQS","511611004","1","0.3","ppm","3","East Vinton Elementary School","24","100.0000","42101","Carbon monoxide","054","40220","Roanoke, VA","51","Virginia","161","Roanoke","37.2834200009096","-79.88452"
"03/03/2026","AQS","511611004","1","0.4","ppm","5","East Vinton Elementary School","24","100.0000","42101","Carbon monoxide","054","40220","Roanoke, VA","51","Virginia","161","Roanoke","37.2834200009096","-79.88452"
"03/04/2026","AQS","511611004","1","0.5","ppm","6","East Vinton Elementary School","24","100.0000","42101","Carbon monoxide","054","40220","Roanoke, VA","51","Virginia","161","Roanoke","37.2834200009096","-79.88452"
"03/05/2026","AQS","511611004","1","0.5","ppm","6","East Vinton Elementary School","24","100.0000","42101","Carbon monoxide","054","40220","Roanoke, VA","51","Virginia","161","Roanoke","37.2834200009096","-79.88452"
"03/06/2026","AQS","511611004","1","0.3","ppm","3","East Vinton Elementary School","24","100.0000","42101","Carbon monoxide","054","40220","Roanoke, VA","51","Virginia","161","Roanoke","37.2834200009096","-79.88452"
"03/07/2026","AQS","511611004","1","0.3","ppm","3","East Vinton Elementary School","24","100.0000","42101","Carbon monoxide","054","40220","Roanoke, VA","51","Virginia","161","Roanoke","37.2834200009096","-79.88452"
"03/08/2026","AQS","511611004","1","0.2","ppm","2","East Vinton Elementary School","24","100.0000","42101","Carbon monoxide","054","40220","Roanoke, VA","51","Virginia","161","Roanoke","37.2834200009096","-79.88452"
"03/09/2026","AQS","511611004","1","0.2","ppm","2","East Vinton Elementary School","24","100.0000","42101","Carbon monoxide","054","40220","Roanoke, VA","51","Virginia","161","Roanoke","37.2834200009096","-79.88452"
"03/10/2026","AQS","511611004","1","0.2","ppm","2","East Vinton Elementary School","24","100.0000","42101","Carbon monoxide","054","40220","Roanoke, VA","51","Virginia","161","Roanoke","37.2834200009096","-79.88452"
"03/11/2026","AQS","511611004","1","0.3","ppm","3","East Vinton Elementary School","24","100.0000","42101","Carbon monoxide","054","40220","Roanoke, VA","51","Virginia","161","Roanoke","37.2834200009096","-79.88452"
"03/12/2026","AQS","511611004","1","0.2","ppm","2","East Vinton Elementary School","24","100.0000","42101","Carbon monoxide","054","40220","Roanoke, VA","51","Virginia","161","Roanoke","37.2834200009096","-79.88452"
"03/13/2026","AQS","511611004","1","0.3","ppm","3","East Vinton Elementary School","24","100.0000","42101","Carbon monoxide","054","40220","Roanoke, VA","51","Virginia","161","Roanoke","37.2834200009096","-79.88452"
"03/14/2026","AQS","511611004","1","0.2","ppm","2","East Vinton Elementary School","24","100.0000","42101","Carbon monoxide","054","40220","Roanoke, VA","51","Virginia","161","Roanoke","37.2834200009096","-79.88452"
"03/15/2026","AQS","511611004","1","0.3","ppm","3","East Vinton Elementary School","24","100.0000","42101","Carbon monoxide","054","40220","Roanoke, VA","51","Virginia","161","Roanoke","37.2834200009096","-79.88452"
"03/16/2026","AQS","511611004","1","0.3","ppm","3","East Vinton Elementary School","24","100.0000","42101","Carbon monoxide","054","40220","Roanoke, VA","51","Virginia","161","Roanoke","37.2834200009096","-79.88452"
"03/17/2026","AQS","511611004","1","0.2","ppm","2","East Vinton Elementary School","24","100.0000","42101","Carbon monoxide","054","40220","Roanoke, VA","51","Virginia","161","Roanoke","37.2834200009096","-79.88452"
"03/18/2026","AQS","511611004","1","0.1","ppm","1","East Vinton Elementary School","24","100.0000","42101","Carbon monoxide","054","40220","Roanoke, VA","51","Virginia","161","Roanoke","37.2834200009096","-79.88452"
"03/19/2026","AQS","511611004","1","0.2","ppm","2","East Vinton Elementary School","24","100.0000","42101","Carbon monoxide","054","40220","Roanoke, VA","51","Virginia","161","Roanoke","37.2834200009096","-79.88452"
"03/20/2026","AQS","511611004","1","0.2","ppm","2","East Vinton Elementary School","24","100.0000","42101","Carbon monoxide","054","40220","Roanoke, VA","51","Virginia","161","Roanoke","37.2834200009096","-79.88452"
"03/21/2026","AQS","511611004","1","0.3","ppm","3","East Vinton Elementary School","24","100.0000","42101","Carbon monoxide","054","40220","Roanoke, VA","51","Virginia","161","Roanoke","37.2834200009096","-79.88452"
"03/22/2026","AQS","511611004","1","0.3","ppm","3","East Vinton Elementary School","24","100.0000","42101","Carbon monoxide","054","40220","Roanoke, VA","51","Virginia","161","Roanoke","37.2834200009096","-79.88452"
"03/23/2026","AQS","511611004","1","0.2","ppm","2","East Vinton Elementary School","24","100.0000","42101","Carbon monoxide","054","40220","Roanoke, VA","51","Virginia","161","Roanoke","37.2834200009096","-79.88452"
"03/24/2026","AQS","511611004","1","0.1","ppm","1","East Vinton Elementary School","24","100.0000","42101","Carbon monoxide","054","40220","Roanoke, VA","51","Virginia","161","Roanoke","37.2834200009096","-79.88452"
"03/25/2026","AQS","511611004","1","0.2","ppm","2","East Vinton Elementary School","24","100.0000","42101","Carbon monoxide","054","40220","Roanoke, VA","51","Virginia","161","Roanoke","37.2834200009096","-79.88452"
"03/26/2026","AQS","511611004","1","0.3","ppm","3","East Vinton Elementary School","24","100.0000","42101","Carbon monoxide","054","40220","Roanoke, VA","51","Virginia","161","Roanoke","37.2834200009096","-79.88452"
"03/27/2026","AQS","511611004","1","0.3","ppm","3","East Vinton Elementary School","24","100.0000","42101","Carbon monoxide","054","40220","Roanoke, VA","51","Virginia","161","Roanoke","37.2834200009096","-79.88452"
"03/28/2026","AQS","511611004","1","0.2","ppm","2","East Vinton Elementary School","24","100.0000","42101","Carbon monoxide","054","40220","Roanoke, VA","51","Virginia","161","Roanoke","37.2834200009096","-79.88452"
"03/29/2026","AQS","511611004","1","0.3","ppm","3","East Vinton Elementary School","24","100.0000","42101","Carbon monoxide","054","40220","Roanoke, VA","51","Virginia","161","Roanoke","37.2834200009096","-79.88452"
"03/30/2026","AQS","511611004","1","0.3","ppm","3","East Vinton Elementary School","24","100.0000","42101","Carbon monoxide","054","40220","Roanoke, VA","51","Virginia","161","Roanoke","37.2834200009096","-79.88452"
"03/31/2026","AQS","511611004","1","0.3","ppm","3","East Vinton Elementary School","24","100.0000","42101","Carbon monoxide","054","40220","Roanoke, VA","51","Virginia","161","Roanoke","37.2834200009096","-79.88452"
"04/01/2026","AQS","511611004","1","0.3","ppm","3","East Vinton Elementary School","24","100.0000","42101","Carbon monoxide","054","40220","Roanoke, VA","51","Virginia","161","Roanoke","37.2834200009096","-79.88452"
"04/02/2026","AQS","511611004","1","0.3","ppm","3","East Vinton Elementary School","24","100.0000","42101","Carbon monoxide","054","40220","Roanoke, VA","51","Virginia","161","Roanoke","37.2834200009096","-79.88452"
"04/03/2026","AQS","511611004","1","0.3","ppm","3","East Vinton Elementary School","24","100.0000","42101","Carbon monoxide","054","40220","Roanoke, VA","51","Virginia","161","Roanoke","37.2834200009096","-79.88452"
"04/04/2026","AQS","511611004","1","0.3","ppm","3","East Vinton Elementary School","24","100.0000","42101","Carbon monoxide","054","40220","Roanoke, VA","51","Virginia","161","Roanoke","37.2834200009096","-79.88452"
"04/05/2026","AQS","511611004","1","0.3","ppm","3","East Vinton Elementary School","24","100.0000","42101","Carbon monoxide","054","40220","Roanoke, VA","51","Virginia","161","Roanoke","37.2834200009096","-79.88452"
"04/06/2026","AQS","511611004","1","0.2","ppm","2","East Vinton Elementary School","24","100.0000","42101","Carbon monoxide","054","40220","Roanoke, VA","51","Virginia","161","Roanoke","37.2834200009096","-79.88452"
"04/07/2026","AQS","511611004","1","0.2","ppm","2","East Vinton Elementary School","24","100.0000","42101","Carbon monoxide","054","40220","Roanoke, VA","51","Virginia","161","Roanoke","37.2834200009096","-79.88452"
"04/08/2026","AQS","511611004","1","0.2","ppm","2","East Vinton Elementary School","24","100.0000","42101","Carbon monoxide","054","40220","Roanoke, VA","51","Virginia","161","Roanoke","37.2834200009096","-79.88452"
"04/09/2026","AQS","511611004","1","0.2","ppm","2","East Vinton Elementary School","24","100.0000","42101","Carbon monoxide","054","40220","Roanoke, VA","51","Virginia","161","Roanoke","37.2834200009096","-79.88452"
"04/10/2026","AQS","511611004","1","0.2","ppm","2","East Vinton Elementary School","24","100.0000","42101","Carbon monoxide","054","40220","Roanoke, VA","51","Virginia","161","Roanoke","37.2834200009096","-79.88452"
"04/11/2026","AQS","511611004","1","0.2","ppm","2","East Vinton Elementary School","24","100.0000","42101","Carbon monoxide","054","40220","Roanoke, VA","51","Virginia","161","Roanoke","37.2834200009096","-79.88452"
"04/12/2026","AQS","511611004","1","0.3","ppm","3","East Vinton Elementary School","24","100.0000","42101","Carbon monoxide","054","40220","Roanoke, VA","51","Virginia","161","Roanoke","37.2834200009096","-79.88452"
"04/13/2026","AQS","511611004","1","0.3","ppm","3","East Vinton Elementary School","24","100.0000","42101","Carbon monoxide","054","40220","Roanoke, VA","51","Virginia","161","Roanoke","37.2834200009096","-79.88452"
"04/14/2026","AQS","511611004","1","0.3","ppm","3","East Vinton Elementary School","24","100.0000","42101","Carbon monoxide","054","40220","Roanoke, VA","51","Virginia","161","Roanoke","37.2834200009096","-79.88452"
"04/15/2026","AQS","511611004","1","0.3","ppm","3","East Vinton Elementary School","24","100.0000","42101","Carbon monoxide","054","40220","Roanoke, VA","51","Virginia","161","Roanoke","37.2834200009096","-79.88452"
"04/16/2026","AQS","511611004","1","0.3","ppm","3","East Vinton Elementary School","24","100.0000","42101","Carbon monoxide","054","40220","Roanoke, VA","51","Virginia","161","Roanoke","37.2834200009096","-79.88452"
"04/17/2026","AQS","511611004","1","0.3","ppm","3","East Vinton Elementary School","24","100.0000","42101","Carbon monoxide","054","40220","Roanoke, VA","51","Virginia","161","Roanoke","37.2834200009096","-79.88452"
"04/18/2026","AQS","511611004","1","0.3","ppm","3","East Vinton Elementary School","24","100.0000","42101","Carbon monoxide","054","40220","Roanoke, VA","51","Virginia","161","Roanoke","37.2834200009096","-79.88452"
"04/19/2026","AQS","511611004","1","0.3","ppm","3","East Vinton Elementary School","24","100.0000","42101","Carbon monoxide","054","40220","Roanoke, VA","51","Virginia","161","Roanoke","37.2834200009096","-79.88452"
"04/20/2026","AQS","511611004","1","0.2","ppm","2","East Vinton Elementary School","24","100.0000","42101","Carbon monoxide","054","40220","Roanoke, VA","51","Virginia","161","Roanoke","37.2834200009096","-79.88452"
"04/21/2026","AQS","511611004","1","0.2","ppm","2","East Vinton Elementary School","24","100.0000","42101","Carbon monoxide","054","40220","Roanoke, VA","51","Virginia","161","Roanoke","37.2834200009096","-79.88452"
"04/22/2026","AQS","511611004","1","0.3","ppm","3","East Vinton Elementary School","24","100.0000","42101","Carbon monoxide","054","40220","Roanoke, VA","51","Virginia","161","Roanoke","37.2834200009096","-79.88452"
"04/23/2026","AQS","511611004","1","0.3","ppm","3","East Vinton Elementary School","24","100.0000","42101","Carbon monoxide","054","40220","Roanoke, VA","51","Virginia","161","Roanoke","37.2834200009096","-79.88452"
"04/24/2026","AQS","511611004","1","0.3","ppm","3","East Vinton Elementary School","24","100.0000","42101","Carbon monoxide","054","40220","Roanoke, VA","51","Virginia","161","Roanoke","37.2834200009096","-79.88452"
"04/25/2026","AQS","511611004","1","0.4","ppm","5","East Vinton Elementary School","24","100.0000","42101","Carbon monoxide","054","40220","Roanoke, VA","51","Virginia","161","Roanoke","37.2834200009096","-79.88452"
"04/26/2026","AQS","511611004","1","0.4","ppm","5","East Vinton Elementary School","24","100.0000","42101","Carbon monoxide","054","40220","Roanoke, VA","51","Virginia","161","Roanoke","37.2834200009096","-79.88452"
"04/27/2026","AQS","511611004","1","0.3","ppm","3","East Vinton Elementary School","24","100.0000","42101","Carbon monoxide","054","40220","Roanoke, VA","51","Virginia","161","Roanoke","37.2834200009096","-79.88452"
"04/28/2026","AQS","511611004","1","0.3","ppm","3","East Vinton Elementary School","24","100.0000","42101","Carbon monoxide","054","40220","Roanoke, VA","51","Virginia","161","Roanoke","37.2834200009096","-79.88452"
"04/29/2026","AQS","511611004","1","0.3","ppm","3","East Vinton Elementary School","24","100.0000","42101","Carbon monoxide","054","40220","Roanoke, VA","51","Virginia","161","Roanoke","37.2834200009096","-79.88452"
"04/30/2026","AQS","511611004","1","0.3","ppm","3","East Vinton Elementary School","24","100.0000","42101","Carbon monoxide","054","40220","Roanoke, VA","51","Virginia","161","Roanoke","37.2834200009096","-79.88452"
"05/01/2026","AQS","511611004","1","0.1","ppm","1","East Vinton Elementary School","2","8.0000","42101","Carbon monoxide","054","40220","Roanoke, VA","51","Virginia","161","Roanoke","37.2834200009096","-79.88452"
"01/01/2026","AQS","516500008","1","0.1","ppm","1","NASA Langley Research Center","19","79.0000","42101","Carbon monoxide","054","47260","Virginia Beach-Norfolk-Newport News, VA-NC","51","Virginia","650","Hampton City","37.103733000908","-76.3870167"
"01/02/2026","AQS","516500008","1","0.2","ppm","2","NASA Langley Research Center","24","100.0000","42101","Carbon monoxide","054","47260","Virginia Beach-Norfolk-Newport News, VA-NC","51","Virginia","650","Hampton City","37.103733000908","-76.3870167"
"01/03/2026","AQS","516500008","1","0.1","ppm","1","NASA Langley Research Center","24","100.0000","42101","Carbon monoxide","054","47260","Virginia Beach-Norfolk-Newport News, VA-NC","51","Virginia","650","Hampton City","37.103733000908","-76.3870167"
"01/04/2026","AQS","516500008","1","0.2","ppm","2","NASA Langley Research Center","24","100.0000","42101","Carbon monoxide","054","47260","Virginia Beach-Norfolk-Newport News, VA-NC","51","Virginia","650","Hampton City","37.103733000908","-76.3870167"
"01/05/2026","AQS","516500008","1","0.3","ppm","3","NASA Langley Research Center","24","100.0000","42101","Carbon monoxide","054","47260","Virginia Beach-Norfolk-Newport News, VA-NC","51","Virginia","650","Hampton City","37.103733000908","-76.3870167"
"01/06/2026","AQS","516500008","1","0.2","ppm","2","NASA Langley Research Center","24","100.0000","42101","Carbon monoxide","054","47260","Virginia Beach-Norfolk-Newport News, VA-NC","51","Virginia","650","Hampton City","37.103733000908","-76.3870167"
"01/07/2026","AQS","516500008","1","0.2","ppm","2","NASA Langley Research Center","24","100.0000","42101","Carbon monoxide","054","47260","Virginia Beach-Norfolk-Newport News, VA-NC","51","Virginia","650","Hampton City","37.103733000908","-76.3870167"
"01/08/2026","AQS","516500008","1","0.1","ppm","1","NASA Langley Research Center","24","100.0000","42101","Carbon monoxide","054","47260","Virginia Beach-Norfolk-Newport News, VA-NC","51","Virginia","650","Hampton City","37.103733000908","-76.3870167"
"01/09/2026","AQS","516500008","1","0.2","ppm","2","NASA Langley Research Center","24","100.0000","42101","Carbon monoxide","054","47260","Virginia Beach-Norfolk-Newport News, VA-NC","51","Virginia","650","Hampton City","37.103733000908","-76.3870167"
"01/10/2026","AQS","516500008","1","0.1","ppm","1","NASA Langley Research Center","24","100.0000","42101","Carbon monoxide","054","47260","Virginia Beach-Norfolk-Newport News, VA-NC","51","Virginia","650","Hampton City","37.103733000908","-76.3870167"
"01/11/2026","AQS","516500008","1","0.2","ppm","2","NASA Langley Research Center","24","100.0000","42101","Carbon monoxide","054","47260","Virginia Beach-Norfolk-Newport News, VA-NC","51","Virginia","650","Hampton City","37.103733000908","-76.3870167"
"01/12/2026","AQS","516500008","1","0.1","ppm","1","NASA Langley Research Center","24","100.0000","42101","Carbon monoxide","054","47260","Virginia Beach-Norfolk-Newport News, VA-NC","51","Virginia","650","Hampton City","37.103733000908","-76.3870167"
"01/13/2026","AQS","516500008","1","0.2","ppm","2","NASA Langley Research Center","24","100.0000","42101","Carbon monoxide","054","47260","Virginia Beach-Norfolk-Newport News, VA-NC","51","Virginia","650","Hampton City","37.103733000908","-76.3870167"
"01/14/2026","AQS","516500008","1","0.2","ppm","2","NASA Langley Research Center","24","100.0000","42101","Carbon monoxide","054","47260","Virginia Beach-Norfolk-Newport News, VA-NC","51","Virginia","650","Hampton City","37.103733000908","-76.3870167"
"01/15/2026","AQS","516500008","1","0.1","ppm","1","NASA Langley Research Center","24","100.0000","42101","Carbon monoxide","054","47260","Virginia Beach-Norfolk-Newport News, VA-NC","51","Virginia","650","Hampton City","37.103733000908","-76.3870167"
"01/16/2026","AQS","516500008","1","0.1","ppm","1","NASA Langley Research Center","24","100.0000","42101","Carbon monoxide","054","47260","Virginia Beach-Norfolk-Newport News, VA-NC","51","Virginia","650","Hampton City","37.103733000908","-76.3870167"
"01/17/2026","AQS","516500008","1","0.2","ppm","2","NASA Langley Research Center","24","100.0000","42101","Carbon monoxide","054","47260","Virginia Beach-Norfolk-Newport News, VA-NC","51","Virginia","650","Hampton City","37.103733000908","-76.3870167"
"01/18/2026","AQS","516500008","1","0.2","ppm","2","NASA Langley Research Center","24","100.0000","42101","Carbon monoxide","054","47260","Virginia Beach-Norfolk-Newport News, VA-NC","51","Virginia","650","Hampton City","37.103733000908","-76.3870167"
"01/19/2026","AQS","516500008","1","0.2","ppm","2","NASA Langley Research Center","24","100.0000","42101","Carbon monoxide","054","47260","Virginia Beach-Norfolk-Newport News, VA-NC","51","Virginia","650","Hampton City","37.103733000908","-76.3870167"
"01/20/2026","AQS","516500008","1","0.2","ppm","2","NASA Langley Research Center","24","100.0000","42101","Carbon monoxide","054","47260","Virginia Beach-Norfolk-Newport News, VA-NC","51","Virginia","650","Hampton City","37.103733000908","-76.3870167"
"01/21/2026","AQS","516500008","1","0.4","ppm","5","NASA Langley Research Center","24","100.0000","42101","Carbon monoxide","054","47260","Virginia Beach-Norfolk-Newport News, VA-NC","51","Virginia","650","Hampton City","37.103733000908","-76.3870167"
"01/22/2026","AQS","516500008","1","0.2","ppm","2","NASA Langley Research Center","24","100.0000","42101","Carbon monoxide","054","47260","Virginia Beach-Norfolk-Newport News, VA-NC","51","Virginia","650","Hampton City","37.103733000908","-76.3870167"
"01/23/2026","AQS","516500008","1","0.3","ppm","3","NASA Langley Research Center","24","100.0000","42101","Carbon monoxide","054","47260","Virginia Beach-Norfolk-Newport News, VA-NC","51","Virginia","650","Hampton City","37.103733000908","-76.3870167"
"01/24/2026","AQS","516500008","1","0.2","ppm","2","NASA Langley Research Center","24","100.0000","42101","Carbon monoxide","054","47260","Virginia Beach-Norfolk-Newport News, VA-NC","51","Virginia","650","Hampton City","37.103733000908","-76.3870167"
"01/25/2026","AQS","516500008","1","0.1","ppm","1","NASA Langley Research Center","24","100.0000","42101","Carbon monoxide","054","47260","Virginia Beach-Norfolk-Newport News, VA-NC","51","Virginia","650","Hampton City","37.103733000908","-76.3870167"
"01/26/2026","AQS","516500008","1","0.2","ppm","2","NASA Langley Research Center","24","100.0000","42101","Carbon monoxide","054","47260","Virginia Beach-Norfolk-Newport News, VA-NC","51","Virginia","650","Hampton City","37.103733000908","-76.3870167"
"01/27/2026","AQS","516500008","1","0.1","ppm","1","NASA Langley Research Center","24","100.0000","42101","Carbon monoxide","054","47260","Virginia Beach-Norfolk-Newport News, VA-NC","51","Virginia","650","Hampton City","37.103733000908","-76.3870167"
"01/28/2026","AQS","516500008","1","0.1","ppm","1","NASA Langley Research Center","24","100.0000","42101","Carbon monoxide","054","47260","Virginia Beach-Norfolk-Newport News, VA-NC","51","Virginia","650","Hampton City","37.103733000908","-76.3870167"
"01/29/2026","AQS","516500008","1","0.2","ppm","2","NASA Langley Research Center","24","100.0000","42101","Carbon monoxide","054","47260","Virginia Beach-Norfolk-Newport News, VA-NC","51","Virginia","650","Hampton City","37.103733000908","-76.3870167"
"01/30/2026","AQS","516500008","1","0.2","ppm","2","NASA Langley Research Center","24","100.0000","42101","Carbon monoxide","054","47260","Virginia Beach-Norfolk-Newport News, VA-NC","51","Virginia","650","Hampton City","37.103733000908","-76.3870167"
"01/31/2026","AQS","516500008","1","0.1","ppm","1","NASA Langley Research Center","24","100.0000","42101","Carbon monoxide","054","47260","Virginia Beach-Norfolk-Newport News, VA-NC","51","Virginia","650","Hampton City","37.103733000908","-76.3870167"
"02/01/2026","AQS","516500008","1","0.1","ppm","1","NASA Langley Research Center","24","100.0000","42101","Carbon monoxide","054","47260","Virginia Beach-Norfolk-Newport News, VA-NC","51","Virginia","650","Hampton City","37.103733000908","-76.3870167"
"02/02/2026","AQS","516500008","1","0.2","ppm","2","NASA Langley Research Center","24","100.0000","42101","Carbon monoxide","054","47260","Virginia Beach-Norfolk-Newport News, VA-NC","51","Virginia","650","Hampton City","37.103733000908","-76.3870167"
"02/03/2026","AQS","516500008","1","0.3","ppm","3","NASA Langley Research Center","24","100.0000","42101","Carbon monoxide","054","47260","Virginia Beach-Norfolk-Newport News, VA-NC","51","Virginia","650","Hampton City","37.103733000908","-76.3870167"
"02/04/2026","AQS","516500008","1","0.3","ppm","3","NASA Langley Research Center","24","100.0000","42101","Carbon monoxide","054","47260","Virginia Beach-Norfolk-Newport News, VA-NC","51","Virginia","650","Hampton City","37.103733000908","-76.3870167"
"02/05/2026","AQS","516500008","1","0.1","ppm","1","NASA Langley Research Center","24","100.0000","42101","Carbon monoxide","054","47260","Virginia Beach-Norfolk-Newport News, VA-NC","51","Virginia","650","Hampton City","37.103733000908","-76.3870167"
"02/06/2026","AQS","516500008","1","0.2","ppm","2","NASA Langley Research Center","24","100.0000","42101","Carbon monoxide","054","47260","Virginia Beach-Norfolk-Newport News, VA-NC","51","Virginia","650","Hampton City","37.103733000908","-76.3870167"
"02/07/2026","AQS","516500008","1","0.2","ppm","2","NASA Langley Research Center","24","100.0000","42101","Carbon monoxide","054","47260","Virginia Beach-Norfolk-Newport News, VA-NC","51","Virginia","650","Hampton City","37.103733000908","-76.3870167"
"02/08/2026","AQS","516500008","1","0.1","ppm","1","NASA Langley Research Center","24","100.0000","42101","Carbon monoxide","054","47260","Virginia Beach-Norfolk-Newport News, VA-NC","51","Virginia","650","Hampton City","37.103733000908","-76.3870167"
"02/09/2026","AQS","516500008","1","0.2","ppm","2","NASA Langley Research Center","24","100.0000","42101","Carbon monoxide","054","47260","Virginia Beach-Norfolk-Newport News, VA-NC","51","Virginia","650","Hampton City","37.103733000908","-76.3870167"
"02/10/2026","AQS","516500008","1","0.2","ppm","2","NASA Langley Research Center","24","100.0000","42101","Carbon monoxide","054","47260","Virginia Beach-Norfolk-Newport News, VA-NC","51","Virginia","650","Hampton City","37.103733000908","-76.3870167"
"02/11/2026","AQS","516500008","1","0.2","ppm","2","NASA Langley Research Center","24","100.0000","42101","Carbon monoxide","054","47260","Virginia Beach-Norfolk-Newport News, VA-NC","51","Virginia","650","Hampton City","37.103733000908","-76.3870167"
"02/12/2026","AQS","516500008","1","0.2","ppm","2","NASA Langley Research Center","24","100.0000","42101","Carbon monoxide","054","47260","Virginia Beach-Norfolk-Newport News, VA-NC","51","Virginia","650","Hampton City","37.103733000908","-76.3870167"
"02/13/2026","AQS","516500008","1","0.2","ppm","2","NASA Langley Research Center","24","100.0000","42101","Carbon monoxide","054","47260","Virginia Beach-Norfolk-Newport News, VA-NC","51","Virginia","650","Hampton City","37.103733000908","-76.3870167"
"02/14/2026","AQS","516500008","1","0.2","ppm","2","NASA Langley Research Center","24","100.0000","42101","Carbon monoxide","054","47260","Virginia Beach-Norfolk-Newport News, VA-NC","51","Virginia","650","Hampton City","37.103733000908","-76.3870167"
"02/15/2026","AQS","516500008","1","0.2","ppm","2","NASA Langley Research Center","24","100.0000","42101","Carbon monoxide","054","47260","Virginia Beach-Norfolk-Newport News, VA-NC","51","Virginia","650","Hampton City","37.103733000908","-76.3870167"
"02/16/2026","AQS","516500008","1","0.2","ppm","2","NASA Langley Research Center","24","100.0000","42101","Carbon monoxide","054","47260","Virginia Beach-Norfolk-Newport News, VA-NC","51","Virginia","650","Hampton City","37.103733000908","-76.3870167"
"02/17/2026","AQS","516500008","1","0.2","ppm","2","NASA Langley Research Center","24","100.0000","42101","Carbon monoxide","054","47260","Virginia Beach-Norfolk-Newport News, VA-NC","51","Virginia","650","Hampton City","37.103733000908","-76.3870167"
"02/18/2026","AQS","516500008","1","0.2","ppm","2","NASA Langley Research Center","24","100.0000","42101","Carbon monoxide","054","47260","Virginia Beach-Norfolk-Newport News, VA-NC","51","Virginia","650","Hampton City","37.103733000908","-76.3870167"
"02/19/2026","AQS","516500008","1","0.1","ppm","1","NASA Langley Research Center","24","100.0000","42101","Carbon monoxide","054","47260","Virginia Beach-Norfolk-Newport News, VA-NC","51","Virginia","650","Hampton City","37.103733000908","-76.3870167"
"02/20/2026","AQS","516500008","1","0.2","ppm","2","NASA Langley Research Center","24","100.0000","42101","Carbon monoxide","054","47260","Virginia Beach-Norfolk-Newport News, VA-NC","51","Virginia","650","Hampton City","37.103733000908","-76.3870167"
"02/21/2026","AQS","516500008","1","0.2","ppm","2","NASA Langley Research Center","24","100.0000","42101","Carbon monoxide","054","47260","Virginia Beach-Norfolk-Newport News, VA-NC","51","Virginia","650","Hampton City","37.103733000908","-76.3870167"
"02/22/2026","AQS","516500008","1","0.2","ppm","2","NASA Langley Research Center","24","100.0000","42101","Carbon monoxide","054","47260","Virginia Beach-Norfolk-Newport News, VA-NC","51","Virginia","650","Hampton City","37.103733000908","-76.3870167"
"02/23/2026","AQS","516500008","1","0.2","ppm","2","NASA Langley Research Center","24","100.0000","42101","Carbon monoxide","054","47260","Virginia Beach-Norfolk-Newport News, VA-NC","51","Virginia","650","Hampton City","37.103733000908","-76.3870167"
"02/24/2026","AQS","516500008","1","0.1","ppm","1","NASA Langley Research Center","24","100.0000","42101","Carbon monoxide","054","47260","Virginia Beach-Norfolk-Newport News, VA-NC","51","Virginia","650","Hampton City","37.103733000908","-76.3870167"
"02/25/2026","AQS","516500008","1","0.2","ppm","2","NASA Langley Research Center","24","100.0000","42101","Carbon monoxide","054","47260","Virginia Beach-Norfolk-Newport News, VA-NC","51","Virginia","650","Hampton City","37.103733000908","-76.3870167"
"02/26/2026","AQS","516500008","1","0.2","ppm","2","NASA Langley Research Center","24","100.0000","42101","Carbon monoxide","054","47260","Virginia Beach-Norfolk-Newport News, VA-NC","51","Virginia","650","Hampton City","37.103733000908","-76.3870167"
"02/27/2026","AQS","516500008","1","0.2","ppm","2","NASA Langley Research Center","24","100.0000","42101","Carbon monoxide","054","47260","Virginia Beach-Norfolk-Newport News, VA-NC","51","Virginia","650","Hampton City","37.103733000908","-76.3870167"
"02/28/2026","AQS","516500008","1","0.2","ppm","2","NASA Langley Research Center","24","100.0000","42101","Carbon monoxide","054","47260","Virginia Beach-Norfolk-Newport News, VA-NC","51","Virginia","650","Hampton City","37.103733000908","-76.3870167"
"03/01/2026","AQS","516500008","1","0.3","ppm","3","NASA Langley Research Center","24","100.0000","42101","Carbon monoxide","054","47260","Virginia Beach-Norfolk-Newport News, VA-NC","51","Virginia","650","Hampton City","37.103733000908","-76.3870167"
"03/02/2026","AQS","516500008","1","0.1","ppm","1","NASA Langley Research Center","24","100.0000","42101","Carbon monoxide","054","47260","Virginia Beach-Norfolk-Newport News, VA-NC","51","Virginia","650","Hampton City","37.103733000908","-76.3870167"
"03/03/2026","AQS","516500008","1","0.2","ppm","2","NASA Langley Research Center","24","100.0000","42101","Carbon monoxide","054","47260","Virginia Beach-Norfolk-Newport News, VA-NC","51","Virginia","650","Hampton City","37.103733000908","-76.3870167"
"03/04/2026","AQS","516500008","1","0.2","ppm","2","NASA Langley Research Center","24","100.0000","42101","Carbon monoxide","054","47260","Virginia Beach-Norfolk-Newport News, VA-NC","51","Virginia","650","Hampton City","37.103733000908","-76.3870167"
"03/05/2026","AQS","516500008","1","0.2","ppm","2","NASA Langley Research Center","24","100.0000","42101","Carbon monoxide","054","47260","Virginia Beach-Norfolk-Newport News, VA-NC","51","Virginia","650","Hampton City","37.103733000908","-76.3870167"
"03/06/2026","AQS","516500008","1","0.1","ppm","1","NASA Langley Research Center","24","100.0000","42101","Carbon monoxide","054","47260","Virginia Beach-Norfolk-Newport News, VA-NC","51","Virginia","650","Hampton City","37.103733000908","-76.3870167"
"03/07/2026","AQS","516500008","1","0.1","ppm","1","NASA Langley Research Center","24","100.0000","42101","Carbon monoxide","054","47260","Virginia Beach-Norfolk-Newport News, VA-NC","51","Virginia","650","Hampton City","37.103733000908","-76.3870167"
"03/08/2026","AQS","516500008","1","0.1","ppm","1","NASA Langley Research Center","24","100.0000","42101","Carbon monoxide","054","47260","Virginia Beach-Norfolk-Newport News, VA-NC","51","Virginia","650","Hampton City","37.103733000908","-76.3870167"
"03/09/2026","AQS","516500008","1","0.1","ppm","1","NASA Langley Research Center","23","96.0000","42101","Carbon monoxide","054","47260","Virginia Beach-Norfolk-Newport News, VA-NC","51","Virginia","650","Hampton City","37.103733000908","-76.3870167"
"03/10/2026","AQS","516500008","1","0.2","ppm","2","NASA Langley Research Center","24","100.0000","42101","Carbon monoxide","054","47260","Virginia Beach-Norfolk-Newport News, VA-NC","51","Virginia","650","Hampton City","37.103733000908","-76.3870167"
"03/11/2026","AQS","516500008","1","0.2","ppm","2","NASA Langley Research Center","24","100.0000","42101","Carbon monoxide","054","47260","Virginia Beach-Norfolk-Newport News, VA-NC","51","Virginia","650","Hampton City","37.103733000908","-76.3870167"
"03/12/2026","AQS","516500008","1","0.1","ppm","1","NASA Langley Research Center","24","100.0000","42101","Carbon monoxide","054","47260","Virginia Beach-Norfolk-Newport News, VA-NC","51","Virginia","650","Hampton City","37.103733000908","-76.3870167"
"03/13/2026","AQS","516500008","1","0.2","ppm","2","NASA Langley Research Center","24","100.0000","42101","Carbon monoxide","054","47260","Virginia Beach-Norfolk-Newport News, VA-NC","51","Virginia","650","Hampton City","37.103733000908","-76.3870167"
"03/14/2026","AQS","516500008","1","0.1","ppm","1","NASA Langley Research Center","24","100.0000","42101","Carbon monoxide","054","47260","Virginia Beach-Norfolk-Newport News, VA-NC","51","Virginia","650","Hampton City","37.103733000908","-76.3870167"
"03/15/2026","AQS","516500008","1","0.1","ppm","1","NASA Langley Research Center","24","100.0000","42101","Carbon monoxide","054","47260","Virginia Beach-Norfolk-Newport News, VA-NC","51","Virginia","650","Hampton City","37.103733000908","-76.3870167"
"03/16/2026","AQS","516500008","1","0.1","ppm","1","NASA Langley Research Center","24","100.0000","42101","Carbon monoxide","054","47260","Virginia Beach-Norfolk-Newport News, VA-NC","51","Virginia","650","Hampton City","37.103733000908","-76.3870167"
"03/17/2026","AQS","516500008","1","0.1","ppm","1","NASA Langley Research Center","10","42.0000","42101","Carbon monoxide","054","47260","Virginia Beach-Norfolk-Newport News, VA-NC","51","Virginia","650","Hampton City","37.103733000908","-76.3870167"
"03/19/2026","AQS","516500008","1","0.1","ppm","1","NASA Langley Research Center","6","25.0000","42101","Carbon monoxide","054","47260","Virginia Beach-Norfolk-Newport News, VA-NC","51","Virginia","650","Hampton City","37.103733000908","-76.3870167"
"03/20/2026","AQS","516500008","1","0.1","ppm","1","NASA Langley Research Center","24","100.0000","42101","Carbon monoxide","054","47260","Virginia Beach-Norfolk-Newport News, VA-NC","51","Virginia","650","Hampton City","37.103733000908","-76.3870167"
"03/21/2026","AQS","516500008","1","0.2","ppm","2","NASA Langley Research Center","24","100.0000","42101","Carbon monoxide","054","47260","Virginia Beach-Norfolk-Newport News, VA-NC","51","Virginia","650","Hampton City","37.103733000908","-76.3870167"
"03/22/2026","AQS","516500008","1","0.2","ppm","2","NASA Langley Research Center","24","100.0000","42101","Carbon monoxide","054","47260","Virginia Beach-Norfolk-Newport News, VA-NC","51","Virginia","650","Hampton City","37.103733000908","-76.3870167"
"03/23/2026","AQS","516500008","1","0.2","ppm","2","NASA Langley Research Center","24","100.0000","42101","Carbon monoxide","054","47260","Virginia Beach-Norfolk-Newport News, VA-NC","51","Virginia","650","Hampton City","37.103733000908","-76.3870167"
"03/24/2026","AQS","516500008","1","0.1","ppm","1","NASA Langley Research Center","24","100.0000","42101","Carbon monoxide","054","47260","Virginia Beach-Norfolk-Newport News, VA-NC","51","Virginia","650","Hampton City","37.103733000908","-76.3870167"
"03/25/2026","AQS","516500008","1","0.1","ppm","1","NASA Langley Research Center","24","100.0000","42101","Carbon monoxide","054","47260","Virginia Beach-Norfolk-Newport News, VA-NC","51","Virginia","650","Hampton City","37.103733000908","-76.3870167"
"03/26/2026","AQS","516500008","1","0.1","ppm","1","NASA Langley Research Center","24","100.0000","42101","Carbon monoxide","054","47260","Virginia Beach-Norfolk-Newport News, VA-NC","51","Virginia","650","Hampton City","37.103733000908","-76.3870167"
"03/27/2026","AQS","516500008","1","0.1","ppm","1","NASA Langley Research Center","24","100.0000","42101","Carbon monoxide","054","47260","Virginia Beach-Norfolk-Newport News, VA-NC","51","Virginia","650","Hampton City","37.103733000908","-76.3870167"
"03/28/2026","AQS","516500008","1","0.1","ppm","1","NASA Langley Research Center","24","100.0000","42101","Carbon monoxide","054","47260","Virginia Beach-Norfolk-Newport News, VA-NC","51","Virginia","650","Hampton City","37.103733000908","-76.3870167"
"03/29/2026","AQS","516500008","1","0.2","ppm","2","NASA Langley Research Center","24","100.0000","42101","Carbon monoxide","054","47260","Virginia Beach-Norfolk-Newport News, VA-NC","51","Virginia","650","Hampton City","37.103733000908","-76.3870167"
"03/30/2026","AQS","516500008","1","0.1","ppm","1","NASA Langley Research Center","24","100.0000","42101","Carbon monoxide","054","47260","Virginia Beach-Norfolk-Newport News, VA-NC","51","Virginia","650","Hampton City","37.103733000908","-76.3870167"
"03/31/2026","AQS","516500008","1","0.1","ppm","1","NASA Langley Research Center","24","100.0000","42101","Carbon monoxide","054","47260","Virginia Beach-Norfolk-Newport News, VA-NC","51","Virginia","650","Hampton City","37.103733000908","-76.3870167"
"04/01/2026","AQS","516500008","1","0.1","ppm","1","NASA Langley Research Center","24","100.0000","42101","Carbon monoxide","054","47260","Virginia Beach-Norfolk-Newport News, VA-NC","51","Virginia","650","Hampton City","37.103733000908","-76.3870167"
"04/02/2026","AQS","516500008","1","0.1","ppm","1","NASA Langley Research Center","24","100.0000","42101","Carbon monoxide","054","47260","Virginia Beach-Norfolk-Newport News, VA-NC","51","Virginia","650","Hampton City","37.103733000908","-76.3870167"
"04/03/2026","AQS","516500008","1","0.1","ppm","1","NASA Langley Research Center","24","100.0000","42101","Carbon monoxide","054","47260","Virginia Beach-Norfolk-Newport News, VA-NC","51","Virginia","650","Hampton City","37.103733000908","-76.3870167"
"04/04/2026","AQS","516500008","1","0.1","ppm","1","NASA Langley Research Center","24","100.0000","42101","Carbon monoxide","054","47260","Virginia Beach-Norfolk-Newport News, VA-NC","51","Virginia","650","Hampton City","37.103733000908","-76.3870167"
"04/05/2026","AQS","516500008","1","0.1","ppm","1","NASA Langley Research Center","24","100.0000","42101","Carbon monoxide","054","47260","Virginia Beach-Norfolk-Newport News, VA-NC","51","Virginia","650","Hampton City","37.103733000908","-76.3870167"
"04/06/2026","AQS","516500008","1","0.1","ppm","1","NASA Langley Research Center","24","100.0000","42101","Carbon monoxide","054","47260","Virginia Beach-Norfolk-Newport News, VA-NC","51","Virginia","650","Hampton City","37.103733000908","-76.3870167"
"04/07/2026","AQS","516500008","1","0.1","ppm","1","NASA Langley Research Center","24","100.0000","42101","Carbon monoxide","054","47260","Virginia Beach-Norfolk-Newport News, VA-NC","51","Virginia","650","Hampton City","37.103733000908","-76.3870167"
"04/08/2026","AQS","516500008","1","0.1","ppm","1","NASA Langley Research Center","24","100.0000","42101","Carbon monoxide","054","47260","Virginia Beach-Norfolk-Newport News, VA-NC","51","Virginia","650","Hampton City","37.103733000908","-76.3870167"
"04/09/2026","AQS","516500008","1","0.1","ppm","1","NASA Langley Research Center","24","100.0000","42101","Carbon monoxide","054","47260","Virginia Beach-Norfolk-Newport News, VA-NC","51","Virginia","650","Hampton City","37.103733000908","-76.3870167"
"04/10/2026","AQS","516500008","1","0.1","ppm","1","NASA Langley Research Center","24","100.0000","42101","Carbon monoxide","054","47260","Virginia Beach-Norfolk-Newport News, VA-NC","51","Virginia","650","Hampton City","37.103733000908","-76.3870167"
"04/11/2026","AQS","516500008","1","0.1","ppm","1","NASA Langley Research Center","24","100.0000","42101","Carbon monoxide","054","47260","Virginia Beach-Norfolk-Newport News, VA-NC","51","Virginia","650","Hampton City","37.103733000908","-76.3870167"
"04/12/2026","AQS","516500008","1","0.1","ppm","1","NASA Langley Research Center","24","100.0000","42101","Carbon monoxide","054","47260","Virginia Beach-Norfolk-Newport News, VA-NC","51","Virginia","650","Hampton City","37.103733000908","-76.3870167"
"04/13/2026","AQS","516500008","1","0.1","ppm","1","NASA Langley Research Center","24","100.0000","42101","Carbon monoxide","054","47260","Virginia Beach-Norfolk-Newport News, VA-NC","51","Virginia","650","Hampton City","37.103733000908","-76.3870167"
"04/14/2026","AQS","516500008","1","0.2","ppm","2","NASA Langley Research Center","24","100.0000","42101","Carbon monoxide","054","47260","Virginia Beach-Norfolk-Newport News, VA-NC","51","Virginia","650","Hampton City","37.103733000908","-76.3870167"
"04/15/2026","AQS","516500008","1","0.1","ppm","1","NASA Langley Research Center","24","100.0000","42101","Carbon monoxide","054","47260","Virginia Beach-Norfolk-Newport News, VA-NC","51","Virginia","650","Hampton City","37.103733000908","-76.3870167"
"04/16/2026","AQS","516500008","1","0.1","ppm","1","NASA Langley Research Center","24","100.0000","42101","Carbon monoxide","054","47260","Virginia Beach-Norfolk-Newport News, VA-NC","51","Virginia","650","Hampton City","37.103733000908","-76.3870167"
"04/17/2026","AQS","516500008","1","0.1","ppm","1","NASA Langley Research Center","24","100.0000","42101","Carbon monoxide","054","47260","Virginia Beach-Norfolk-Newport News, VA-NC","51","Virginia","650","Hampton City","37.103733000908","-76.3870167"
"04/18/2026","AQS","516500008","1","0.1","ppm","1","NASA Langley Research Center","24","100.0000","42101","Carbon monoxide","054","47260","Virginia Beach-Norfolk-Newport News, VA-NC","51","Virginia","650","Hampton City","37.103733000908","-76.3870167"
"04/19/2026","AQS","516500008","1","0.1","ppm","1","NASA Langley Research Center","24","100.0000","42101","Carbon monoxide","054","47260","Virginia Beach-Norfolk-Newport News, VA-NC","51","Virginia","650","Hampton City","37.103733000908","-76.3870167"
"04/20/2026","AQS","516500008","1","0.1","ppm","1","NASA Langley Research Center","24","100.0000","42101","Carbon monoxide","054","47260","Virginia Beach-Norfolk-Newport News, VA-NC","51","Virginia","650","Hampton City","37.103733000908","-76.3870167"
"04/21/2026","AQS","516500008","1","0.1","ppm","1","NASA Langley Research Center","24","100.0000","42101","Carbon monoxide","054","47260","Virginia Beach-Norfolk-Newport News, VA-NC","51","Virginia","650","Hampton City","37.103733000908","-76.3870167"
"04/22/2026","AQS","516500008","1","0.1","ppm","1","NASA Langley Research Center","24","100.0000","42101","Carbon monoxide","054","47260","Virginia Beach-Norfolk-Newport News, VA-NC","51","Virginia","650","Hampton City","37.103733000908","-76.3870167"
"04/23/2026","AQS","516500008","1","0.1","ppm","1","NASA Langley Research Center","24","100.0000","42101","Carbon monoxide","054","47260","Virginia Beach-Norfolk-Newport News, VA-NC","51","Virginia","650","Hampton City","37.103733000908","-76.3870167"
"04/24/2026","AQS","516500008","1","0.1","ppm","1","NASA Langley Research Center","24","100.0000","42101","Carbon monoxide","054","47260","Virginia Beach-Norfolk-Newport News, VA-NC","51","Virginia","650","Hampton City","37.103733000908","-76.3870167"
"04/25/2026","AQS","516500008","1","0.1","ppm","1","NASA Langley Research Center","24","100.0000","42101","Carbon monoxide","054","47260","Virginia Beach-Norfolk-Newport News, VA-NC","51","Virginia","650","Hampton City","37.103733000908","-76.3870167"
"04/26/2026","AQS","516500008","1","0.1","ppm","1","NASA Langley Research Center","24","100.0000","42101","Carbon monoxide","054","47260","Virginia Beach-Norfolk-Newport News, VA-NC","51","Virginia","650","Hampton City","37.103733000908","-76.3870167"
"04/27/2026","AQS","516500008","1","0.1","ppm","1","NASA Langley Research Center","24","100.0000","42101","Carbon monoxide","054","47260","Virginia Beach-Norfolk-Newport News, VA-NC","51","Virginia","650","Hampton City","37.103733000908","-76.3870167"
"04/28/2026","AQS","516500008","1","0.1","ppm","1","NASA Langley Research Center","24","100.0000","42101","Carbon monoxide","054","47260","Virginia Beach-Norfolk-Newport News, VA-NC","51","Virginia","650","Hampton City","37.103733000908","-76.3870167"
"04/29/2026","AQS","516500008","1","0.1","ppm","1","NASA Langley Research Center","24","100.0000","42101","Carbon monoxide","054","47260","Virginia Beach-Norfolk-Newport News, VA-NC","51","Virginia","650","Hampton City","37.103733000908","-76.3870167"
"04/30/2026","AQS","516500008","1","0.1","ppm","1","NASA Langley Research Center","24","100.0000","42101","Carbon monoxide","054","47260","Virginia Beach-Norfolk-Newport News, VA-NC","51","Virginia","650","Hampton City","37.103733000908","-76.3870167"
"05/01/2026","AQS","516500008","1","0.1","ppm","1","NASA Langley Research Center","2","8.0000","42101","Carbon monoxide","054","47260","Virginia Beach-Norfolk-Newport News, VA-NC","51","Virginia","650","Hampton City","37.103733000908","-76.3870167"
"01/01/2026","AQS","517100024","1","0.2","ppm","2","NOAA","19","79.0000","42101","Carbon monoxide","054","47260","Virginia Beach-Norfolk-Newport News, VA-NC","51","Virginia","710","Norfolk City","36.8555500009058","-76.30135"
"01/02/2026","AQS","517100024","1","0.2","ppm","2","NOAA","24","100.0000","42101","Carbon monoxide","054","47260","Virginia Beach-Norfolk-Newport News, VA-NC","51","Virginia","710","Norfolk City","36.8555500009058","-76.30135"
"01/03/2026","AQS","517100024","1","0.2","ppm","2","NOAA","24","100.0000","42101","Carbon monoxide","054","47260","Virginia Beach-Norfolk-Newport News, VA-NC","51","Virginia","710","Norfolk City","36.8555500009058","-76.30135"
"01/04/2026","AQS","517100024","1","0.4","ppm","5","NOAA","24","100.0000","42101","Carbon monoxide","054","47260","Virginia Beach-Norfolk-Newport News, VA-NC","51","Virginia","710","Norfolk City","36.8555500009058","-76.30135"
"01/05/2026","AQS","517100024","1","0.5","ppm","6","NOAA","24","100.0000","42101","Carbon monoxide","054","47260","Virginia Beach-Norfolk-Newport News, VA-NC","51","Virginia","710","Norfolk City","36.8555500009058","-76.30135"
"01/06/2026","AQS","517100024","1","0.3","ppm","3","NOAA","24","100.0000","42101","Carbon monoxide","054","47260","Virginia Beach-Norfolk-Newport News, VA-NC","51","Virginia","710","Norfolk City","36.8555500009058","-76.30135"
"01/07/2026","AQS","517100024","1","0.3","ppm","3","NOAA","24","100.0000","42101","Carbon monoxide","054","47260","Virginia Beach-Norfolk-Newport News, VA-NC","51","Virginia","710","Norfolk City","36.8555500009058","-76.30135"
"01/08/2026","AQS","517100024","1","0.3","ppm","3","NOAA","24","100.0000","42101","Carbon monoxide","054","47260","Virginia Beach-Norfolk-Newport News, VA-NC","51","Virginia","710","Norfolk City","36.8555500009058","-76.30135"
"01/09/2026","AQS","517100024","1","0.3","ppm","3","NOAA","24","100.0000","42101","Carbon monoxide","054","47260","Virginia Beach-Norfolk-Newport News, VA-NC","51","Virginia","710","Norfolk City","36.8555500009058","-76.30135"
"01/10/2026","AQS","517100024","1","0.2","ppm","2","NOAA","24","100.0000","42101","Carbon monoxide","054","47260","Virginia Beach-Norfolk-Newport News, VA-NC","51","Virginia","710","Norfolk City","36.8555500009058","-76.30135"
"01/11/2026","AQS","517100024","1","0.2","ppm","2","NOAA","24","100.0000","42101","Carbon monoxide","054","47260","Virginia Beach-Norfolk-Newport News, VA-NC","51","Virginia","710","Norfolk City","36.8555500009058","-76.30135"
"01/12/2026","AQS","517100024","1","0.2","ppm","2","NOAA","24","100.0000","42101","Carbon monoxide","054","47260","Virginia Beach-Norfolk-Newport News, VA-NC","51","Virginia","710","Norfolk City","36.8555500009058","-76.30135"
"01/13/2026","AQS","517100024","1","0.2","ppm","2","NOAA","24","100.0000","42101","Carbon monoxide","054","47260","Virginia Beach-Norfolk-Newport News, VA-NC","51","Virginia","710","Norfolk City","36.8555500009058","-76.30135"
"01/14/2026","AQS","517100024","1","0.2","ppm","2","NOAA","24","100.0000","42101","Carbon monoxide","054","47260","Virginia Beach-Norfolk-Newport News, VA-NC","51","Virginia","710","Norfolk City","36.8555500009058","-76.30135"
"01/15/2026","AQS","517100024","1","0.2","ppm","2","NOAA","24","100.0000","42101","Carbon monoxide","054","47260","Virginia Beach-Norfolk-Newport News, VA-NC","51","Virginia","710","Norfolk City","36.8555500009058","-76.30135"
"01/16/2026","AQS","517100024","1","0.1","ppm","1","NOAA","24","100.0000","42101","Carbon monoxide","054","47260","Virginia Beach-Norfolk-Newport News, VA-NC","51","Virginia","710","Norfolk City","36.8555500009058","-76.30135"
"01/17/2026","AQS","517100024","1","0.2","ppm","2","NOAA","24","100.0000","42101","Carbon monoxide","054","47260","Virginia Beach-Norfolk-Newport News, VA-NC","51","Virginia","710","Norfolk City","36.8555500009058","-76.30135"
"01/18/2026","AQS","517100024","1","0.3","ppm","3","NOAA","24","100.0000","42101","Carbon monoxide","054","47260","Virginia Beach-Norfolk-Newport News, VA-NC","51","Virginia","710","Norfolk City","36.8555500009058","-76.30135"
"01/19/2026","AQS","517100024","1","0.2","ppm","2","NOAA","24","100.0000","42101","Carbon monoxide","054","47260","Virginia Beach-Norfolk-Newport News, VA-NC","51","Virginia","710","Norfolk City","36.8555500009058","-76.30135"
"01/20/2026","AQS","517100024","1","0.4","ppm","5","NOAA","24","100.0000","42101","Carbon monoxide","054","47260","Virginia Beach-Norfolk-Newport News, VA-NC","51","Virginia","710","Norfolk City","36.8555500009058","-76.30135"
"01/21/2026","AQS","517100024","1","0.6","ppm","7","NOAA","24","100.0000","42101","Carbon monoxide","054","47260","Virginia Beach-Norfolk-Newport News, VA-NC","51","Virginia","710","Norfolk City","36.8555500009058","-76.30135"
"01/22/2026","AQS","517100024","1","0.2","ppm","2","NOAA","24","100.0000","42101","Carbon monoxide","054","47260","Virginia Beach-Norfolk-Newport News, VA-NC","51","Virginia","710","Norfolk City","36.8555500009058","-76.30135"
"01/23/2026","AQS","517100024","1","0.3","ppm","3","NOAA","24","100.0000","42101","Carbon monoxide","054","47260","Virginia Beach-Norfolk-Newport News, VA-NC","51","Virginia","710","Norfolk City","36.8555500009058","-76.30135"
"01/24/2026","AQS","517100024","1","0.3","ppm","3","NOAA","24","100.0000","42101","Carbon monoxide","054","47260","Virginia Beach-Norfolk-Newport News, VA-NC","51","Virginia","710","Norfolk City","36.8555500009058","-76.30135"
"01/25/2026","AQS","517100024","1","0.2","ppm","2","NOAA","24","100.0000","42101","Carbon monoxide","054","47260","Virginia Beach-Norfolk-Newport News, VA-NC","51","Virginia","710","Norfolk City","36.8555500009058","-76.30135"
"01/26/2026","AQS","517100024","1","0.2","ppm","2","NOAA","24","100.0000","42101","Carbon monoxide","054","47260","Virginia Beach-Norfolk-Newport News, VA-NC","51","Virginia","710","Norfolk City","36.8555500009058","-76.30135"
"01/27/2026","AQS","517100024","1","0.2","ppm","2","NOAA","24","100.0000","42101","Carbon monoxide","054","47260","Virginia Beach-Norfolk-Newport News, VA-NC","51","Virginia","710","Norfolk City","36.8555500009058","-76.30135"
"01/28/2026","AQS","517100024","1","0.2","ppm","2","NOAA","24","100.0000","42101","Carbon monoxide","054","47260","Virginia Beach-Norfolk-Newport News, VA-NC","51","Virginia","710","Norfolk City","36.8555500009058","-76.30135"
"01/29/2026","AQS","517100024","1","0.2","ppm","2","NOAA","24","100.0000","42101","Carbon monoxide","054","47260","Virginia Beach-Norfolk-Newport News, VA-NC","51","Virginia","710","Norfolk City","36.8555500009058","-76.30135"
"01/30/2026","AQS","517100024","1","0.3","ppm","3","NOAA","24","100.0000","42101","Carbon monoxide","054","47260","Virginia Beach-Norfolk-Newport News, VA-NC","51","Virginia","710","Norfolk City","36.8555500009058","-76.30135"
"01/31/2026","AQS","517100024","1","0.1","ppm","1","NOAA","24","100.0000","42101","Carbon monoxide","054","47260","Virginia Beach-Norfolk-Newport News, VA-NC","51","Virginia","710","Norfolk City","36.8555500009058","-76.30135"
"02/01/2026","AQS","517100024","1","0.1","ppm","1","NOAA","24","100.0000","42101","Carbon monoxide","054","47260","Virginia Beach-Norfolk-Newport News, VA-NC","51","Virginia","710","Norfolk City","36.8555500009058","-76.30135"
"02/02/2026","AQS","517100024","1","0.3","ppm","3","NOAA","24","100.0000","42101","Carbon monoxide","054","47260","Virginia Beach-Norfolk-Newport News, VA-NC","51","Virginia","710","Norfolk City","36.8555500009058","-76.30135"
"02/03/2026","AQS","517100024","1","0.3","ppm","3","NOAA","24","100.0000","42101","Carbon monoxide","054","47260","Virginia Beach-Norfolk-Newport News, VA-NC","51","Virginia","710","Norfolk City","36.8555500009058","-76.30135"
"02/04/2026","AQS","517100024","1","0.2","ppm","2","NOAA","24","100.0000","42101","Carbon monoxide","054","47260","Virginia Beach-Norfolk-Newport News, VA-NC","51","Virginia","710","Norfolk City","36.8555500009058","-76.30135"
"02/05/2026","AQS","517100024","1","0.2","ppm","2","NOAA","16","67.0000","42101","Carbon monoxide","054","47260","Virginia Beach-Norfolk-Newport News, VA-NC","51","Virginia","710","Norfolk City","36.8555500009058","-76.30135"
"02/06/2026","AQS","517100024","1","0.2","ppm","2","NOAA","24","100.0000","42101","Carbon monoxide","054","47260","Virginia Beach-Norfolk-Newport News, VA-NC","51","Virginia","710","Norfolk City","36.8555500009058","-76.30135"
"02/07/2026","AQS","517100024","1","0.2","ppm","2","NOAA","24","100.0000","42101","Carbon monoxide","054","47260","Virginia Beach-Norfolk-Newport News, VA-NC","51","Virginia","710","Norfolk City","36.8555500009058","-76.30135"
"02/08/2026","AQS","517100024","1","0.1","ppm","1","NOAA","24","100.0000","42101","Carbon monoxide","054","47260","Virginia Beach-Norfolk-Newport News, VA-NC","51","Virginia","710","Norfolk City","36.8555500009058","-76.30135"
"02/09/2026","AQS","517100024","1","0.3","ppm","3","NOAA","24","100.0000","42101","Carbon monoxide","054","47260","Virginia Beach-Norfolk-Newport News, VA-NC","51","Virginia","710","Norfolk City","36.8555500009058","-76.30135"
"02/10/2026","AQS","517100024","1","0.3","ppm","3","NOAA","24","100.0000","42101","Carbon monoxide","054","47260","Virginia Beach-Norfolk-Newport News, VA-NC","51","Virginia","710","Norfolk City","36.8555500009058","-76.30135"
"02/11/2026","AQS","517100024","1","0.3","ppm","3","NOAA","24","100.0000","42101","Carbon monoxide","054","47260","Virginia Beach-Norfolk-Newport News, VA-NC","51","Virginia","710","Norfolk City","36.8555500009058","-76.30135"
"02/12/2026","AQS","517100024","1","0.2","ppm","2","NOAA","24","100.0000","42101","Carbon monoxide","054","47260","Virginia Beach-Norfolk-Newport News, VA-NC","51","Virginia","710","Norfolk City","36.8555500009058","-76.30135"
"02/13/2026","AQS","517100024","1","0.3","ppm","3","NOAA","24","100.0000","42101","Carbon monoxide","054","47260","Virginia Beach-Norfolk-Newport News, VA-NC","51","Virginia","710","Norfolk City","36.8555500009058","-76.30135"
"02/14/2026","AQS","517100024","1","0.3","ppm","3","NOAA","24","100.0000","42101","Carbon monoxide","054","47260","Virginia Beach-Norfolk-Newport News, VA-NC","51","Virginia","710","Norfolk City","36.8555500009058","-76.30135"
"02/15/2026","AQS","517100024","1","0.3","ppm","3","NOAA","24","100.0000","42101","Carbon monoxide","054","47260","Virginia Beach-Norfolk-Newport News, VA-NC","51","Virginia","710","Norfolk City","36.8555500009058","-76.30135"
"02/16/2026","AQS","517100024","1","0.2","ppm","2","NOAA","24","100.0000","42101","Carbon monoxide","054","47260","Virginia Beach-Norfolk-Newport News, VA-NC","51","Virginia","710","Norfolk City","36.8555500009058","-76.30135"
"02/17/2026","AQS","517100024","1","0.3","ppm","3","NOAA","24","100.0000","42101","Carbon monoxide","054","47260","Virginia Beach-Norfolk-Newport News, VA-NC","51","Virginia","710","Norfolk City","36.8555500009058","-76.30135"
"02/18/2026","AQS","517100024","1","0.3","ppm","3","NOAA","24","100.0000","42101","Carbon monoxide","054","47260","Virginia Beach-Norfolk-Newport News, VA-NC","51","Virginia","710","Norfolk City","36.8555500009058","-76.30135"
"02/19/2026","AQS","517100024","1","0.3","ppm","3","NOAA","24","100.0000","42101","Carbon monoxide","054","47260","Virginia Beach-Norfolk-Newport News, VA-NC","51","Virginia","710","Norfolk City","36.8555500009058","-76.30135"
"02/20/2026","AQS","517100024","1","0.2","ppm","2","NOAA","24","100.0000","42101","Carbon monoxide","054","47260","Virginia Beach-Norfolk-Newport News, VA-NC","51","Virginia","710","Norfolk City","36.8555500009058","-76.30135"
"02/21/2026","AQS","517100024","1","0.2","ppm","2","NOAA","24","100.0000","42101","Carbon monoxide","054","47260","Virginia Beach-Norfolk-Newport News, VA-NC","51","Virginia","710","Norfolk City","36.8555500009058","-76.30135"
"02/22/2026","AQS","517100024","1","0.2","ppm","2","NOAA","24","100.0000","42101","Carbon monoxide","054","47260","Virginia Beach-Norfolk-Newport News, VA-NC","51","Virginia","710","Norfolk City","36.8555500009058","-76.30135"
"02/23/2026","AQS","517100024","1","0.1","ppm","1","NOAA","24","100.0000","42101","Carbon monoxide","054","47260","Virginia Beach-Norfolk-Newport News, VA-NC","51","Virginia","710","Norfolk City","36.8555500009058","-76.30135"
"02/24/2026","AQS","517100024","1","0.2","ppm","2","NOAA","24","100.0000","42101","Carbon monoxide","054","47260","Virginia Beach-Norfolk-Newport News, VA-NC","51","Virginia","710","Norfolk City","36.8555500009058","-76.30135"
"02/25/2026","AQS","517100024","1","0.2","ppm","2","NOAA","24","100.0000","42101","Carbon monoxide","054","47260","Virginia Beach-Norfolk-Newport News, VA-NC","51","Virginia","710","Norfolk City","36.8555500009058","-76.30135"
"02/26/2026","AQS","517100024","1","0.3","ppm","3","NOAA","24","100.0000","42101","Carbon monoxide","054","47260","Virginia Beach-Norfolk-Newport News, VA-NC","51","Virginia","710","Norfolk City","36.8555500009058","-76.30135"
"02/27/2026","AQS","517100024","1","0.3","ppm","3","NOAA","24","100.0000","42101","Carbon monoxide","054","47260","Virginia Beach-Norfolk-Newport News, VA-NC","51","Virginia","710","Norfolk City","36.8555500009058","-76.30135"
"02/28/2026","AQS","517100024","1","0.3","ppm","3","NOAA","24","100.0000","42101","Carbon monoxide","054","47260","Virginia Beach-Norfolk-Newport News, VA-NC","51","Virginia","710","Norfolk City","36.8555500009058","-76.30135"
"03/01/2026","AQS","517100024","1","0.3","ppm","3","NOAA","24","100.0000","42101","Carbon monoxide","054","47260","Virginia Beach-Norfolk-Newport News, VA-NC","51","Virginia","710","Norfolk City","36.8555500009058","-76.30135"
"03/02/2026","AQS","517100024","1","0.1","ppm","1","NOAA","24","100.0000","42101","Carbon monoxide","054","47260","Virginia Beach-Norfolk-Newport News, VA-NC","51","Virginia","710","Norfolk City","36.8555500009058","-76.30135"
"03/03/2026","AQS","517100024","1","0.3","ppm","3","NOAA","24","100.0000","42101","Carbon monoxide","054","47260","Virginia Beach-Norfolk-Newport News, VA-NC","51","Virginia","710","Norfolk City","36.8555500009058","-76.30135"
"03/04/2026","AQS","517100024","1","0.3","ppm","3","NOAA","24","100.0000","42101","Carbon monoxide","054","47260","Virginia Beach-Norfolk-Newport News, VA-NC","51","Virginia","710","Norfolk City","36.8555500009058","-76.30135"
"03/05/2026","AQS","517100024","1","0.3","ppm","3","NOAA","24","100.0000","42101","Carbon monoxide","054","47260","Virginia Beach-Norfolk-Newport News, VA-NC","51","Virginia","710","Norfolk City","36.8555500009058","-76.30135"
"03/06/2026","AQS","517100024","1","0.2","ppm","2","NOAA","24","100.0000","42101","Carbon monoxide","054","47260","Virginia Beach-Norfolk-Newport News, VA-NC","51","Virginia","710","Norfolk City","36.8555500009058","-76.30135"
"03/07/2026","AQS","517100024","1","0.2","ppm","2","NOAA","24","100.0000","42101","Carbon monoxide","054","47260","Virginia Beach-Norfolk-Newport News, VA-NC","51","Virginia","710","Norfolk City","36.8555500009058","-76.30135"
"03/08/2026","AQS","517100024","1","0.1","ppm","1","NOAA","24","100.0000","42101","Carbon monoxide","054","47260","Virginia Beach-Norfolk-Newport News, VA-NC","51","Virginia","710","Norfolk City","36.8555500009058","-76.30135"
"03/09/2026","AQS","517100024","1","0.3","ppm","3","NOAA","24","100.0000","42101","Carbon monoxide","054","47260","Virginia Beach-Norfolk-Newport News, VA-NC","51","Virginia","710","Norfolk City","36.8555500009058","-76.30135"
"03/10/2026","AQS","517100024","1","0.3","ppm","3","NOAA","24","100.0000","42101","Carbon monoxide","054","47260","Virginia Beach-Norfolk-Newport News, VA-NC","51","Virginia","710","Norfolk City","36.8555500009058","-76.30135"
"03/11/2026","AQS","517100024","1","0.3","ppm","3","NOAA","24","100.0000","42101","Carbon monoxide","054","47260","Virginia Beach-Norfolk-Newport News, VA-NC","51","Virginia","710","Norfolk City","36.8555500009058","-76.30135"
"03/12/2026","AQS","517100024","1","0.1","ppm","1","NOAA","23","96.0000","42101","Carbon monoxide","054","47260","Virginia Beach-Norfolk-Newport News, VA-NC","51","Virginia","710","Norfolk City","36.8555500009058","-76.30135"
"03/13/2026","AQS","517100024","1","0.1","ppm","1","NOAA","24","100.0000","42101","Carbon monoxide","054","47260","Virginia Beach-Norfolk-Newport News, VA-NC","51","Virginia","710","Norfolk City","36.8555500009058","-76.30135"
"03/14/2026","AQS","517100024","1","0.2","ppm","2","NOAA","24","100.0000","42101","Carbon monoxide","054","47260","Virginia Beach-Norfolk-Newport News, VA-NC","51","Virginia","710","Norfolk City","36.8555500009058","-76.30135"
"03/15/2026","AQS","517100024","1","0.2","ppm","2","NOAA","24","100.0000","42101","Carbon monoxide","054","47260","Virginia Beach-Norfolk-Newport News, VA-NC","51","Virginia","710","Norfolk City","36.8555500009058","-76.30135"
"03/16/2026","AQS","517100024","1","0.1","ppm","1","NOAA","24","100.0000","42101","Carbon monoxide","054","47260","Virginia Beach-Norfolk-Newport News, VA-NC","51","Virginia","710","Norfolk City","36.8555500009058","-76.30135"
"03/17/2026","AQS","517100024","1","0","ppm","0","NOAA","24","100.0000","42101","Carbon monoxide","054","47260","Virginia Beach-Norfolk-Newport News, VA-NC","51","Virginia","710","Norfolk City","36.8555500009058","-76.30135"
"03/18/2026","AQS","517100024","1","0","ppm","0","NOAA","24","100.0000","42101","Carbon monoxide","054","47260","Virginia Beach-Norfolk-Newport News, VA-NC","51","Virginia","710","Norfolk City","36.8555500009058","-76.30135"
"03/19/2026","AQS","517100024","1","0.1","ppm","1","NOAA","24","100.0000","42101","Carbon monoxide","054","47260","Virginia Beach-Norfolk-Newport News, VA-NC","51","Virginia","710","Norfolk City","36.8555500009058","-76.30135"
"03/20/2026","AQS","517100024","1","0.1","ppm","1","NOAA","24","100.0000","42101","Carbon monoxide","054","47260","Virginia Beach-Norfolk-Newport News, VA-NC","51","Virginia","710","Norfolk City","36.8555500009058","-76.30135"
"03/21/2026","AQS","517100024","1","0.1","ppm","1","NOAA","24","100.0000","42101","Carbon monoxide","054","47260","Virginia Beach-Norfolk-Newport News, VA-NC","51","Virginia","710","Norfolk City","36.8555500009058","-76.30135"
"03/22/2026","AQS","517100024","1","0.1","ppm","1","NOAA","24","100.0000","42101","Carbon monoxide","054","47260","Virginia Beach-Norfolk-Newport News, VA-NC","51","Virginia","710","Norfolk City","36.8555500009058","-76.30135"
"03/23/2026","AQS","517100024","1","0.2","ppm","2","NOAA","24","100.0000","42101","Carbon monoxide","054","47260","Virginia Beach-Norfolk-Newport News, VA-NC","51","Virginia","710","Norfolk City","36.8555500009058","-76.30135"
"03/24/2026","AQS","517100024","1","0.2","ppm","2","NOAA","24","100.0000","42101","Carbon monoxide","054","47260","Virginia Beach-Norfolk-Newport News, VA-NC","51","Virginia","710","Norfolk City","36.8555500009058","-76.30135"
"03/25/2026","AQS","517100024","1","0.3","ppm","3","NOAA","24","100.0000","42101","Carbon monoxide","054","47260","Virginia Beach-Norfolk-Newport News, VA-NC","51","Virginia","710","Norfolk City","36.8555500009058","-76.30135"
"03/26/2026","AQS","517100024","1","0.2","ppm","2","NOAA","24","100.0000","42101","Carbon monoxide","054","47260","Virginia Beach-Norfolk-Newport News, VA-NC","51","Virginia","710","Norfolk City","36.8555500009058","-76.30135"
"03/27/2026","AQS","517100024","1","0.2","ppm","2","NOAA","24","100.0000","42101","Carbon monoxide","054","47260","Virginia Beach-Norfolk-Newport News, VA-NC","51","Virginia","710","Norfolk City","36.8555500009058","-76.30135"
"03/28/2026","AQS","517100024","1","0.2","ppm","2","NOAA","24","100.0000","42101","Carbon monoxide","054","47260","Virginia Beach-Norfolk-Newport News, VA-NC","51","Virginia","710","Norfolk City","36.8555500009058","-76.30135"
"03/29/2026","AQS","517100024","1","0.2","ppm","2","NOAA","24","100.0000","42101","Carbon monoxide","054","47260","Virginia Beach-Norfolk-Newport News, VA-NC","51","Virginia","710","Norfolk City","36.8555500009058","-76.30135"
"03/30/2026","AQS","517100024","1","0.2","ppm","2","NOAA","4","17.0000","42101","Carbon monoxide","054","47260","Virginia Beach-Norfolk-Newport News, VA-NC","51","Virginia","710","Norfolk City","36.8555500009058","-76.30135"
"03/31/2026","AQS","517100024","1","0.1","ppm","1","NOAA","8","33.0000","42101","Carbon monoxide","054","47260","Virginia Beach-Norfolk-Newport News, VA-NC","51","Virginia","710","Norfolk City","36.8555500009058","-76.30135"
"04/01/2026","AQS","517100024","1","0.1","ppm","1","NOAA","24","100.0000","42101","Carbon monoxide","054","47260","Virginia Beach-Norfolk-Newport News, VA-NC","51","Virginia","710","Norfolk City","36.8555500009058","-76.30135"
"04/02/2026","AQS","517100024","1","0.1","ppm","1","NOAA","24","100.0000","42101","Carbon monoxide","054","47260","Virginia Beach-Norfolk-Newport News, VA-NC","51","Virginia","710","Norfolk City","36.8555500009058","-76.30135"
"04/03/2026","AQS","517100024","1","0.1","ppm","1","NOAA","24","100.0000","42101","Carbon monoxide","054","47260","Virginia Beach-Norfolk-Newport News, VA-NC","51","Virginia","710","Norfolk City","36.8555500009058","-76.30135"
"04/04/2026","AQS","517100024","1","0.1","ppm","1","NOAA","24","100.0000","42101","Carbon monoxide","054","47260","Virginia Beach-Norfolk-Newport News, VA-NC","51","Virginia","710","Norfolk City","36.8555500009058","-76.30135"
"04/05/2026","AQS","517100024","1","0.1","ppm","1","NOAA","24","100.0000","42101","Carbon monoxide","054","47260","Virginia Beach-Norfolk-Newport News, VA-NC","51","Virginia","710","Norfolk City","36.8555500009058","-76.30135"
"04/06/2026","AQS","517100024","1","0","ppm","0","NOAA","24","100.0000","42101","Carbon monoxide","054","47260","Virginia Beach-Norfolk-Newport News, VA-NC","51","Virginia","710","Norfolk City","36.8555500009058","-76.30135"
"04/07/2026","AQS","517100024","1","0.1","ppm","1","NOAA","24","100.0000","42101","Carbon monoxide","054","47260","Virginia Beach-Norfolk-Newport News, VA-NC","51","Virginia","710","Norfolk City","36.8555500009058","-76.30135"
"04/08/2026","AQS","517100024","1","0","ppm","0","NOAA","24","100.0000","42101","Carbon monoxide","054","47260","Virginia Beach-Norfolk-Newport News, VA-NC","51","Virginia","710","Norfolk City","36.8555500009058","-76.30135"
"04/09/2026","AQS","517100024","1","0.1","ppm","1","NOAA","24","100.0000","42101","Carbon monoxide","054","47260","Virginia Beach-Norfolk-Newport News, VA-NC","51","Virginia","710","Norfolk City","36.8555500009058","-76.30135"
"04/10/2026","AQS","517100024","1","0.1","ppm","1","NOAA","24","100.0000","42101","Carbon monoxide","054","47260","Virginia Beach-Norfolk-Newport News, VA-NC","51","Virginia","710","Norfolk City","36.8555500009058","-76.30135"
"04/11/2026","AQS","517100024","1","0.1","ppm","1","NOAA","24","100.0000","42101","Carbon monoxide","054","47260","Virginia Beach-Norfolk-Newport News, VA-NC","51","Virginia","710","Norfolk City","36.8555500009058","-76.30135"
"04/12/2026","AQS","517100024","1","0.1","ppm","1","NOAA","24","100.0000","42101","Carbon monoxide","054","47260","Virginia Beach-Norfolk-Newport News, VA-NC","51","Virginia","710","Norfolk City","36.8555500009058","-76.30135"
"04/13/2026","AQS","517100024","1","0","ppm","0","NOAA","24","100.0000","42101","Carbon monoxide","054","47260","Virginia Beach-Norfolk-Newport News, VA-NC","51","Virginia","710","Norfolk City","36.8555500009058","-76.30135"
"04/14/2026","AQS","517100024","1","0.1","ppm","1","NOAA","24","100.0000","42101","Carbon monoxide","054","47260","Virginia Beach-Norfolk-Newport News, VA-NC","51","Virginia","710","Norfolk City","36.8555500009058","-76.30135"
"04/15/2026","AQS","517100024","1","0.2","ppm","2","NOAA","24","100.0000","42101","Carbon monoxide","054","47260","Virginia Beach-Norfolk-Newport News, VA-NC","51","Virginia","710","Norfolk City","36.8555500009058","-76.30135"
"04/16/2026","AQS","517100024","1","0.1","ppm","1","NOAA","24","100.0000","42101","Carbon monoxide","054","47260","Virginia Beach-Norfolk-Newport News, VA-NC","51","Virginia","710","Norfolk City","36.8555500009058","-76.30135"
"04/17/2026","AQS","517100024","1","0.2","ppm","2","NOAA","24","100.0000","42101","Carbon monoxide","054","47260","Virginia Beach-Norfolk-Newport News, VA-NC","51","Virginia","710","Norfolk City","36.8555500009058","-76.30135"
"04/18/2026","AQS","517100024","1","0.2","ppm","2","NOAA","24","100.0000","42101","Carbon monoxide","054","47260","Virginia Beach-Norfolk-Newport News, VA-NC","51","Virginia","710","Norfolk City","36.8555500009058","-76.30135"
"04/19/2026","AQS","517100024","1","0.1","ppm","1","NOAA","24","100.0000","42101","Carbon monoxide","054","47260","Virginia Beach-Norfolk-Newport News, VA-NC","51","Virginia","710","Norfolk City","36.8555500009058","-76.30135"
"04/20/2026","AQS","517100024","1","0.1","ppm","1","NOAA","24","100.0000","42101","Carbon monoxide","054","47260","Virginia Beach-Norfolk-Newport News, VA-NC","51","Virginia","710","Norfolk City","36.8555500009058","-76.30135"
"04/21/2026","AQS","517100024","1","0.1","ppm","1","NOAA","24","100.0000","42101","Carbon monoxide","054","47260","Virginia Beach-Norfolk-Newport News, VA-NC","51","Virginia","710","Norfolk City","36.8555500009058","-76.30135"
"04/22/2026","AQS","517100024","1","0.1","ppm","1","NOAA","24","100.0000","42101","Carbon monoxide","054","47260","Virginia Beach-Norfolk-Newport News, VA-NC","51","Virginia","710","Norfolk City","36.8555500009058","-76.30135"
"04/23/2026","AQS","517100024","1","0.1","ppm","1","NOAA","24","100.0000","42101","Carbon monoxide","054","47260","Virginia Beach-Norfolk-Newport News, VA-NC","51","Virginia","710","Norfolk City","36.8555500009058","-76.30135"
"04/24/2026","AQS","517100024","1","0.1","ppm","1","NOAA","24","100.0000","42101","Carbon monoxide","054","47260","Virginia Beach-Norfolk-Newport News, VA-NC","51","Virginia","710","Norfolk City","36.8555500009058","-76.30135"
"04/25/2026","AQS","517100024","1","0.2","ppm","2","NOAA","24","100.0000","42101","Carbon monoxide","054","47260","Virginia Beach-Norfolk-Newport News, VA-NC","51","Virginia","710","Norfolk City","36.8555500009058","-76.30135"
"04/26/2026","AQS","517100024","1","0.1","ppm","1","NOAA","24","100.0000","42101","Carbon monoxide","054","47260","Virginia Beach-Norfolk-Newport News, VA-NC","51","Virginia","710","Norfolk City","36.8555500009058","-76.30135"
"04/27/2026","AQS","517100024","1","0.1","ppm","1","NOAA","24","100.0000","42101","Carbon monoxide","054","47260","Virginia Beach-Norfolk-Newport News, VA-NC","51","Virginia","710","Norfolk City","36.8555500009058","-76.30135"
"04/28/2026","AQS","517100024","1","0.2","ppm","2","NOAA","24","100.0000","42101","Carbon monoxide","054","47260","Virginia Beach-Norfolk-Newport News, VA-NC","51","Virginia","710","Norfolk City","36.8555500009058","-76.30135"
"04/29/2026","AQS","517100024","1","0.1","ppm","1","NOAA","24","100.0000","42101","Carbon monoxide","054","47260","Virginia Beach-Norfolk-Newport News, VA-NC","51","Virginia","710","Norfolk City","36.8555500009058","-76.30135"
"04/30/2026","AQS","517100024","1","0.1","ppm","1","NOAA","24","100.0000","42101","Carbon monoxide","054","47260","Virginia Beach-Norfolk-Newport News, VA-NC","51","Virginia","710","Norfolk City","36.8555500009058","-76.30135"
"05/01/2026","AQS","517100024","1","0.1","ppm","1","NOAA","2","8.0000","42101","Carbon monoxide","054","47260","Virginia Beach-Norfolk-Newport News, VA-NC","51","Virginia","710","Norfolk City","36.8555500009058","-76.30135"
"01/01/2026","AQS","517600025","1","0.3","ppm","3","Bryan Park","19","79.0000","42101","Carbon monoxide","054","40060","Richmond, VA","51","Virginia","760","Richmond City","37.59088","-77.46925"
"01/02/2026","AQS","517600025","1","0.4","ppm","5","Bryan Park","24","100.0000","42101","Carbon monoxide","054","40060","Richmond, VA","51","Virginia","760","Richmond City","37.59088","-77.46925"
"01/03/2026","AQS","517600025","1","0.5","ppm","6","Bryan Park","24","100.0000","42101","Carbon monoxide","054","40060","Richmond, VA","51","Virginia","760","Richmond City","37.59088","-77.46925"
"01/04/2026","AQS","517600025","1","0.6","ppm","7","Bryan Park","24","100.0000","42101","Carbon monoxide","054","40060","Richmond, VA","51","Virginia","760","Richmond City","37.59088","-77.46925"
"01/05/2026","AQS","517600025","1","0.6","ppm","7","Bryan Park","24","100.0000","42101","Carbon monoxide","054","40060","Richmond, VA","51","Virginia","760","Richmond City","37.59088","-77.46925"
"01/06/2026","AQS","517600025","1","0.7","ppm","8","Bryan Park","24","100.0000","42101","Carbon monoxide","054","40060","Richmond, VA","51","Virginia","760","Richmond City","37.59088","-77.46925"
"01/07/2026","AQS","517600025","1","0.4","ppm","5","Bryan Park","24","100.0000","42101","Carbon monoxide","054","40060","Richmond, VA","51","Virginia","760","Richmond City","37.59088","-77.46925"
"01/08/2026","AQS","517600025","1","0.4","ppm","5","Bryan Park","24","100.0000","42101","Carbon monoxide","054","40060","Richmond, VA","51","Virginia","760","Richmond City","37.59088","-77.46925"
"01/09/2026","AQS","517600025","1","0.5","ppm","6","Bryan Park","24","100.0000","42101","Carbon monoxide","054","40060","Richmond, VA","51","Virginia","760","Richmond City","37.59088","-77.46925"
"01/10/2026","AQS","517600025","1","0.4","ppm","5","Bryan Park","24","100.0000","42101","Carbon monoxide","054","40060","Richmond, VA","51","Virginia","760","Richmond City","37.59088","-77.46925"
"01/11/2026","AQS","517600025","1","0.3","ppm","3","Bryan Park","24","100.0000","42101","Carbon monoxide","054","40060","Richmond, VA","51","Virginia","760","Richmond City","37.59088","-77.46925"
"01/12/2026","AQS","517600025","1","0.3","ppm","3","Bryan Park","24","100.0000","42101","Carbon monoxide","054","40060","Richmond, VA","51","Virginia","760","Richmond City","37.59088","-77.46925"
"01/13/2026","AQS","517600025","1","0.5","ppm","6","Bryan Park","24","100.0000","42101","Carbon monoxide","054","40060","Richmond, VA","51","Virginia","760","Richmond City","37.59088","-77.46925"
"01/14/2026","AQS","517600025","1","0.4","ppm","5","Bryan Park","24","100.0000","42101","Carbon monoxide","054","40060","Richmond, VA","51","Virginia","760","Richmond City","37.59088","-77.46925"
"01/15/2026","AQS","517600025","1","0.3","ppm","3","Bryan Park","24","100.0000","42101","Carbon monoxide","054","40060","Richmond, VA","51","Virginia","760","Richmond City","37.59088","-77.46925"
"01/16/2026","AQS","517600025","1","0.3","ppm","3","Bryan Park","24","100.0000","42101","Carbon monoxide","054","40060","Richmond, VA","51","Virginia","760","Richmond City","37.59088","-77.46925"
"01/17/2026","AQS","517600025","1","0.6","ppm","7","Bryan Park","24","100.0000","42101","Carbon monoxide","054","40060","Richmond, VA","51","Virginia","760","Richmond City","37.59088","-77.46925"
"01/18/2026","AQS","517600025","1","0.7","ppm","8","Bryan Park","24","100.0000","42101","Carbon monoxide","054","40060","Richmond, VA","51","Virginia","760","Richmond City","37.59088","-77.46925"
"01/19/2026","AQS","517600025","1","0.4","ppm","5","Bryan Park","24","100.0000","42101","Carbon monoxide","054","40060","Richmond, VA","51","Virginia","760","Richmond City","37.59088","-77.46925"
"01/20/2026","AQS","517600025","1","0.5","ppm","6","Bryan Park","24","100.0000","42101","Carbon monoxide","054","40060","Richmond, VA","51","Virginia","760","Richmond City","37.59088","-77.46925"
"01/21/2026","AQS","517600025","1","0.7","ppm","8","Bryan Park","24","100.0000","42101","Carbon monoxide","054","40060","Richmond, VA","51","Virginia","760","Richmond City","37.59088","-77.46925"
"01/22/2026","AQS","517600025","1","0.4","ppm","5","Bryan Park","24","100.0000","42101","Carbon monoxide","054","40060","Richmond, VA","51","Virginia","760","Richmond City","37.59088","-77.46925"
"01/23/2026","AQS","517600025","1","0.4","ppm","5","Bryan Park","24","100.0000","42101","Carbon monoxide","054","40060","Richmond, VA","51","Virginia","760","Richmond City","37.59088","-77.46925"
"01/24/2026","AQS","517600025","1","0.2","ppm","2","Bryan Park","24","100.0000","42101","Carbon monoxide","054","40060","Richmond, VA","51","Virginia","760","Richmond City","37.59088","-77.46925"
"01/25/2026","AQS","517600025","1","0.2","ppm","2","Bryan Park","24","100.0000","42101","Carbon monoxide","054","40060","Richmond, VA","51","Virginia","760","Richmond City","37.59088","-77.46925"
"01/26/2026","AQS","517600025","1","0.2","ppm","2","Bryan Park","24","100.0000","42101","Carbon monoxide","054","40060","Richmond, VA","51","Virginia","760","Richmond City","37.59088","-77.46925"
"01/27/2026","AQS","517600025","1","0.3","ppm","3","Bryan Park","24","100.0000","42101","Carbon monoxide","054","40060","Richmond, VA","51","Virginia","760","Richmond City","37.59088","-77.46925"
"01/28/2026","AQS","517600025","1","0.3","ppm","3","Bryan Park","24","100.0000","42101","Carbon monoxide","054","40060","Richmond, VA","51","Virginia","760","Richmond City","37.59088","-77.46925"
"01/29/2026","AQS","517600025","1","0.4","ppm","5","Bryan Park","24","100.0000","42101","Carbon monoxide","054","40060","Richmond, VA","51","Virginia","760","Richmond City","37.59088","-77.46925"
"01/30/2026","AQS","517600025","1","0.3","ppm","3","Bryan Park","24","100.0000","42101","Carbon monoxide","054","40060","Richmond, VA","51","Virginia","760","Richmond City","37.59088","-77.46925"
"01/31/2026","AQS","517600025","1","0.2","ppm","2","Bryan Park","24","100.0000","42101","Carbon monoxide","054","40060","Richmond, VA","51","Virginia","760","Richmond City","37.59088","-77.46925"
"02/01/2026","AQS","517600025","1","0.1","ppm","1","Bryan Park","24","100.0000","42101","Carbon monoxide","054","40060","Richmond, VA","51","Virginia","760","Richmond City","37.59088","-77.46925"
"02/02/2026","AQS","517600025","1","0.4","ppm","5","Bryan Park","24","100.0000","42101","Carbon monoxide","054","40060","Richmond, VA","51","Virginia","760","Richmond City","37.59088","-77.46925"
"02/03/2026","AQS","517600025","1","0.5","ppm","6","Bryan Park","24","100.0000","42101","Carbon monoxide","054","40060","Richmond, VA","51","Virginia","760","Richmond City","37.59088","-77.46925"
"02/04/2026","AQS","517600025","1","0.4","ppm","5","Bryan Park","24","100.0000","42101","Carbon monoxide","054","40060","Richmond, VA","51","Virginia","760","Richmond City","37.59088","-77.46925"
"02/05/2026","AQS","517600025","1","0.3","ppm","3","Bryan Park","24","100.0000","42101","Carbon monoxide","054","40060","Richmond, VA","51","Virginia","760","Richmond City","37.59088","-77.46925"
"02/06/2026","AQS","517600025","1","0.4","ppm","5","Bryan Park","24","100.0000","42101","Carbon monoxide","054","40060","Richmond, VA","51","Virginia","760","Richmond City","37.59088","-77.46925"
"02/07/2026","AQS","517600025","1","0.3","ppm","3","Bryan Park","24","100.0000","42101","Carbon monoxide","054","40060","Richmond, VA","51","Virginia","760","Richmond City","37.59088","-77.46925"
"02/08/2026","AQS","517600025","1","0.2","ppm","2","Bryan Park","24","100.0000","42101","Carbon monoxide","054","40060","Richmond, VA","51","Virginia","760","Richmond City","37.59088","-77.46925"
"02/09/2026","AQS","517600025","1","0.4","ppm","5","Bryan Park","24","100.0000","42101","Carbon monoxide","054","40060","Richmond, VA","51","Virginia","760","Richmond City","37.59088","-77.46925"
"02/10/2026","AQS","517600025","1","0.7","ppm","8","Bryan Park","24","100.0000","42101","Carbon monoxide","054","40060","Richmond, VA","51","Virginia","760","Richmond City","37.59088","-77.46925"
"02/11/2026","AQS","517600025","1","0.7","ppm","8","Bryan Park","24","100.0000","42101","Carbon monoxide","054","40060","Richmond, VA","51","Virginia","760","Richmond City","37.59088","-77.46925"
"02/12/2026","AQS","517600025","1","0.4","ppm","5","Bryan Park","24","100.0000","42101","Carbon monoxide","054","40060","Richmond, VA","51","Virginia","760","Richmond City","37.59088","-77.46925"
"02/13/2026","AQS","517600025","1","0.5","ppm","6","Bryan Park","24","100.0000","42101","Carbon monoxide","054","40060","Richmond, VA","51","Virginia","760","Richmond City","37.59088","-77.46925"
"02/14/2026","AQS","517600025","1","0.8","ppm","9","Bryan Park","24","100.0000","42101","Carbon monoxide","054","40060","Richmond, VA","51","Virginia","760","Richmond City","37.59088","-77.46925"
"02/15/2026","AQS","517600025","1","0.9","ppm","10","Bryan Park","24","100.0000","42101","Carbon monoxide","054","40060","Richmond, VA","51","Virginia","760","Richmond City","37.59088","-77.46925"
"02/16/2026","AQS","517600025","1","0.5","ppm","6","Bryan Park","24","100.0000","42101","Carbon monoxide","054","40060","Richmond, VA","51","Virginia","760","Richmond City","37.59088","-77.46925"
"02/17/2026","AQS","517600025","1","0.5","ppm","6","Bryan Park","24","100.0000","42101","Carbon monoxide","054","40060","Richmond, VA","51","Virginia","760","Richmond City","37.59088","-77.46925"
"02/18/2026","AQS","517600025","1","0.5","ppm","6","Bryan Park","17","71.0000","42101","Carbon monoxide","054","40060","Richmond, VA","51","Virginia","760","Richmond City","37.59088","-77.46925"
"02/19/2026","AQS","517600025","1","0.5","ppm","6","Bryan Park","24","100.0000","42101","Carbon monoxide","054","40060","Richmond, VA","51","Virginia","760","Richmond City","37.59088","-77.46925"
"02/20/2026","AQS","517600025","1","0.4","ppm","5","Bryan Park","24","100.0000","42101","Carbon monoxide","054","40060","Richmond, VA","51","Virginia","760","Richmond City","37.59088","-77.46925"
"02/21/2026","AQS","517600025","1","0.5","ppm","6","Bryan Park","24","100.0000","42101","Carbon monoxide","054","40060","Richmond, VA","51","Virginia","760","Richmond City","37.59088","-77.46925"
"02/22/2026","AQS","517600025","1","0.3","ppm","3","Bryan Park","24","100.0000","42101","Carbon monoxide","054","40060","Richmond, VA","51","Virginia","760","Richmond City","37.59088","-77.46925"
"02/23/2026","AQS","517600025","1","0.2","ppm","2","Bryan Park","24","100.0000","42101","Carbon monoxide","054","40060","Richmond, VA","51","Virginia","760","Richmond City","37.59088","-77.46925"
"02/24/2026","AQS","517600025","1","0.2","ppm","2","Bryan Park","24","100.0000","42101","Carbon monoxide","054","40060","Richmond, VA","51","Virginia","760","Richmond City","37.59088","-77.46925"
"02/25/2026","AQS","517600025","1","0.4","ppm","5","Bryan Park","24","100.0000","42101","Carbon monoxide","054","40060","Richmond, VA","51","Virginia","760","Richmond City","37.59088","-77.46925"
"02/26/2026","AQS","517600025","1","0.4","ppm","5","Bryan Park","24","100.0000","42101","Carbon monoxide","054","40060","Richmond, VA","51","Virginia","760","Richmond City","37.59088","-77.46925"
"02/27/2026","AQS","517600025","1","0.5","ppm","6","Bryan Park","24","100.0000","42101","Carbon monoxide","054","40060","Richmond, VA","51","Virginia","760","Richmond City","37.59088","-77.46925"
"02/28/2026","AQS","517600025","1","0.7","ppm","8","Bryan Park","24","100.0000","42101","Carbon monoxide","054","40060","Richmond, VA","51","Virginia","760","Richmond City","37.59088","-77.46925"
"03/01/2026","AQS","517600025","1","0.8","ppm","9","Bryan Park","24","100.0000","42101","Carbon monoxide","054","40060","Richmond, VA","51","Virginia","760","Richmond City","37.59088","-77.46925"
"03/02/2026","AQS","517600025","1","0.4","ppm","5","Bryan Park","24","100.0000","42101","Carbon monoxide","054","40060","Richmond, VA","51","Virginia","760","Richmond City","37.59088","-77.46925"
"03/03/2026","AQS","517600025","1","0.4","ppm","5","Bryan Park","24","100.0000","42101","Carbon monoxide","054","40060","Richmond, VA","51","Virginia","760","Richmond City","37.59088","-77.46925"
"03/04/2026","AQS","517600025","1","0.5","ppm","6","Bryan Park","24","100.0000","42101","Carbon monoxide","054","40060","Richmond, VA","51","Virginia","760","Richmond City","37.59088","-77.46925"
"03/05/2026","AQS","517600025","1","0.4","ppm","5","Bryan Park","24","100.0000","42101","Carbon monoxide","054","40060","Richmond, VA","51","Virginia","760","Richmond City","37.59088","-77.46925"
"03/06/2026","AQS","517600025","1","0.4","ppm","5","Bryan Park","24","100.0000","42101","Carbon monoxide","054","40060","Richmond, VA","51","Virginia","760","Richmond City","37.59088","-77.46925"
"03/07/2026","AQS","517600025","1","0.5","ppm","6","Bryan Park","24","100.0000","42101","Carbon monoxide","054","40060","Richmond, VA","51","Virginia","760","Richmond City","37.59088","-77.46925"
"03/08/2026","AQS","517600025","1","0.4","ppm","5","Bryan Park","24","100.0000","42101","Carbon monoxide","054","40060","Richmond, VA","51","Virginia","760","Richmond City","37.59088","-77.46925"
"03/09/2026","AQS","517600025","1","0.4","ppm","5","Bryan Park","24","100.0000","42101","Carbon monoxide","054","40060","Richmond, VA","51","Virginia","760","Richmond City","37.59088","-77.46925"
"03/10/2026","AQS","517600025","1","0.4","ppm","5","Bryan Park","24","100.0000","42101","Carbon monoxide","054","40060","Richmond, VA","51","Virginia","760","Richmond City","37.59088","-77.46925"
"03/11/2026","AQS","517600025","1","0.5","ppm","6","Bryan Park","24","100.0000","42101","Carbon monoxide","054","40060","Richmond, VA","51","Virginia","760","Richmond City","37.59088","-77.46925"
"03/12/2026","AQS","517600025","1","0.3","ppm","3","Bryan Park","24","100.0000","42101","Carbon monoxide","054","40060","Richmond, VA","51","Virginia","760","Richmond City","37.59088","-77.46925"
"03/13/2026","AQS","517600025","1","0.4","ppm","5","Bryan Park","24","100.0000","42101","Carbon monoxide","054","40060","Richmond, VA","51","Virginia","760","Richmond City","37.59088","-77.46925"
"03/14/2026","AQS","517600025","1","0.3","ppm","3","Bryan Park","24","100.0000","42101","Carbon monoxide","054","40060","Richmond, VA","51","Virginia","760","Richmond City","37.59088","-77.46925"
"03/15/2026","AQS","517600025","1","0.3","ppm","3","Bryan Park","24","100.0000","42101","Carbon monoxide","054","40060","Richmond, VA","51","Virginia","760","Richmond City","37.59088","-77.46925"
"03/16/2026","AQS","517600025","1","0.3","ppm","3","Bryan Park","24","100.0000","42101","Carbon monoxide","054","40060","Richmond, VA","51","Virginia","760","Richmond City","37.59088","-77.46925"
"03/17/2026","AQS","517600025","1","0.2","ppm","2","Bryan Park","24","100.0000","42101","Carbon monoxide","054","40060","Richmond, VA","51","Virginia","760","Richmond City","37.59088","-77.46925"
"03/18/2026","AQS","517600025","1","0.3","ppm","3","Bryan Park","24","100.0000","42101","Carbon monoxide","054","40060","Richmond, VA","51","Virginia","760","Richmond City","37.59088","-77.46925"
"03/19/2026","AQS","517600025","1","0.4","ppm","5","Bryan Park","24","100.0000","42101","Carbon monoxide","054","40060","Richmond, VA","51","Virginia","760","Richmond City","37.59088","-77.46925"
"03/20/2026","AQS","517600025","1","0.4","ppm","5","Bryan Park","19","79.0000","42101","Carbon monoxide","054","40060","Richmond, VA","51","Virginia","760","Richmond City","37.59088","-77.46925"
"03/21/2026","AQS","517600025","1","0.3","ppm","3","Bryan Park","24","100.0000","42101","Carbon monoxide","054","40060","Richmond, VA","51","Virginia","760","Richmond City","37.59088","-77.46925"
"03/22/2026","AQS","517600025","1","0.3","ppm","3","Bryan Park","24","100.0000","42101","Carbon monoxide","054","40060","Richmond, VA","51","Virginia","760","Richmond City","37.59088","-77.46925"
"03/23/2026","AQS","517600025","1","0.3","ppm","3","Bryan Park","24","100.0000","42101","Carbon monoxide","054","40060","Richmond, VA","51","Virginia","760","Richmond City","37.59088","-77.46925"
"03/24/2026","AQS","517600025","1","0.2","ppm","2","Bryan Park","24","100.0000","42101","Carbon monoxide","054","40060","Richmond, VA","51","Virginia","760","Richmond City","37.59088","-77.46925"
"03/25/2026","AQS","517600025","1","0.3","ppm","3","Bryan Park","24","100.0000","42101","Carbon monoxide","054","40060","Richmond, VA","51","Virginia","760","Richmond City","37.59088","-77.46925"
"03/26/2026","AQS","517600025","1","0.3","ppm","3","Bryan Park","24","100.0000","42101","Carbon monoxide","054","40060","Richmond, VA","51","Virginia","760","Richmond City","37.59088","-77.46925"
"03/27/2026","AQS","517600025","1","0.3","ppm","3","Bryan Park","24","100.0000","42101","Carbon monoxide","054","40060","Richmond, VA","51","Virginia","760","Richmond City","37.59088","-77.46925"
"03/28/2026","AQS","517600025","1","0.4","ppm","5","Bryan Park","24","100.0000","42101","Carbon monoxide","054","40060","Richmond, VA","51","Virginia","760","Richmond City","37.59088","-77.46925"
"03/29/2026","AQS","517600025","1","0.5","ppm","6","Bryan Park","24","100.0000","42101","Carbon monoxide","054","40060","Richmond, VA","51","Virginia","760","Richmond City","37.59088","-77.46925"
"03/30/2026","AQS","517600025","1","0.3","ppm","3","Bryan Park","24","100.0000","42101","Carbon monoxide","054","40060","Richmond, VA","51","Virginia","760","Richmond City","37.59088","-77.46925"
"03/31/2026","AQS","517600025","1","0.3","ppm","3","Bryan Park","24","100.0000","42101","Carbon monoxide","054","40060","Richmond, VA","51","Virginia","760","Richmond City","37.59088","-77.46925"
"04/01/2026","AQS","517600025","1","0.4","ppm","5","Bryan Park","24","100.0000","42101","Carbon monoxide","054","40060","Richmond, VA","51","Virginia","760","Richmond City","37.59088","-77.46925"
"04/02/2026","AQS","517600025","1","0.5","ppm","6","Bryan Park","24","100.0000","42101","Carbon monoxide","054","40060","Richmond, VA","51","Virginia","760","Richmond City","37.59088","-77.46925"
"04/03/2026","AQS","517600025","1","0.4","ppm","5","Bryan Park","24","100.0000","42101","Carbon monoxide","054","40060","Richmond, VA","51","Virginia","760","Richmond City","37.59088","-77.46925"
"04/04/2026","AQS","517600025","1","0.4","ppm","5","Bryan Park","24","100.0000","42101","Carbon monoxide","054","40060","Richmond, VA","51","Virginia","760","Richmond City","37.59088","-77.46925"
"04/05/2026","AQS","517600025","1","0.3","ppm","3","Bryan Park","24","100.0000","42101","Carbon monoxide","054","40060","Richmond, VA","51","Virginia","760","Richmond City","37.59088","-77.46925"
"04/06/2026","AQS","517600025","1","0.3","ppm","3","Bryan Park","24","100.0000","42101","Carbon monoxide","054","40060","Richmond, VA","51","Virginia","760","Richmond City","37.59088","-77.46925"
"04/07/2026","AQS","517600025","1","0.2","ppm","2","Bryan Park","24","100.0000","42101","Carbon monoxide","054","40060","Richmond, VA","51","Virginia","760","Richmond City","37.59088","-77.46925"
"04/08/2026","AQS","517600025","1","0.2","ppm","2","Bryan Park","24","100.0000","42101","Carbon monoxide","054","40060","Richmond, VA","51","Virginia","760","Richmond City","37.59088","-77.46925"
"04/09/2026","AQS","517600025","1","0.3","ppm","3","Bryan Park","24","100.0000","42101","Carbon monoxide","054","40060","Richmond, VA","51","Virginia","760","Richmond City","37.59088","-77.46925"
"04/10/2026","AQS","517600025","1","0.3","ppm","3","Bryan Park","24","100.0000","42101","Carbon monoxide","054","40060","Richmond, VA","51","Virginia","760","Richmond City","37.59088","-77.46925"
"04/11/2026","AQS","517600025","1","0.3","ppm","3","Bryan Park","24","100.0000","42101","Carbon monoxide","054","40060","Richmond, VA","51","Virginia","760","Richmond City","37.59088","-77.46925"
"04/12/2026","AQS","517600025","1","0.3","ppm","3","Bryan Park","24","100.0000","42101","Carbon monoxide","054","40060","Richmond, VA","51","Virginia","760","Richmond City","37.59088","-77.46925"
"04/13/2026","AQS","517600025","1","0.3","ppm","3","Bryan Park","24","100.0000","42101","Carbon monoxide","054","40060","Richmond, VA","51","Virginia","760","Richmond City","37.59088","-77.46925"
"04/14/2026","AQS","517600025","1","0.3","ppm","3","Bryan Park","24","100.0000","42101","Carbon monoxide","054","40060","Richmond, VA","51","Virginia","760","Richmond City","37.59088","-77.46925"
"04/15/2026","AQS","517600025","1","0.3","ppm","3","Bryan Park","24","100.0000","42101","Carbon monoxide","054","40060","Richmond, VA","51","Virginia","760","Richmond City","37.59088","-77.46925"
"04/16/2026","AQS","517600025","1","0.3","ppm","3","Bryan Park","24","100.0000","42101","Carbon monoxide","054","40060","Richmond, VA","51","Virginia","760","Richmond City","37.59088","-77.46925"
"04/17/2026","AQS","517600025","1","0.3","ppm","3","Bryan Park","24","100.0000","42101","Carbon monoxide","054","40060","Richmond, VA","51","Virginia","760","Richmond City","37.59088","-77.46925"
"04/18/2026","AQS","517600025","1","0.4","ppm","5","Bryan Park","24","100.0000","42101","Carbon monoxide","054","40060","Richmond, VA","51","Virginia","760","Richmond City","37.59088","-77.46925"
"04/19/2026","AQS","517600025","1","0.4","ppm","5","Bryan Park","24","100.0000","42101","Carbon monoxide","054","40060","Richmond, VA","51","Virginia","760","Richmond City","37.59088","-77.46925"
"04/20/2026","AQS","517600025","1","0.2","ppm","2","Bryan Park","24","100.0000","42101","Carbon monoxide","054","40060","Richmond, VA","51","Virginia","760","Richmond City","37.59088","-77.46925"
"04/21/2026","AQS","517600025","1","0.3","ppm","3","Bryan Park","24","100.0000","42101","Carbon monoxide","054","40060","Richmond, VA","51","Virginia","760","Richmond City","37.59088","-77.46925"
"04/22/2026","AQS","517600025","1","0.3","ppm","3","Bryan Park","24","100.0000","42101","Carbon monoxide","054","40060","Richmond, VA","51","Virginia","760","Richmond City","37.59088","-77.46925"
"04/23/2026","AQS","517600025","1","0.4","ppm","5","Bryan Park","24","100.0000","42101","Carbon monoxide","054","40060","Richmond, VA","51","Virginia","760","Richmond City","37.59088","-77.46925"
"04/24/2026","AQS","517600025","1","0.4","ppm","5","Bryan Park","24","100.0000","42101","Carbon monoxide","054","40060","Richmond, VA","51","Virginia","760","Richmond City","37.59088","-77.46925"
"04/25/2026","AQS","517600025","1","0.3","ppm","3","Bryan Park","24","100.0000","42101","Carbon monoxide","054","40060","Richmond, VA","51","Virginia","760","Richmond City","37.59088","-77.46925"
"04/26/2026","AQS","517600025","1","0.3","ppm","3","Bryan Park","24","100.0000","42101","Carbon monoxide","054","40060","Richmond, VA","51","Virginia","760","Richmond City","37.59088","-77.46925"
"04/27/2026","AQS","517600025","1","0.2","ppm","2","Bryan Park","24","100.0000","42101","Carbon monoxide","054","40060","Richmond, VA","51","Virginia","760","Richmond City","37.59088","-77.46925"
"04/28/2026","AQS","517600025","1","0.2","ppm","2","Bryan Park","24","100.0000","42101","Carbon monoxide","054","40060","Richmond, VA","51","Virginia","760","Richmond City","37.59088","-77.46925"
"04/29/2026","AQS","517600025","1","0.3","ppm","3","Bryan Park","24","100.0000","42101","Carbon monoxide","054","40060","Richmond, VA","51","Virginia","760","Richmond City","37.59088","-77.46925"
"04/30/2026","AQS","517600025","1","0.3","ppm","3","Bryan Park","24","100.0000","42101","Carbon monoxide","054","40060","Richmond, VA","51","Virginia","760","Richmond City","37.59088","-77.46925"
"05/01/2026","AQS","517600025","1","0.1","ppm","1","Bryan Park","2","8.0000","42101","Carbon monoxide","054","40060","Richmond, VA","51","Virginia","760","Richmond City","37.59088","-77.46925"
