Date,Source,Site ID,POC,Daily Max 8-hour CO Concentration,Units,Daily AQI Value,Local Site Name,Daily Obs Count,Percent Complete,AQS Parameter Code,AQS Parameter Description,Method Code,CBSA Code,CBSA Name,State FIPS Code,State,County FIPS Code,County,Site Latitude,Site Longitude
1/12/2023,AQS,510130020,1,0.2,ppm,2,Aurora Hills Visitors Center,8,33,42101,Carbon monoxide,54,47900,"Washington-Arlington-Alexandria, DC-VA-MD-WV",51,Virginia,13,Arlington,38.8577,-77.05922
1/13/2023,AQS,510130020,1,0.1,ppm,1,Aurora Hills Visitors Center,24,100,42101,Carbon monoxide,54,47900,"Washington-Arlington-Alexandria, DC-VA-MD-WV",51,Virginia,13,Arlington,38.8577,-77.05922
1/14/2023,AQS,510130020,1,0,ppm,0,Aurora Hills Visitors Center,24,100,42101,Carbon monoxide,54,47900,"Washington-Arlington-Alexandria, DC-VA-MD-WV",51,Virginia,13,Arlington,38.8577,-77.05922
1/15/2023,AQS,510130020,1,0,ppm,0,Aurora Hills Visitors Center,24,100,42101,Carbon monoxide,54,47900,"Washington-Arlington-Alexandria, DC-VA-MD-WV",51,Virginia,13,Arlington,38.8577,-77.05922
1/16/2023,AQS,510130020,1,0.5,ppm,6,Aurora Hills Visitors Center,24,100,42101,Carbon monoxide,54,47900,"Washington-Arlington-Alexandria, DC-VA-MD-WV",51,Virginia,13,Arlington,38.8577,-77.05922
1/17/2023,AQS,510130020,1,0.7,ppm,8,Aurora Hills Visitors Center,24,100,42101,Carbon monoxide,54,47900,"Washington-Arlington-Alexandria, DC-VA-MD-WV",51,Virginia,13,Arlington,38.8577,-77.05922
1/18/2023,AQS,510130020,1,0.5,ppm,6,Aurora Hills Visitors Center,24,100,42101,Carbon monoxide,54,47900,"Washington-Arlington-Alexandria, DC-VA-MD-WV",51,Virginia,13,Arlington,38.8577,-77.05922
1/19/2023,AQS,510130020,1,0.5,ppm,6,Aurora Hills Visitors Center,24,100,42101,Carbon monoxide,54,47900,"Washington-Arlington-Alexandria, DC-VA-MD-WV",51,Virginia,13,Arlington,38.8577,-77.05922
1/20/2023,AQS,510130020,1,0.5,ppm,6,Aurora Hills Visitors Center,24,100,42101,Carbon monoxide,54,47900,"Washington-Arlington-Alexandria, DC-VA-MD-WV",51,Virginia,13,Arlington,38.8577,-77.05922
1/21/2023,AQS,510130020,1,0.4,ppm,5,Aurora Hills Visitors Center,24,100,42101,Carbon monoxide,54,47900,"Washington-Arlington-Alexandria, DC-VA-MD-WV",51,Virginia,13,Arlington,38.8577,-77.05922
1/22/2023,AQS,510130020,1,0.7,ppm,8,Aurora Hills Visitors Center,24,100,42101,Carbon monoxide,54,47900,"Washington-Arlington-Alexandria, DC-VA-MD-WV",51,Virginia,13,Arlington,38.8577,-77.05922
1/23/2023,AQS,510130020,1,0.4,ppm,5,Aurora Hills Visitors Center,24,100,42101,Carbon monoxide,54,47900,"Washington-Arlington-Alexandria, DC-VA-MD-WV",51,Virginia,13,Arlington,38.8577,-77.05922
1/24/2023,AQS,510130020,1,0.5,ppm,6,Aurora Hills Visitors Center,24,100,42101,Carbon monoxide,54,47900,"Washington-Arlington-Alexandria, DC-VA-MD-WV",51,Virginia,13,Arlington,38.8577,-77.05922
1/25/2023,AQS,510130020,1,0.5,ppm,6,Aurora Hills Visitors Center,24,100,42101,Carbon monoxide,54,47900,"Washington-Arlington-Alexandria, DC-VA-MD-WV",51,Virginia,13,Arlington,38.8577,-77.05922
1/26/2023,AQS,510130020,1,0.4,ppm,5,Aurora Hills Visitors Center,24,100,42101,Carbon monoxide,54,47900,"Washington-Arlington-Alexandria, DC-VA-MD-WV",51,Virginia,13,Arlington,38.8577,-77.05922
1/27/2023,AQS,510130020,1,0.5,ppm,6,Aurora Hills Visitors Center,24,100,42101,Carbon monoxide,54,47900,"Washington-Arlington-Alexandria, DC-VA-MD-WV",51,Virginia,13,Arlington,38.8577,-77.05922
1/28/2023,AQS,510130020,1,0.6,ppm,7,Aurora Hills Visitors Center,24,100,42101,Carbon monoxide,54,47900,"Washington-Arlington-Alexandria, DC-VA-MD-WV",51,Virginia,13,Arlington,38.8577,-77.05922
1/29/2023,AQS,510130020,1,0.7,ppm,8,Aurora Hills Visitors Center,24,100,42101,Carbon monoxide,54,47900,"Washington-Arlington-Alexandria, DC-VA-MD-WV",51,Virginia,13,Arlington,38.8577,-77.05922
1/30/2023,AQS,510130020,1,0.9,ppm,10,Aurora Hills Visitors Center,24,100,42101,Carbon monoxide,54,47900,"Washington-Arlington-Alexandria, DC-VA-MD-WV",51,Virginia,13,Arlington,38.8577,-77.05922
1/31/2023,AQS,510130020,1,0.6,ppm,7,Aurora Hills Visitors Center,24,100,42101,Carbon monoxide,54,47900,"Washington-Arlington-Alexandria, DC-VA-MD-WV",51,Virginia,13,Arlington,38.8577,-77.05922
2/1/2023,AQS,510130020,1,0.5,ppm,6,Aurora Hills Visitors Center,24,100,42101,Carbon monoxide,54,47900,"Washington-Arlington-Alexandria, DC-VA-MD-WV",51,Virginia,13,Arlington,38.8577,-77.05922
2/2/2023,AQS,510130020,1,0.6,ppm,7,Aurora Hills Visitors Center,24,100,42101,Carbon monoxide,54,47900,"Washington-Arlington-Alexandria, DC-VA-MD-WV",51,Virginia,13,Arlington,38.8577,-77.05922
2/3/2023,AQS,510130020,1,0.2,ppm,2,Aurora Hills Visitors Center,24,100,42101,Carbon monoxide,54,47900,"Washington-Arlington-Alexandria, DC-VA-MD-WV",51,Virginia,13,Arlington,38.8577,-77.05922
2/4/2023,AQS,510130020,1,0.3,ppm,3,Aurora Hills Visitors Center,24,100,42101,Carbon monoxide,54,47900,"Washington-Arlington-Alexandria, DC-VA-MD-WV",51,Virginia,13,Arlington,38.8577,-77.05922
2/5/2023,AQS,510130020,1,0.3,ppm,3,Aurora Hills Visitors Center,24,100,42101,Carbon monoxide,54,47900,"Washington-Arlington-Alexandria, DC-VA-MD-WV",51,Virginia,13,Arlington,38.8577,-77.05922
2/6/2023,AQS,510130020,1,0.3,ppm,3,Aurora Hills Visitors Center,24,100,42101,Carbon monoxide,54,47900,"Washington-Arlington-Alexandria, DC-VA-MD-WV",51,Virginia,13,Arlington,38.8577,-77.05922
2/7/2023,AQS,510130020,1,0.4,ppm,5,Aurora Hills Visitors Center,24,100,42101,Carbon monoxide,54,47900,"Washington-Arlington-Alexandria, DC-VA-MD-WV",51,Virginia,13,Arlington,38.8577,-77.05922
2/8/2023,AQS,510130020,1,0.7,ppm,8,Aurora Hills Visitors Center,24,100,42101,Carbon monoxide,54,47900,"Washington-Arlington-Alexandria, DC-VA-MD-WV",51,Virginia,13,Arlington,38.8577,-77.05922
2/9/2023,AQS,510130020,1,0.5,ppm,6,Aurora Hills Visitors Center,24,100,42101,Carbon monoxide,54,47900,"Washington-Arlington-Alexandria, DC-VA-MD-WV",51,Virginia,13,Arlington,38.8577,-77.05922
2/10/2023,AQS,510130020,1,0.3,ppm,3,Aurora Hills Visitors Center,24,100,42101,Carbon monoxide,54,47900,"Washington-Arlington-Alexandria, DC-VA-MD-WV",51,Virginia,13,Arlington,38.8577,-77.05922
2/11/2023,AQS,510130020,1,0.4,ppm,5,Aurora Hills Visitors Center,24,100,42101,Carbon monoxide,54,47900,"Washington-Arlington-Alexandria, DC-VA-MD-WV",51,Virginia,13,Arlington,38.8577,-77.05922
2/12/2023,AQS,510130020,1,0.5,ppm,6,Aurora Hills Visitors Center,24,100,42101,Carbon monoxide,54,47900,"Washington-Arlington-Alexandria, DC-VA-MD-WV",51,Virginia,13,Arlington,38.8577,-77.05922
2/13/2023,AQS,510130020,1,0.4,ppm,5,Aurora Hills Visitors Center,24,100,42101,Carbon monoxide,54,47900,"Washington-Arlington-Alexandria, DC-VA-MD-WV",51,Virginia,13,Arlington,38.8577,-77.05922
2/14/2023,AQS,510130020,1,0.5,ppm,6,Aurora Hills Visitors Center,24,100,42101,Carbon monoxide,54,47900,"Washington-Arlington-Alexandria, DC-VA-MD-WV",51,Virginia,13,Arlington,38.8577,-77.05922
2/15/2023,AQS,510130020,1,0.3,ppm,3,Aurora Hills Visitors Center,24,100,42101,Carbon monoxide,54,47900,"Washington-Arlington-Alexandria, DC-VA-MD-WV",51,Virginia,13,Arlington,38.8577,-77.05922
2/16/2023,AQS,510130020,1,0.7,ppm,8,Aurora Hills Visitors Center,24,100,42101,Carbon monoxide,54,47900,"Washington-Arlington-Alexandria, DC-VA-MD-WV",51,Virginia,13,Arlington,38.8577,-77.05922
2/17/2023,AQS,510130020,1,0.7,ppm,8,Aurora Hills Visitors Center,4,17,42101,Carbon monoxide,54,47900,"Washington-Arlington-Alexandria, DC-VA-MD-WV",51,Virginia,13,Arlington,38.8577,-77.05922
3/1/2023,AQS,510130020,1,0.2,ppm,2,Aurora Hills Visitors Center,5,21,42101,Carbon monoxide,54,47900,"Washington-Arlington-Alexandria, DC-VA-MD-WV",51,Virginia,13,Arlington,38.8577,-77.05922
3/2/2023,AQS,510130020,1,0.3,ppm,3,Aurora Hills Visitors Center,24,100,42101,Carbon monoxide,54,47900,"Washington-Arlington-Alexandria, DC-VA-MD-WV",51,Virginia,13,Arlington,38.8577,-77.05922
3/3/2023,AQS,510130020,1,0.3,ppm,3,Aurora Hills Visitors Center,24,100,42101,Carbon monoxide,54,47900,"Washington-Arlington-Alexandria, DC-VA-MD-WV",51,Virginia,13,Arlington,38.8577,-77.05922
3/4/2023,AQS,510130020,1,0.2,ppm,2,Aurora Hills Visitors Center,24,100,42101,Carbon monoxide,54,47900,"Washington-Arlington-Alexandria, DC-VA-MD-WV",51,Virginia,13,Arlington,38.8577,-77.05922
3/5/2023,AQS,510130020,1,0.5,ppm,6,Aurora Hills Visitors Center,24,100,42101,Carbon monoxide,54,47900,"Washington-Arlington-Alexandria, DC-VA-MD-WV",51,Virginia,13,Arlington,38.8577,-77.05922
3/6/2023,AQS,510130020,1,0.3,ppm,3,Aurora Hills Visitors Center,24,100,42101,Carbon monoxide,54,47900,"Washington-Arlington-Alexandria, DC-VA-MD-WV",51,Virginia,13,Arlington,38.8577,-77.05922
3/7/2023,AQS,510130020,1,0.2,ppm,2,Aurora Hills Visitors Center,24,100,42101,Carbon monoxide,54,47900,"Washington-Arlington-Alexandria, DC-VA-MD-WV",51,Virginia,13,Arlington,38.8577,-77.05922
3/8/2023,AQS,510130020,1,0.2,ppm,2,Aurora Hills Visitors Center,24,100,42101,Carbon monoxide,54,47900,"Washington-Arlington-Alexandria, DC-VA-MD-WV",51,Virginia,13,Arlington,38.8577,-77.05922
3/9/2023,AQS,510130020,1,0.3,ppm,3,Aurora Hills Visitors Center,24,100,42101,Carbon monoxide,54,47900,"Washington-Arlington-Alexandria, DC-VA-MD-WV",51,Virginia,13,Arlington,38.8577,-77.05922
3/10/2023,AQS,510130020,1,0.3,ppm,3,Aurora Hills Visitors Center,24,100,42101,Carbon monoxide,54,47900,"Washington-Arlington-Alexandria, DC-VA-MD-WV",51,Virginia,13,Arlington,38.8577,-77.05922
3/11/2023,AQS,510130020,1,0.3,ppm,3,Aurora Hills Visitors Center,24,100,42101,Carbon monoxide,54,47900,"Washington-Arlington-Alexandria, DC-VA-MD-WV",51,Virginia,13,Arlington,38.8577,-77.05922
3/12/2023,AQS,510130020,1,0.3,ppm,3,Aurora Hills Visitors Center,24,100,42101,Carbon monoxide,54,47900,"Washington-Arlington-Alexandria, DC-VA-MD-WV",51,Virginia,13,Arlington,38.8577,-77.05922
3/13/2023,AQS,510130020,1,0.3,ppm,3,Aurora Hills Visitors Center,24,100,42101,Carbon monoxide,54,47900,"Washington-Arlington-Alexandria, DC-VA-MD-WV",51,Virginia,13,Arlington,38.8577,-77.05922
3/14/2023,AQS,510130020,1,0.3,ppm,3,Aurora Hills Visitors Center,24,100,42101,Carbon monoxide,54,47900,"Washington-Arlington-Alexandria, DC-VA-MD-WV",51,Virginia,13,Arlington,38.8577,-77.05922
3/15/2023,AQS,510130020,1,0.3,ppm,3,Aurora Hills Visitors Center,24,100,42101,Carbon monoxide,54,47900,"Washington-Arlington-Alexandria, DC-VA-MD-WV",51,Virginia,13,Arlington,38.8577,-77.05922
3/16/2023,AQS,510130020,1,0.3,ppm,3,Aurora Hills Visitors Center,24,100,42101,Carbon monoxide,54,47900,"Washington-Arlington-Alexandria, DC-VA-MD-WV",51,Virginia,13,Arlington,38.8577,-77.05922
3/17/2023,AQS,510130020,1,0.2,ppm,2,Aurora Hills Visitors Center,24,100,42101,Carbon monoxide,54,47900,"Washington-Arlington-Alexandria, DC-VA-MD-WV",51,Virginia,13,Arlington,38.8577,-77.05922
3/18/2023,AQS,510130020,1,0.2,ppm,2,Aurora Hills Visitors Center,24,100,42101,Carbon monoxide,54,47900,"Washington-Arlington-Alexandria, DC-VA-MD-WV",51,Virginia,13,Arlington,38.8577,-77.05922
3/19/2023,AQS,510130020,1,0.2,ppm,2,Aurora Hills Visitors Center,24,100,42101,Carbon monoxide,54,47900,"Washington-Arlington-Alexandria, DC-VA-MD-WV",51,Virginia,13,Arlington,38.8577,-77.05922
3/20/2023,AQS,510130020,1,0.2,ppm,2,Aurora Hills Visitors Center,24,100,42101,Carbon monoxide,54,47900,"Washington-Arlington-Alexandria, DC-VA-MD-WV",51,Virginia,13,Arlington,38.8577,-77.05922
3/21/2023,AQS,510130020,1,0.4,ppm,5,Aurora Hills Visitors Center,24,100,42101,Carbon monoxide,54,47900,"Washington-Arlington-Alexandria, DC-VA-MD-WV",51,Virginia,13,Arlington,38.8577,-77.05922
3/22/2023,AQS,510130020,1,0.2,ppm,2,Aurora Hills Visitors Center,24,100,42101,Carbon monoxide,54,47900,"Washington-Arlington-Alexandria, DC-VA-MD-WV",51,Virginia,13,Arlington,38.8577,-77.05922
3/23/2023,AQS,510130020,1,0.2,ppm,2,Aurora Hills Visitors Center,24,100,42101,Carbon monoxide,54,47900,"Washington-Arlington-Alexandria, DC-VA-MD-WV",51,Virginia,13,Arlington,38.8577,-77.05922
3/24/2023,AQS,510130020,1,0.2,ppm,2,Aurora Hills Visitors Center,24,100,42101,Carbon monoxide,54,47900,"Washington-Arlington-Alexandria, DC-VA-MD-WV",51,Virginia,13,Arlington,38.8577,-77.05922
3/25/2023,AQS,510130020,1,0.3,ppm,3,Aurora Hills Visitors Center,24,100,42101,Carbon monoxide,54,47900,"Washington-Arlington-Alexandria, DC-VA-MD-WV",51,Virginia,13,Arlington,38.8577,-77.05922
3/26/2023,AQS,510130020,1,0.3,ppm,3,Aurora Hills Visitors Center,24,100,42101,Carbon monoxide,54,47900,"Washington-Arlington-Alexandria, DC-VA-MD-WV",51,Virginia,13,Arlington,38.8577,-77.05922
3/27/2023,AQS,510130020,1,0.4,ppm,5,Aurora Hills Visitors Center,24,100,42101,Carbon monoxide,54,47900,"Washington-Arlington-Alexandria, DC-VA-MD-WV",51,Virginia,13,Arlington,38.8577,-77.05922
3/28/2023,AQS,510130020,1,0.3,ppm,3,Aurora Hills Visitors Center,24,100,42101,Carbon monoxide,54,47900,"Washington-Arlington-Alexandria, DC-VA-MD-WV",51,Virginia,13,Arlington,38.8577,-77.05922
3/29/2023,AQS,510130020,1,0.2,ppm,2,Aurora Hills Visitors Center,24,100,42101,Carbon monoxide,54,47900,"Washington-Arlington-Alexandria, DC-VA-MD-WV",51,Virginia,13,Arlington,38.8577,-77.05922
3/30/2023,AQS,510130020,1,0.2,ppm,2,Aurora Hills Visitors Center,24,100,42101,Carbon monoxide,54,47900,"Washington-Arlington-Alexandria, DC-VA-MD-WV",51,Virginia,13,Arlington,38.8577,-77.05922
3/31/2023,AQS,510130020,1,0.2,ppm,2,Aurora Hills Visitors Center,24,100,42101,Carbon monoxide,54,47900,"Washington-Arlington-Alexandria, DC-VA-MD-WV",51,Virginia,13,Arlington,38.8577,-77.05922
4/1/2023,AQS,510130020,1,0.2,ppm,2,Aurora Hills Visitors Center,24,100,42101,Carbon monoxide,54,47900,"Washington-Arlington-Alexandria, DC-VA-MD-WV",51,Virginia,13,Arlington,38.8577,-77.05922
4/2/2023,AQS,510130020,1,0.3,ppm,3,Aurora Hills Visitors Center,24,100,42101,Carbon monoxide,54,47900,"Washington-Arlington-Alexandria, DC-VA-MD-WV",51,Virginia,13,Arlington,38.8577,-77.05922
4/3/2023,AQS,510130020,1,0.4,ppm,5,Aurora Hills Visitors Center,24,100,42101,Carbon monoxide,54,47900,"Washington-Arlington-Alexandria, DC-VA-MD-WV",51,Virginia,13,Arlington,38.8577,-77.05922
4/4/2023,AQS,510130020,1,0.2,ppm,2,Aurora Hills Visitors Center,24,100,42101,Carbon monoxide,54,47900,"Washington-Arlington-Alexandria, DC-VA-MD-WV",51,Virginia,13,Arlington,38.8577,-77.05922
4/5/2023,AQS,510130020,1,0.2,ppm,2,Aurora Hills Visitors Center,24,100,42101,Carbon monoxide,54,47900,"Washington-Arlington-Alexandria, DC-VA-MD-WV",51,Virginia,13,Arlington,38.8577,-77.05922
4/6/2023,AQS,510130020,1,0.2,ppm,2,Aurora Hills Visitors Center,24,100,42101,Carbon monoxide,54,47900,"Washington-Arlington-Alexandria, DC-VA-MD-WV",51,Virginia,13,Arlington,38.8577,-77.05922
4/7/2023,AQS,510130020,1,0.2,ppm,2,Aurora Hills Visitors Center,24,100,42101,Carbon monoxide,54,47900,"Washington-Arlington-Alexandria, DC-VA-MD-WV",51,Virginia,13,Arlington,38.8577,-77.05922
4/8/2023,AQS,510130020,1,0.2,ppm,2,Aurora Hills Visitors Center,24,100,42101,Carbon monoxide,54,47900,"Washington-Arlington-Alexandria, DC-VA-MD-WV",51,Virginia,13,Arlington,38.8577,-77.05922
4/9/2023,AQS,510130020,1,0.3,ppm,3,Aurora Hills Visitors Center,24,100,42101,Carbon monoxide,54,47900,"Washington-Arlington-Alexandria, DC-VA-MD-WV",51,Virginia,13,Arlington,38.8577,-77.05922
4/10/2023,AQS,510130020,1,0.2,ppm,2,Aurora Hills Visitors Center,24,100,42101,Carbon monoxide,54,47900,"Washington-Arlington-Alexandria, DC-VA-MD-WV",51,Virginia,13,Arlington,38.8577,-77.05922
4/11/2023,AQS,510130020,1,0.2,ppm,2,Aurora Hills Visitors Center,24,100,42101,Carbon monoxide,54,47900,"Washington-Arlington-Alexandria, DC-VA-MD-WV",51,Virginia,13,Arlington,38.8577,-77.05922
4/12/2023,AQS,510130020,1,0.3,ppm,3,Aurora Hills Visitors Center,24,100,42101,Carbon monoxide,54,47900,"Washington-Arlington-Alexandria, DC-VA-MD-WV",51,Virginia,13,Arlington,38.8577,-77.05922
4/13/2023,AQS,510130020,1,0.4,ppm,5,Aurora Hills Visitors Center,24,100,42101,Carbon monoxide,54,47900,"Washington-Arlington-Alexandria, DC-VA-MD-WV",51,Virginia,13,Arlington,38.8577,-77.05922
4/14/2023,AQS,510130020,1,0.2,ppm,2,Aurora Hills Visitors Center,24,100,42101,Carbon monoxide,54,47900,"Washington-Arlington-Alexandria, DC-VA-MD-WV",51,Virginia,13,Arlington,38.8577,-77.05922
4/15/2023,AQS,510130020,1,0.2,ppm,2,Aurora Hills Visitors Center,24,100,42101,Carbon monoxide,54,47900,"Washington-Arlington-Alexandria, DC-VA-MD-WV",51,Virginia,13,Arlington,38.8577,-77.05922
4/16/2023,AQS,510130020,1,0.2,ppm,2,Aurora Hills Visitors Center,24,100,42101,Carbon monoxide,54,47900,"Washington-Arlington-Alexandria, DC-VA-MD-WV",51,Virginia,13,Arlington,38.8577,-77.05922
4/17/2023,AQS,510130020,1,0.1,ppm,1,Aurora Hills Visitors Center,24,100,42101,Carbon monoxide,54,47900,"Washington-Arlington-Alexandria, DC-VA-MD-WV",51,Virginia,13,Arlington,38.8577,-77.05922
4/18/2023,AQS,510130020,1,0.2,ppm,2,Aurora Hills Visitors Center,24,100,42101,Carbon monoxide,54,47900,"Washington-Arlington-Alexandria, DC-VA-MD-WV",51,Virginia,13,Arlington,38.8577,-77.05922
4/19/2023,AQS,510130020,1,0.2,ppm,2,Aurora Hills Visitors Center,24,100,42101,Carbon monoxide,54,47900,"Washington-Arlington-Alexandria, DC-VA-MD-WV",51,Virginia,13,Arlington,38.8577,-77.05922
4/20/2023,AQS,510130020,1,0.3,ppm,3,Aurora Hills Visitors Center,24,100,42101,Carbon monoxide,54,47900,"Washington-Arlington-Alexandria, DC-VA-MD-WV",51,Virginia,13,Arlington,38.8577,-77.05922
4/21/2023,AQS,510130020,1,0.2,ppm,2,Aurora Hills Visitors Center,24,100,42101,Carbon monoxide,54,47900,"Washington-Arlington-Alexandria, DC-VA-MD-WV",51,Virginia,13,Arlington,38.8577,-77.05922
4/22/2023,AQS,510130020,1,0.2,ppm,2,Aurora Hills Visitors Center,24,100,42101,Carbon monoxide,54,47900,"Washington-Arlington-Alexandria, DC-VA-MD-WV",51,Virginia,13,Arlington,38.8577,-77.05922
4/23/2023,AQS,510130020,1,0.1,ppm,1,Aurora Hills Visitors Center,24,100,42101,Carbon monoxide,54,47900,"Washington-Arlington-Alexandria, DC-VA-MD-WV",51,Virginia,13,Arlington,38.8577,-77.05922
4/24/2023,AQS,510130020,1,0.1,ppm,1,Aurora Hills Visitors Center,24,100,42101,Carbon monoxide,54,47900,"Washington-Arlington-Alexandria, DC-VA-MD-WV",51,Virginia,13,Arlington,38.8577,-77.05922
4/25/2023,AQS,510130020,1,0.2,ppm,2,Aurora Hills Visitors Center,24,100,42101,Carbon monoxide,54,47900,"Washington-Arlington-Alexandria, DC-VA-MD-WV",51,Virginia,13,Arlington,38.8577,-77.05922
4/26/2023,AQS,510130020,1,0.3,ppm,3,Aurora Hills Visitors Center,24,100,42101,Carbon monoxide,54,47900,"Washington-Arlington-Alexandria, DC-VA-MD-WV",51,Virginia,13,Arlington,38.8577,-77.05922
4/27/2023,AQS,510130020,1,0.2,ppm,2,Aurora Hills Visitors Center,24,100,42101,Carbon monoxide,54,47900,"Washington-Arlington-Alexandria, DC-VA-MD-WV",51,Virginia,13,Arlington,38.8577,-77.05922
4/28/2023,AQS,510130020,1,0.1,ppm,1,Aurora Hills Visitors Center,24,100,42101,Carbon monoxide,54,47900,"Washington-Arlington-Alexandria, DC-VA-MD-WV",51,Virginia,13,Arlington,38.8577,-77.05922
4/29/2023,AQS,510130020,1,0.1,ppm,1,Aurora Hills Visitors Center,24,100,42101,Carbon monoxide,54,47900,"Washington-Arlington-Alexandria, DC-VA-MD-WV",51,Virginia,13,Arlington,38.8577,-77.05922
4/30/2023,AQS,510130020,1,0.1,ppm,1,Aurora Hills Visitors Center,24,100,42101,Carbon monoxide,54,47900,"Washington-Arlington-Alexandria, DC-VA-MD-WV",51,Virginia,13,Arlington,38.8577,-77.05922
5/1/2023,AQS,510130020,1,0.1,ppm,1,Aurora Hills Visitors Center,24,100,42101,Carbon monoxide,54,47900,"Washington-Arlington-Alexandria, DC-VA-MD-WV",51,Virginia,13,Arlington,38.8577,-77.05922
5/2/2023,AQS,510130020,1,0.2,ppm,2,Aurora Hills Visitors Center,24,100,42101,Carbon monoxide,54,47900,"Washington-Arlington-Alexandria, DC-VA-MD-WV",51,Virginia,13,Arlington,38.8577,-77.05922
5/3/2023,AQS,510130020,1,0.2,ppm,2,Aurora Hills Visitors Center,24,100,42101,Carbon monoxide,54,47900,"Washington-Arlington-Alexandria, DC-VA-MD-WV",51,Virginia,13,Arlington,38.8577,-77.05922
5/4/2023,AQS,510130020,1,0.1,ppm,1,Aurora Hills Visitors Center,24,100,42101,Carbon monoxide,54,47900,"Washington-Arlington-Alexandria, DC-VA-MD-WV",51,Virginia,13,Arlington,38.8577,-77.05922
5/5/2023,AQS,510130020,1,0.2,ppm,2,Aurora Hills Visitors Center,24,100,42101,Carbon monoxide,54,47900,"Washington-Arlington-Alexandria, DC-VA-MD-WV",51,Virginia,13,Arlington,38.8577,-77.05922
5/6/2023,AQS,510130020,1,0.4,ppm,5,Aurora Hills Visitors Center,24,100,42101,Carbon monoxide,54,47900,"Washington-Arlington-Alexandria, DC-VA-MD-WV",51,Virginia,13,Arlington,38.8577,-77.05922
5/7/2023,AQS,510130020,1,0.2,ppm,2,Aurora Hills Visitors Center,24,100,42101,Carbon monoxide,54,47900,"Washington-Arlington-Alexandria, DC-VA-MD-WV",51,Virginia,13,Arlington,38.8577,-77.05922
5/8/2023,AQS,510130020,1,0.2,ppm,2,Aurora Hills Visitors Center,24,100,42101,Carbon monoxide,54,47900,"Washington-Arlington-Alexandria, DC-VA-MD-WV",51,Virginia,13,Arlington,38.8577,-77.05922
5/9/2023,AQS,510130020,1,0.3,ppm,3,Aurora Hills Visitors Center,24,100,42101,Carbon monoxide,54,47900,"Washington-Arlington-Alexandria, DC-VA-MD-WV",51,Virginia,13,Arlington,38.8577,-77.05922
5/10/2023,AQS,510130020,1,0.3,ppm,3,Aurora Hills Visitors Center,24,100,42101,Carbon monoxide,54,47900,"Washington-Arlington-Alexandria, DC-VA-MD-WV",51,Virginia,13,Arlington,38.8577,-77.05922
5/11/2023,AQS,510130020,1,0.4,ppm,5,Aurora Hills Visitors Center,24,100,42101,Carbon monoxide,54,47900,"Washington-Arlington-Alexandria, DC-VA-MD-WV",51,Virginia,13,Arlington,38.8577,-77.05922
5/12/2023,AQS,510130020,1,0.3,ppm,3,Aurora Hills Visitors Center,24,100,42101,Carbon monoxide,54,47900,"Washington-Arlington-Alexandria, DC-VA-MD-WV",51,Virginia,13,Arlington,38.8577,-77.05922
5/13/2023,AQS,510130020,1,0.3,ppm,3,Aurora Hills Visitors Center,24,100,42101,Carbon monoxide,54,47900,"Washington-Arlington-Alexandria, DC-VA-MD-WV",51,Virginia,13,Arlington,38.8577,-77.05922
5/14/2023,AQS,510130020,1,0.2,ppm,2,Aurora Hills Visitors Center,24,100,42101,Carbon monoxide,54,47900,"Washington-Arlington-Alexandria, DC-VA-MD-WV",51,Virginia,13,Arlington,38.8577,-77.05922
5/15/2023,AQS,510130020,1,0.2,ppm,2,Aurora Hills Visitors Center,24,100,42101,Carbon monoxide,54,47900,"Washington-Arlington-Alexandria, DC-VA-MD-WV",51,Virginia,13,Arlington,38.8577,-77.05922
5/16/2023,AQS,510130020,1,0.2,ppm,2,Aurora Hills Visitors Center,24,100,42101,Carbon monoxide,54,47900,"Washington-Arlington-Alexandria, DC-VA-MD-WV",51,Virginia,13,Arlington,38.8577,-77.05922
5/17/2023,AQS,510130020,1,0.2,ppm,2,Aurora Hills Visitors Center,18,75,42101,Carbon monoxide,54,47900,"Washington-Arlington-Alexandria, DC-VA-MD-WV",51,Virginia,13,Arlington,38.8577,-77.05922
5/18/2023,AQS,510130020,1,0.1,ppm,1,Aurora Hills Visitors Center,24,100,42101,Carbon monoxide,54,47900,"Washington-Arlington-Alexandria, DC-VA-MD-WV",51,Virginia,13,Arlington,38.8577,-77.05922
5/19/2023,AQS,510130020,1,0.1,ppm,1,Aurora Hills Visitors Center,24,100,42101,Carbon monoxide,54,47900,"Washington-Arlington-Alexandria, DC-VA-MD-WV",51,Virginia,13,Arlington,38.8577,-77.05922
5/20/2023,AQS,510130020,1,0.1,ppm,1,Aurora Hills Visitors Center,24,100,42101,Carbon monoxide,54,47900,"Washington-Arlington-Alexandria, DC-VA-MD-WV",51,Virginia,13,Arlington,38.8577,-77.05922
5/21/2023,AQS,510130020,1,0.2,ppm,2,Aurora Hills Visitors Center,24,100,42101,Carbon monoxide,54,47900,"Washington-Arlington-Alexandria, DC-VA-MD-WV",51,Virginia,13,Arlington,38.8577,-77.05922
5/22/2023,AQS,510130020,1,0.2,ppm,2,Aurora Hills Visitors Center,24,100,42101,Carbon monoxide,54,47900,"Washington-Arlington-Alexandria, DC-VA-MD-WV",51,Virginia,13,Arlington,38.8577,-77.05922
5/23/2023,AQS,510130020,1,0.2,ppm,2,Aurora Hills Visitors Center,24,100,42101,Carbon monoxide,54,47900,"Washington-Arlington-Alexandria, DC-VA-MD-WV",51,Virginia,13,Arlington,38.8577,-77.05922
5/24/2023,AQS,510130020,1,0.2,ppm,2,Aurora Hills Visitors Center,24,100,42101,Carbon monoxide,54,47900,"Washington-Arlington-Alexandria, DC-VA-MD-WV",51,Virginia,13,Arlington,38.8577,-77.05922
5/25/2023,AQS,510130020,1,0.2,ppm,2,Aurora Hills Visitors Center,24,100,42101,Carbon monoxide,54,47900,"Washington-Arlington-Alexandria, DC-VA-MD-WV",51,Virginia,13,Arlington,38.8577,-77.05922
5/26/2023,AQS,510130020,1,0.3,ppm,3,Aurora Hills Visitors Center,24,100,42101,Carbon monoxide,54,47900,"Washington-Arlington-Alexandria, DC-VA-MD-WV",51,Virginia,13,Arlington,38.8577,-77.05922
5/27/2023,AQS,510130020,1,0.2,ppm,2,Aurora Hills Visitors Center,24,100,42101,Carbon monoxide,54,47900,"Washington-Arlington-Alexandria, DC-VA-MD-WV",51,Virginia,13,Arlington,38.8577,-77.05922
5/28/2023,AQS,510130020,1,0.2,ppm,2,Aurora Hills Visitors Center,24,100,42101,Carbon monoxide,54,47900,"Washington-Arlington-Alexandria, DC-VA-MD-WV",51,Virginia,13,Arlington,38.8577,-77.05922
5/29/2023,AQS,510130020,1,0.2,ppm,2,Aurora Hills Visitors Center,24,100,42101,Carbon monoxide,54,47900,"Washington-Arlington-Alexandria, DC-VA-MD-WV",51,Virginia,13,Arlington,38.8577,-77.05922
5/30/2023,AQS,510130020,1,0.2,ppm,2,Aurora Hills Visitors Center,24,100,42101,Carbon monoxide,54,47900,"Washington-Arlington-Alexandria, DC-VA-MD-WV",51,Virginia,13,Arlington,38.8577,-77.05922
5/31/2023,AQS,510130020,1,0.2,ppm,2,Aurora Hills Visitors Center,24,100,42101,Carbon monoxide,54,47900,"Washington-Arlington-Alexandria, DC-VA-MD-WV",51,Virginia,13,Arlington,38.8577,-77.05922
6/1/2023,AQS,510130020,1,0.3,ppm,3,Aurora Hills Visitors Center,24,100,42101,Carbon monoxide,54,47900,"Washington-Arlington-Alexandria, DC-VA-MD-WV",51,Virginia,13,Arlington,38.8577,-77.05922
6/2/2023,AQS,510130020,1,0.4,ppm,5,Aurora Hills Visitors Center,24,100,42101,Carbon monoxide,54,47900,"Washington-Arlington-Alexandria, DC-VA-MD-WV",51,Virginia,13,Arlington,38.8577,-77.05922
6/3/2023,AQS,510130020,1,0.4,ppm,5,Aurora Hills Visitors Center,24,100,42101,Carbon monoxide,54,47900,"Washington-Arlington-Alexandria, DC-VA-MD-WV",51,Virginia,13,Arlington,38.8577,-77.05922
6/4/2023,AQS,510130020,1,0.2,ppm,2,Aurora Hills Visitors Center,24,100,42101,Carbon monoxide,54,47900,"Washington-Arlington-Alexandria, DC-VA-MD-WV",51,Virginia,13,Arlington,38.8577,-77.05922
6/5/2023,AQS,510130020,1,0.2,ppm,2,Aurora Hills Visitors Center,24,100,42101,Carbon monoxide,54,47900,"Washington-Arlington-Alexandria, DC-VA-MD-WV",51,Virginia,13,Arlington,38.8577,-77.05922
6/6/2023,AQS,510130020,1,0.3,ppm,3,Aurora Hills Visitors Center,24,100,42101,Carbon monoxide,54,47900,"Washington-Arlington-Alexandria, DC-VA-MD-WV",51,Virginia,13,Arlington,38.8577,-77.05922
6/7/2023,AQS,510130020,1,0.6,ppm,7,Aurora Hills Visitors Center,24,100,42101,Carbon monoxide,54,47900,"Washington-Arlington-Alexandria, DC-VA-MD-WV",51,Virginia,13,Arlington,38.8577,-77.05922
6/8/2023,AQS,510130020,1,0.8,ppm,9,Aurora Hills Visitors Center,24,100,42101,Carbon monoxide,54,47900,"Washington-Arlington-Alexandria, DC-VA-MD-WV",51,Virginia,13,Arlington,38.8577,-77.05922
6/9/2023,AQS,510130020,1,0.4,ppm,5,Aurora Hills Visitors Center,24,100,42101,Carbon monoxide,54,47900,"Washington-Arlington-Alexandria, DC-VA-MD-WV",51,Virginia,13,Arlington,38.8577,-77.05922
6/10/2023,AQS,510130020,1,0.2,ppm,2,Aurora Hills Visitors Center,24,100,42101,Carbon monoxide,54,47900,"Washington-Arlington-Alexandria, DC-VA-MD-WV",51,Virginia,13,Arlington,38.8577,-77.05922
6/11/2023,AQS,510130020,1,0.2,ppm,2,Aurora Hills Visitors Center,24,100,42101,Carbon monoxide,54,47900,"Washington-Arlington-Alexandria, DC-VA-MD-WV",51,Virginia,13,Arlington,38.8577,-77.05922
6/12/2023,AQS,510130020,1,0.2,ppm,2,Aurora Hills Visitors Center,24,100,42101,Carbon monoxide,54,47900,"Washington-Arlington-Alexandria, DC-VA-MD-WV",51,Virginia,13,Arlington,38.8577,-77.05922
6/13/2023,AQS,510130020,1,0.2,ppm,2,Aurora Hills Visitors Center,24,100,42101,Carbon monoxide,54,47900,"Washington-Arlington-Alexandria, DC-VA-MD-WV",51,Virginia,13,Arlington,38.8577,-77.05922
6/14/2023,AQS,510130020,1,0.2,ppm,2,Aurora Hills Visitors Center,24,100,42101,Carbon monoxide,54,47900,"Washington-Arlington-Alexandria, DC-VA-MD-WV",51,Virginia,13,Arlington,38.8577,-77.05922
6/15/2023,AQS,510130020,1,0.2,ppm,2,Aurora Hills Visitors Center,24,100,42101,Carbon monoxide,54,47900,"Washington-Arlington-Alexandria, DC-VA-MD-WV",51,Virginia,13,Arlington,38.8577,-77.05922
6/16/2023,AQS,510130020,1,0.3,ppm,3,Aurora Hills Visitors Center,24,100,42101,Carbon monoxide,54,47900,"Washington-Arlington-Alexandria, DC-VA-MD-WV",51,Virginia,13,Arlington,38.8577,-77.05922
6/17/2023,AQS,510130020,1,0.3,ppm,3,Aurora Hills Visitors Center,24,100,42101,Carbon monoxide,54,47900,"Washington-Arlington-Alexandria, DC-VA-MD-WV",51,Virginia,13,Arlington,38.8577,-77.05922
6/18/2023,AQS,510130020,1,0.2,ppm,2,Aurora Hills Visitors Center,24,100,42101,Carbon monoxide,54,47900,"Washington-Arlington-Alexandria, DC-VA-MD-WV",51,Virginia,13,Arlington,38.8577,-77.05922
6/19/2023,AQS,510130020,1,0.3,ppm,3,Aurora Hills Visitors Center,24,100,42101,Carbon monoxide,54,47900,"Washington-Arlington-Alexandria, DC-VA-MD-WV",51,Virginia,13,Arlington,38.8577,-77.05922
6/20/2023,AQS,510130020,1,0.3,ppm,3,Aurora Hills Visitors Center,24,100,42101,Carbon monoxide,54,47900,"Washington-Arlington-Alexandria, DC-VA-MD-WV",51,Virginia,13,Arlington,38.8577,-77.05922
6/21/2023,AQS,510130020,1,0.2,ppm,2,Aurora Hills Visitors Center,24,100,42101,Carbon monoxide,54,47900,"Washington-Arlington-Alexandria, DC-VA-MD-WV",51,Virginia,13,Arlington,38.8577,-77.05922
6/22/2023,AQS,510130020,1,0.1,ppm,1,Aurora Hills Visitors Center,24,100,42101,Carbon monoxide,54,47900,"Washington-Arlington-Alexandria, DC-VA-MD-WV",51,Virginia,13,Arlington,38.8577,-77.05922
6/23/2023,AQS,510130020,1,0.2,ppm,2,Aurora Hills Visitors Center,24,100,42101,Carbon monoxide,54,47900,"Washington-Arlington-Alexandria, DC-VA-MD-WV",51,Virginia,13,Arlington,38.8577,-77.05922
6/24/2023,AQS,510130020,1,0.2,ppm,2,Aurora Hills Visitors Center,24,100,42101,Carbon monoxide,54,47900,"Washington-Arlington-Alexandria, DC-VA-MD-WV",51,Virginia,13,Arlington,38.8577,-77.05922
6/25/2023,AQS,510130020,1,0.2,ppm,2,Aurora Hills Visitors Center,24,100,42101,Carbon monoxide,54,47900,"Washington-Arlington-Alexandria, DC-VA-MD-WV",51,Virginia,13,Arlington,38.8577,-77.05922
6/26/2023,AQS,510130020,1,0.2,ppm,2,Aurora Hills Visitors Center,24,100,42101,Carbon monoxide,54,47900,"Washington-Arlington-Alexandria, DC-VA-MD-WV",51,Virginia,13,Arlington,38.8577,-77.05922
6/27/2023,AQS,510130020,1,0.3,ppm,3,Aurora Hills Visitors Center,24,100,42101,Carbon monoxide,54,47900,"Washington-Arlington-Alexandria, DC-VA-MD-WV",51,Virginia,13,Arlington,38.8577,-77.05922
6/28/2023,AQS,510130020,1,0.8,ppm,9,Aurora Hills Visitors Center,24,100,42101,Carbon monoxide,54,47900,"Washington-Arlington-Alexandria, DC-VA-MD-WV",51,Virginia,13,Arlington,38.8577,-77.05922
6/29/2023,AQS,510130020,1,0.9,ppm,10,Aurora Hills Visitors Center,24,100,42101,Carbon monoxide,54,47900,"Washington-Arlington-Alexandria, DC-VA-MD-WV",51,Virginia,13,Arlington,38.8577,-77.05922
6/30/2023,AQS,510130020,1,0.7,ppm,8,Aurora Hills Visitors Center,24,100,42101,Carbon monoxide,54,47900,"Washington-Arlington-Alexandria, DC-VA-MD-WV",51,Virginia,13,Arlington,38.8577,-77.05922
7/1/2023,AQS,510130020,1,0.6,ppm,7,Aurora Hills Visitors Center,24,100,42101,Carbon monoxide,54,47900,"Washington-Arlington-Alexandria, DC-VA-MD-WV",51,Virginia,13,Arlington,38.8577,-77.05922
7/2/2023,AQS,510130020,1,0.2,ppm,2,Aurora Hills Visitors Center,24,100,42101,Carbon monoxide,54,47900,"Washington-Arlington-Alexandria, DC-VA-MD-WV",51,Virginia,13,Arlington,38.8577,-77.05922
7/3/2023,AQS,510130020,1,0.2,ppm,2,Aurora Hills Visitors Center,24,100,42101,Carbon monoxide,54,47900,"Washington-Arlington-Alexandria, DC-VA-MD-WV",51,Virginia,13,Arlington,38.8577,-77.05922
7/4/2023,AQS,510130020,1,0.2,ppm,2,Aurora Hills Visitors Center,24,100,42101,Carbon monoxide,54,47900,"Washington-Arlington-Alexandria, DC-VA-MD-WV",51,Virginia,13,Arlington,38.8577,-77.05922
7/5/2023,AQS,510130020,1,0.2,ppm,2,Aurora Hills Visitors Center,24,100,42101,Carbon monoxide,54,47900,"Washington-Arlington-Alexandria, DC-VA-MD-WV",51,Virginia,13,Arlington,38.8577,-77.05922
7/6/2023,AQS,510130020,1,0.3,ppm,3,Aurora Hills Visitors Center,24,100,42101,Carbon monoxide,54,47900,"Washington-Arlington-Alexandria, DC-VA-MD-WV",51,Virginia,13,Arlington,38.8577,-77.05922
7/7/2023,AQS,510130020,1,0.2,ppm,2,Aurora Hills Visitors Center,24,100,42101,Carbon monoxide,54,47900,"Washington-Arlington-Alexandria, DC-VA-MD-WV",51,Virginia,13,Arlington,38.8577,-77.05922
7/8/2023,AQS,510130020,1,0.2,ppm,2,Aurora Hills Visitors Center,24,100,42101,Carbon monoxide,54,47900,"Washington-Arlington-Alexandria, DC-VA-MD-WV",51,Virginia,13,Arlington,38.8577,-77.05922
7/9/2023,AQS,510130020,1,0.2,ppm,2,Aurora Hills Visitors Center,24,100,42101,Carbon monoxide,54,47900,"Washington-Arlington-Alexandria, DC-VA-MD-WV",51,Virginia,13,Arlington,38.8577,-77.05922
7/10/2023,AQS,510130020,1,0.2,ppm,2,Aurora Hills Visitors Center,24,100,42101,Carbon monoxide,54,47900,"Washington-Arlington-Alexandria, DC-VA-MD-WV",51,Virginia,13,Arlington,38.8577,-77.05922
7/11/2023,AQS,510130020,1,0.2,ppm,2,Aurora Hills Visitors Center,24,100,42101,Carbon monoxide,54,47900,"Washington-Arlington-Alexandria, DC-VA-MD-WV",51,Virginia,13,Arlington,38.8577,-77.05922
7/12/2023,AQS,510130020,1,0.2,ppm,2,Aurora Hills Visitors Center,24,100,42101,Carbon monoxide,54,47900,"Washington-Arlington-Alexandria, DC-VA-MD-WV",51,Virginia,13,Arlington,38.8577,-77.05922
7/13/2023,AQS,510130020,1,0.2,ppm,2,Aurora Hills Visitors Center,24,100,42101,Carbon monoxide,54,47900,"Washington-Arlington-Alexandria, DC-VA-MD-WV",51,Virginia,13,Arlington,38.8577,-77.05922
7/14/2023,AQS,510130020,1,0.2,ppm,2,Aurora Hills Visitors Center,24,100,42101,Carbon monoxide,54,47900,"Washington-Arlington-Alexandria, DC-VA-MD-WV",51,Virginia,13,Arlington,38.8577,-77.05922
7/15/2023,AQS,510130020,1,0.2,ppm,2,Aurora Hills Visitors Center,24,100,42101,Carbon monoxide,54,47900,"Washington-Arlington-Alexandria, DC-VA-MD-WV",51,Virginia,13,Arlington,38.8577,-77.05922
7/16/2023,AQS,510130020,1,0.2,ppm,2,Aurora Hills Visitors Center,24,100,42101,Carbon monoxide,54,47900,"Washington-Arlington-Alexandria, DC-VA-MD-WV",51,Virginia,13,Arlington,38.8577,-77.05922
7/17/2023,AQS,510130020,1,0.3,ppm,3,Aurora Hills Visitors Center,24,100,42101,Carbon monoxide,54,47900,"Washington-Arlington-Alexandria, DC-VA-MD-WV",51,Virginia,13,Arlington,38.8577,-77.05922
7/18/2023,AQS,510130020,1,0.3,ppm,3,Aurora Hills Visitors Center,24,100,42101,Carbon monoxide,54,47900,"Washington-Arlington-Alexandria, DC-VA-MD-WV",51,Virginia,13,Arlington,38.8577,-77.05922
7/19/2023,AQS,510130020,1,0.3,ppm,3,Aurora Hills Visitors Center,24,100,42101,Carbon monoxide,54,47900,"Washington-Arlington-Alexandria, DC-VA-MD-WV",51,Virginia,13,Arlington,38.8577,-77.05922
7/20/2023,AQS,510130020,1,0.3,ppm,3,Aurora Hills Visitors Center,24,100,42101,Carbon monoxide,54,47900,"Washington-Arlington-Alexandria, DC-VA-MD-WV",51,Virginia,13,Arlington,38.8577,-77.05922
7/21/2023,AQS,510130020,1,0.2,ppm,2,Aurora Hills Visitors Center,24,100,42101,Carbon monoxide,54,47900,"Washington-Arlington-Alexandria, DC-VA-MD-WV",51,Virginia,13,Arlington,38.8577,-77.05922
7/22/2023,AQS,510130020,1,0.2,ppm,2,Aurora Hills Visitors Center,24,100,42101,Carbon monoxide,54,47900,"Washington-Arlington-Alexandria, DC-VA-MD-WV",51,Virginia,13,Arlington,38.8577,-77.05922
7/23/2023,AQS,510130020,1,0.3,ppm,3,Aurora Hills Visitors Center,24,100,42101,Carbon monoxide,54,47900,"Washington-Arlington-Alexandria, DC-VA-MD-WV",51,Virginia,13,Arlington,38.8577,-77.05922
7/24/2023,AQS,510130020,1,0.2,ppm,2,Aurora Hills Visitors Center,24,100,42101,Carbon monoxide,54,47900,"Washington-Arlington-Alexandria, DC-VA-MD-WV",51,Virginia,13,Arlington,38.8577,-77.05922
7/25/2023,AQS,510130020,1,0.3,ppm,3,Aurora Hills Visitors Center,24,100,42101,Carbon monoxide,54,47900,"Washington-Arlington-Alexandria, DC-VA-MD-WV",51,Virginia,13,Arlington,38.8577,-77.05922
7/26/2023,AQS,510130020,1,0.3,ppm,3,Aurora Hills Visitors Center,24,100,42101,Carbon monoxide,54,47900,"Washington-Arlington-Alexandria, DC-VA-MD-WV",51,Virginia,13,Arlington,38.8577,-77.05922
7/27/2023,AQS,510130020,1,0.3,ppm,3,Aurora Hills Visitors Center,24,100,42101,Carbon monoxide,54,47900,"Washington-Arlington-Alexandria, DC-VA-MD-WV",51,Virginia,13,Arlington,38.8577,-77.05922
7/28/2023,AQS,510130020,1,0.4,ppm,5,Aurora Hills Visitors Center,24,100,42101,Carbon monoxide,54,47900,"Washington-Arlington-Alexandria, DC-VA-MD-WV",51,Virginia,13,Arlington,38.8577,-77.05922
7/29/2023,AQS,510130020,1,0.2,ppm,2,Aurora Hills Visitors Center,18,75,42101,Carbon monoxide,54,47900,"Washington-Arlington-Alexandria, DC-VA-MD-WV",51,Virginia,13,Arlington,38.8577,-77.05922
7/30/2023,AQS,510130020,1,0.4,ppm,5,Aurora Hills Visitors Center,10,42,42101,Carbon monoxide,54,47900,"Washington-Arlington-Alexandria, DC-VA-MD-WV",51,Virginia,13,Arlington,38.8577,-77.05922
7/31/2023,AQS,510130020,1,0.3,ppm,3,Aurora Hills Visitors Center,24,100,42101,Carbon monoxide,54,47900,"Washington-Arlington-Alexandria, DC-VA-MD-WV",51,Virginia,13,Arlington,38.8577,-77.05922
8/1/2023,AQS,510130020,1,0.2,ppm,2,Aurora Hills Visitors Center,24,100,42101,Carbon monoxide,54,47900,"Washington-Arlington-Alexandria, DC-VA-MD-WV",51,Virginia,13,Arlington,38.8577,-77.05922
8/2/2023,AQS,510130020,1,0.3,ppm,3,Aurora Hills Visitors Center,24,100,42101,Carbon monoxide,54,47900,"Washington-Arlington-Alexandria, DC-VA-MD-WV",51,Virginia,13,Arlington,38.8577,-77.05922
8/3/2023,AQS,510130020,1,0.1,ppm,1,Aurora Hills Visitors Center,24,100,42101,Carbon monoxide,54,47900,"Washington-Arlington-Alexandria, DC-VA-MD-WV",51,Virginia,13,Arlington,38.8577,-77.05922
8/4/2023,AQS,510130020,1,0.2,ppm,2,Aurora Hills Visitors Center,24,100,42101,Carbon monoxide,54,47900,"Washington-Arlington-Alexandria, DC-VA-MD-WV",51,Virginia,13,Arlington,38.8577,-77.05922
8/5/2023,AQS,510130020,1,0.3,ppm,3,Aurora Hills Visitors Center,24,100,42101,Carbon monoxide,54,47900,"Washington-Arlington-Alexandria, DC-VA-MD-WV",51,Virginia,13,Arlington,38.8577,-77.05922
8/6/2023,AQS,510130020,1,0.3,ppm,3,Aurora Hills Visitors Center,24,100,42101,Carbon monoxide,54,47900,"Washington-Arlington-Alexandria, DC-VA-MD-WV",51,Virginia,13,Arlington,38.8577,-77.05922
8/7/2023,AQS,510130020,1,0.2,ppm,2,Aurora Hills Visitors Center,24,100,42101,Carbon monoxide,54,47900,"Washington-Arlington-Alexandria, DC-VA-MD-WV",51,Virginia,13,Arlington,38.8577,-77.05922
8/8/2023,AQS,510130020,1,0.2,ppm,2,Aurora Hills Visitors Center,24,100,42101,Carbon monoxide,54,47900,"Washington-Arlington-Alexandria, DC-VA-MD-WV",51,Virginia,13,Arlington,38.8577,-77.05922
8/9/2023,AQS,510130020,1,0.2,ppm,2,Aurora Hills Visitors Center,24,100,42101,Carbon monoxide,54,47900,"Washington-Arlington-Alexandria, DC-VA-MD-WV",51,Virginia,13,Arlington,38.8577,-77.05922
8/10/2023,AQS,510130020,1,0.2,ppm,2,Aurora Hills Visitors Center,24,100,42101,Carbon monoxide,54,47900,"Washington-Arlington-Alexandria, DC-VA-MD-WV",51,Virginia,13,Arlington,38.8577,-77.05922
8/11/2023,AQS,510130020,1,0.2,ppm,2,Aurora Hills Visitors Center,24,100,42101,Carbon monoxide,54,47900,"Washington-Arlington-Alexandria, DC-VA-MD-WV",51,Virginia,13,Arlington,38.8577,-77.05922
8/12/2023,AQS,510130020,1,0.2,ppm,2,Aurora Hills Visitors Center,24,100,42101,Carbon monoxide,54,47900,"Washington-Arlington-Alexandria, DC-VA-MD-WV",51,Virginia,13,Arlington,38.8577,-77.05922
8/13/2023,AQS,510130020,1,0.2,ppm,2,Aurora Hills Visitors Center,24,100,42101,Carbon monoxide,54,47900,"Washington-Arlington-Alexandria, DC-VA-MD-WV",51,Virginia,13,Arlington,38.8577,-77.05922
8/14/2023,AQS,510130020,1,0.4,ppm,5,Aurora Hills Visitors Center,24,100,42101,Carbon monoxide,54,47900,"Washington-Arlington-Alexandria, DC-VA-MD-WV",51,Virginia,13,Arlington,38.8577,-77.05922
8/15/2023,AQS,510130020,1,0.2,ppm,2,Aurora Hills Visitors Center,24,100,42101,Carbon monoxide,54,47900,"Washington-Arlington-Alexandria, DC-VA-MD-WV",51,Virginia,13,Arlington,38.8577,-77.05922
8/16/2023,AQS,510130020,1,0.3,ppm,3,Aurora Hills Visitors Center,24,100,42101,Carbon monoxide,54,47900,"Washington-Arlington-Alexandria, DC-VA-MD-WV",51,Virginia,13,Arlington,38.8577,-77.05922
8/17/2023,AQS,510130020,1,0.5,ppm,6,Aurora Hills Visitors Center,24,100,42101,Carbon monoxide,54,47900,"Washington-Arlington-Alexandria, DC-VA-MD-WV",51,Virginia,13,Arlington,38.8577,-77.05922
8/18/2023,AQS,510130020,1,0.3,ppm,3,Aurora Hills Visitors Center,24,100,42101,Carbon monoxide,54,47900,"Washington-Arlington-Alexandria, DC-VA-MD-WV",51,Virginia,13,Arlington,38.8577,-77.05922
8/19/2023,AQS,510130020,1,0.3,ppm,3,Aurora Hills Visitors Center,24,100,42101,Carbon monoxide,54,47900,"Washington-Arlington-Alexandria, DC-VA-MD-WV",51,Virginia,13,Arlington,38.8577,-77.05922
8/20/2023,AQS,510130020,1,0.4,ppm,5,Aurora Hills Visitors Center,24,100,42101,Carbon monoxide,54,47900,"Washington-Arlington-Alexandria, DC-VA-MD-WV",51,Virginia,13,Arlington,38.8577,-77.05922
8/21/2023,AQS,510130020,1,0.4,ppm,5,Aurora Hills Visitors Center,24,100,42101,Carbon monoxide,54,47900,"Washington-Arlington-Alexandria, DC-VA-MD-WV",51,Virginia,13,Arlington,38.8577,-77.05922
8/22/2023,AQS,510130020,1,0.4,ppm,5,Aurora Hills Visitors Center,14,58,42101,Carbon monoxide,54,47900,"Washington-Arlington-Alexandria, DC-VA-MD-WV",51,Virginia,13,Arlington,38.8577,-77.05922
8/23/2023,AQS,510130020,1,0.4,ppm,5,Aurora Hills Visitors Center,24,100,42101,Carbon monoxide,54,47900,"Washington-Arlington-Alexandria, DC-VA-MD-WV",51,Virginia,13,Arlington,38.8577,-77.05922
8/24/2023,AQS,510130020,1,0.2,ppm,2,Aurora Hills Visitors Center,24,100,42101,Carbon monoxide,54,47900,"Washington-Arlington-Alexandria, DC-VA-MD-WV",51,Virginia,13,Arlington,38.8577,-77.05922
8/25/2023,AQS,510130020,1,0.3,ppm,3,Aurora Hills Visitors Center,24,100,42101,Carbon monoxide,54,47900,"Washington-Arlington-Alexandria, DC-VA-MD-WV",51,Virginia,13,Arlington,38.8577,-77.05922
8/26/2023,AQS,510130020,1,0.3,ppm,3,Aurora Hills Visitors Center,24,100,42101,Carbon monoxide,54,47900,"Washington-Arlington-Alexandria, DC-VA-MD-WV",51,Virginia,13,Arlington,38.8577,-77.05922
8/27/2023,AQS,510130020,1,0.2,ppm,2,Aurora Hills Visitors Center,24,100,42101,Carbon monoxide,54,47900,"Washington-Arlington-Alexandria, DC-VA-MD-WV",51,Virginia,13,Arlington,38.8577,-77.05922
8/28/2023,AQS,510130020,1,0.2,ppm,2,Aurora Hills Visitors Center,24,100,42101,Carbon monoxide,54,47900,"Washington-Arlington-Alexandria, DC-VA-MD-WV",51,Virginia,13,Arlington,38.8577,-77.05922
8/29/2023,AQS,510130020,1,0.2,ppm,2,Aurora Hills Visitors Center,24,100,42101,Carbon monoxide,54,47900,"Washington-Arlington-Alexandria, DC-VA-MD-WV",51,Virginia,13,Arlington,38.8577,-77.05922
8/30/2023,AQS,510130020,1,0.2,ppm,2,Aurora Hills Visitors Center,24,100,42101,Carbon monoxide,54,47900,"Washington-Arlington-Alexandria, DC-VA-MD-WV",51,Virginia,13,Arlington,38.8577,-77.05922
8/31/2023,AQS,510130020,1,0.2,ppm,2,Aurora Hills Visitors Center,24,100,42101,Carbon monoxide,54,47900,"Washington-Arlington-Alexandria, DC-VA-MD-WV",51,Virginia,13,Arlington,38.8577,-77.05922
9/1/2023,AQS,510130020,1,0.2,ppm,2,Aurora Hills Visitors Center,24,100,42101,Carbon monoxide,54,47900,"Washington-Arlington-Alexandria, DC-VA-MD-WV",51,Virginia,13,Arlington,38.8577,-77.05922
9/2/2023,AQS,510130020,1,0.2,ppm,2,Aurora Hills Visitors Center,24,100,42101,Carbon monoxide,54,47900,"Washington-Arlington-Alexandria, DC-VA-MD-WV",51,Virginia,13,Arlington,38.8577,-77.05922
9/3/2023,AQS,510130020,1,0.3,ppm,3,Aurora Hills Visitors Center,24,100,42101,Carbon monoxide,54,47900,"Washington-Arlington-Alexandria, DC-VA-MD-WV",51,Virginia,13,Arlington,38.8577,-77.05922
9/4/2023,AQS,510130020,1,0.3,ppm,3,Aurora Hills Visitors Center,24,100,42101,Carbon monoxide,54,47900,"Washington-Arlington-Alexandria, DC-VA-MD-WV",51,Virginia,13,Arlington,38.8577,-77.05922
9/5/2023,AQS,510130020,1,0.3,ppm,3,Aurora Hills Visitors Center,24,100,42101,Carbon monoxide,54,47900,"Washington-Arlington-Alexandria, DC-VA-MD-WV",51,Virginia,13,Arlington,38.8577,-77.05922
9/6/2023,AQS,510130020,1,0.3,ppm,3,Aurora Hills Visitors Center,24,100,42101,Carbon monoxide,54,47900,"Washington-Arlington-Alexandria, DC-VA-MD-WV",51,Virginia,13,Arlington,38.8577,-77.05922
9/7/2023,AQS,510130020,1,0.3,ppm,3,Aurora Hills Visitors Center,24,100,42101,Carbon monoxide,54,47900,"Washington-Arlington-Alexandria, DC-VA-MD-WV",51,Virginia,13,Arlington,38.8577,-77.05922
9/8/2023,AQS,510130020,1,0.3,ppm,3,Aurora Hills Visitors Center,24,100,42101,Carbon monoxide,54,47900,"Washington-Arlington-Alexandria, DC-VA-MD-WV",51,Virginia,13,Arlington,38.8577,-77.05922
9/9/2023,AQS,510130020,1,0.2,ppm,2,Aurora Hills Visitors Center,24,100,42101,Carbon monoxide,54,47900,"Washington-Arlington-Alexandria, DC-VA-MD-WV",51,Virginia,13,Arlington,38.8577,-77.05922
9/10/2023,AQS,510130020,1,0.2,ppm,2,Aurora Hills Visitors Center,24,100,42101,Carbon monoxide,54,47900,"Washington-Arlington-Alexandria, DC-VA-MD-WV",51,Virginia,13,Arlington,38.8577,-77.05922
9/11/2023,AQS,510130020,1,0.2,ppm,2,Aurora Hills Visitors Center,24,100,42101,Carbon monoxide,54,47900,"Washington-Arlington-Alexandria, DC-VA-MD-WV",51,Virginia,13,Arlington,38.8577,-77.05922
9/12/2023,AQS,510130020,1,0.3,ppm,3,Aurora Hills Visitors Center,24,100,42101,Carbon monoxide,54,47900,"Washington-Arlington-Alexandria, DC-VA-MD-WV",51,Virginia,13,Arlington,38.8577,-77.05922
9/13/2023,AQS,510130020,1,0.2,ppm,2,Aurora Hills Visitors Center,24,100,42101,Carbon monoxide,54,47900,"Washington-Arlington-Alexandria, DC-VA-MD-WV",51,Virginia,13,Arlington,38.8577,-77.05922
9/14/2023,AQS,510130020,1,0.2,ppm,2,Aurora Hills Visitors Center,24,100,42101,Carbon monoxide,54,47900,"Washington-Arlington-Alexandria, DC-VA-MD-WV",51,Virginia,13,Arlington,38.8577,-77.05922
9/15/2023,AQS,510130020,1,0.2,ppm,2,Aurora Hills Visitors Center,24,100,42101,Carbon monoxide,54,47900,"Washington-Arlington-Alexandria, DC-VA-MD-WV",51,Virginia,13,Arlington,38.8577,-77.05922
9/16/2023,AQS,510130020,1,0.4,ppm,5,Aurora Hills Visitors Center,24,100,42101,Carbon monoxide,54,47900,"Washington-Arlington-Alexandria, DC-VA-MD-WV",51,Virginia,13,Arlington,38.8577,-77.05922
9/17/2023,AQS,510130020,1,0.6,ppm,7,Aurora Hills Visitors Center,24,100,42101,Carbon monoxide,54,47900,"Washington-Arlington-Alexandria, DC-VA-MD-WV",51,Virginia,13,Arlington,38.8577,-77.05922
9/18/2023,AQS,510130020,1,0.2,ppm,2,Aurora Hills Visitors Center,24,100,42101,Carbon monoxide,54,47900,"Washington-Arlington-Alexandria, DC-VA-MD-WV",51,Virginia,13,Arlington,38.8577,-77.05922
9/19/2023,AQS,510130020,1,0.3,ppm,3,Aurora Hills Visitors Center,24,100,42101,Carbon monoxide,54,47900,"Washington-Arlington-Alexandria, DC-VA-MD-WV",51,Virginia,13,Arlington,38.8577,-77.05922
9/20/2023,AQS,510130020,1,0.4,ppm,5,Aurora Hills Visitors Center,24,100,42101,Carbon monoxide,54,47900,"Washington-Arlington-Alexandria, DC-VA-MD-WV",51,Virginia,13,Arlington,38.8577,-77.05922
9/21/2023,AQS,510130020,1,0.5,ppm,6,Aurora Hills Visitors Center,24,100,42101,Carbon monoxide,54,47900,"Washington-Arlington-Alexandria, DC-VA-MD-WV",51,Virginia,13,Arlington,38.8577,-77.05922
9/22/2023,AQS,510130020,1,0.3,ppm,3,Aurora Hills Visitors Center,24,100,42101,Carbon monoxide,54,47900,"Washington-Arlington-Alexandria, DC-VA-MD-WV",51,Virginia,13,Arlington,38.8577,-77.05922
9/23/2023,AQS,510130020,1,0.2,ppm,2,Aurora Hills Visitors Center,24,100,42101,Carbon monoxide,54,47900,"Washington-Arlington-Alexandria, DC-VA-MD-WV",51,Virginia,13,Arlington,38.8577,-77.05922
9/24/2023,AQS,510130020,1,0.2,ppm,2,Aurora Hills Visitors Center,24,100,42101,Carbon monoxide,54,47900,"Washington-Arlington-Alexandria, DC-VA-MD-WV",51,Virginia,13,Arlington,38.8577,-77.05922
9/25/2023,AQS,510130020,1,0.2,ppm,2,Aurora Hills Visitors Center,24,100,42101,Carbon monoxide,54,47900,"Washington-Arlington-Alexandria, DC-VA-MD-WV",51,Virginia,13,Arlington,38.8577,-77.05922
9/26/2023,AQS,510130020,1,0.3,ppm,3,Aurora Hills Visitors Center,24,100,42101,Carbon monoxide,54,47900,"Washington-Arlington-Alexandria, DC-VA-MD-WV",51,Virginia,13,Arlington,38.8577,-77.05922
9/27/2023,AQS,510130020,1,0.3,ppm,3,Aurora Hills Visitors Center,24,100,42101,Carbon monoxide,54,47900,"Washington-Arlington-Alexandria, DC-VA-MD-WV",51,Virginia,13,Arlington,38.8577,-77.05922
9/28/2023,AQS,510130020,1,0.2,ppm,2,Aurora Hills Visitors Center,24,100,42101,Carbon monoxide,54,47900,"Washington-Arlington-Alexandria, DC-VA-MD-WV",51,Virginia,13,Arlington,38.8577,-77.05922
9/29/2023,AQS,510130020,1,0.2,ppm,2,Aurora Hills Visitors Center,24,100,42101,Carbon monoxide,54,47900,"Washington-Arlington-Alexandria, DC-VA-MD-WV",51,Virginia,13,Arlington,38.8577,-77.05922
9/30/2023,AQS,510130020,1,0.3,ppm,3,Aurora Hills Visitors Center,24,100,42101,Carbon monoxide,54,47900,"Washington-Arlington-Alexandria, DC-VA-MD-WV",51,Virginia,13,Arlington,38.8577,-77.05922
10/1/2023,AQS,510130020,1,0.3,ppm,3,Aurora Hills Visitors Center,24,100,42101,Carbon monoxide,54,47900,"Washington-Arlington-Alexandria, DC-VA-MD-WV",51,Virginia,13,Arlington,38.8577,-77.05922
10/2/2023,AQS,510130020,1,0.3,ppm,3,Aurora Hills Visitors Center,24,100,42101,Carbon monoxide,54,47900,"Washington-Arlington-Alexandria, DC-VA-MD-WV",51,Virginia,13,Arlington,38.8577,-77.05922
10/3/2023,AQS,510130020,1,0.4,ppm,5,Aurora Hills Visitors Center,24,100,42101,Carbon monoxide,54,47900,"Washington-Arlington-Alexandria, DC-VA-MD-WV",51,Virginia,13,Arlington,38.8577,-77.05922
10/4/2023,AQS,510130020,1,0.4,ppm,5,Aurora Hills Visitors Center,24,100,42101,Carbon monoxide,54,47900,"Washington-Arlington-Alexandria, DC-VA-MD-WV",51,Virginia,13,Arlington,38.8577,-77.05922
10/5/2023,AQS,510130020,1,0.4,ppm,5,Aurora Hills Visitors Center,24,100,42101,Carbon monoxide,54,47900,"Washington-Arlington-Alexandria, DC-VA-MD-WV",51,Virginia,13,Arlington,38.8577,-77.05922
10/6/2023,AQS,510130020,1,0.3,ppm,3,Aurora Hills Visitors Center,24,100,42101,Carbon monoxide,54,47900,"Washington-Arlington-Alexandria, DC-VA-MD-WV",51,Virginia,13,Arlington,38.8577,-77.05922
10/7/2023,AQS,510130020,1,0.2,ppm,2,Aurora Hills Visitors Center,24,100,42101,Carbon monoxide,54,47900,"Washington-Arlington-Alexandria, DC-VA-MD-WV",51,Virginia,13,Arlington,38.8577,-77.05922
10/8/2023,AQS,510130020,1,0.2,ppm,2,Aurora Hills Visitors Center,24,100,42101,Carbon monoxide,54,47900,"Washington-Arlington-Alexandria, DC-VA-MD-WV",51,Virginia,13,Arlington,38.8577,-77.05922
10/9/2023,AQS,510130020,1,0.3,ppm,3,Aurora Hills Visitors Center,24,100,42101,Carbon monoxide,54,47900,"Washington-Arlington-Alexandria, DC-VA-MD-WV",51,Virginia,13,Arlington,38.8577,-77.05922
10/10/2023,AQS,510130020,1,0.4,ppm,5,Aurora Hills Visitors Center,24,100,42101,Carbon monoxide,54,47900,"Washington-Arlington-Alexandria, DC-VA-MD-WV",51,Virginia,13,Arlington,38.8577,-77.05922
10/11/2023,AQS,510130020,1,0.4,ppm,5,Aurora Hills Visitors Center,24,100,42101,Carbon monoxide,54,47900,"Washington-Arlington-Alexandria, DC-VA-MD-WV",51,Virginia,13,Arlington,38.8577,-77.05922
10/12/2023,AQS,510130020,1,0.5,ppm,6,Aurora Hills Visitors Center,24,100,42101,Carbon monoxide,54,47900,"Washington-Arlington-Alexandria, DC-VA-MD-WV",51,Virginia,13,Arlington,38.8577,-77.05922
10/13/2023,AQS,510130020,1,0.3,ppm,3,Aurora Hills Visitors Center,24,100,42101,Carbon monoxide,54,47900,"Washington-Arlington-Alexandria, DC-VA-MD-WV",51,Virginia,13,Arlington,38.8577,-77.05922
10/14/2023,AQS,510130020,1,0.3,ppm,3,Aurora Hills Visitors Center,24,100,42101,Carbon monoxide,54,47900,"Washington-Arlington-Alexandria, DC-VA-MD-WV",51,Virginia,13,Arlington,38.8577,-77.05922
10/15/2023,AQS,510130020,1,0.3,ppm,3,Aurora Hills Visitors Center,24,100,42101,Carbon monoxide,54,47900,"Washington-Arlington-Alexandria, DC-VA-MD-WV",51,Virginia,13,Arlington,38.8577,-77.05922
10/16/2023,AQS,510130020,1,0.2,ppm,2,Aurora Hills Visitors Center,24,100,42101,Carbon monoxide,54,47900,"Washington-Arlington-Alexandria, DC-VA-MD-WV",51,Virginia,13,Arlington,38.8577,-77.05922
10/17/2023,AQS,510130020,1,0.2,ppm,2,Aurora Hills Visitors Center,24,100,42101,Carbon monoxide,54,47900,"Washington-Arlington-Alexandria, DC-VA-MD-WV",51,Virginia,13,Arlington,38.8577,-77.05922
10/18/2023,AQS,510130020,1,0.3,ppm,3,Aurora Hills Visitors Center,24,100,42101,Carbon monoxide,54,47900,"Washington-Arlington-Alexandria, DC-VA-MD-WV",51,Virginia,13,Arlington,38.8577,-77.05922
10/19/2023,AQS,510130020,1,0.3,ppm,3,Aurora Hills Visitors Center,24,100,42101,Carbon monoxide,54,47900,"Washington-Arlington-Alexandria, DC-VA-MD-WV",51,Virginia,13,Arlington,38.8577,-77.05922
10/20/2023,AQS,510130020,1,0.2,ppm,2,Aurora Hills Visitors Center,24,100,42101,Carbon monoxide,54,47900,"Washington-Arlington-Alexandria, DC-VA-MD-WV",51,Virginia,13,Arlington,38.8577,-77.05922
10/21/2023,AQS,510130020,1,0.2,ppm,2,Aurora Hills Visitors Center,24,100,42101,Carbon monoxide,54,47900,"Washington-Arlington-Alexandria, DC-VA-MD-WV",51,Virginia,13,Arlington,38.8577,-77.05922
10/22/2023,AQS,510130020,1,0.3,ppm,3,Aurora Hills Visitors Center,24,100,42101,Carbon monoxide,54,47900,"Washington-Arlington-Alexandria, DC-VA-MD-WV",51,Virginia,13,Arlington,38.8577,-77.05922
10/23/2023,AQS,510130020,1,0.4,ppm,5,Aurora Hills Visitors Center,24,100,42101,Carbon monoxide,54,47900,"Washington-Arlington-Alexandria, DC-VA-MD-WV",51,Virginia,13,Arlington,38.8577,-77.05922
10/24/2023,AQS,510130020,1,0.7,ppm,8,Aurora Hills Visitors Center,24,100,42101,Carbon monoxide,54,47900,"Washington-Arlington-Alexandria, DC-VA-MD-WV",51,Virginia,13,Arlington,38.8577,-77.05922
10/25/2023,AQS,510130020,1,0.3,ppm,3,Aurora Hills Visitors Center,18,75,42101,Carbon monoxide,54,47900,"Washington-Arlington-Alexandria, DC-VA-MD-WV",51,Virginia,13,Arlington,38.8577,-77.05922
10/26/2023,AQS,510130020,1,0.4,ppm,5,Aurora Hills Visitors Center,24,100,42101,Carbon monoxide,54,47900,"Washington-Arlington-Alexandria, DC-VA-MD-WV",51,Virginia,13,Arlington,38.8577,-77.05922
10/27/2023,AQS,510130020,1,0.4,ppm,5,Aurora Hills Visitors Center,24,100,42101,Carbon monoxide,54,47900,"Washington-Arlington-Alexandria, DC-VA-MD-WV",51,Virginia,13,Arlington,38.8577,-77.05922
10/28/2023,AQS,510130020,1,0.5,ppm,6,Aurora Hills Visitors Center,24,100,42101,Carbon monoxide,54,47900,"Washington-Arlington-Alexandria, DC-VA-MD-WV",51,Virginia,13,Arlington,38.8577,-77.05922
10/29/2023,AQS,510130020,1,0.4,ppm,5,Aurora Hills Visitors Center,24,100,42101,Carbon monoxide,54,47900,"Washington-Arlington-Alexandria, DC-VA-MD-WV",51,Virginia,13,Arlington,38.8577,-77.05922
10/30/2023,AQS,510130020,1,0.3,ppm,3,Aurora Hills Visitors Center,24,100,42101,Carbon monoxide,54,47900,"Washington-Arlington-Alexandria, DC-VA-MD-WV",51,Virginia,13,Arlington,38.8577,-77.05922
10/31/2023,AQS,510130020,1,0.4,ppm,5,Aurora Hills Visitors Center,24,100,42101,Carbon monoxide,54,47900,"Washington-Arlington-Alexandria, DC-VA-MD-WV",51,Virginia,13,Arlington,38.8577,-77.05922
11/1/2023,AQS,510130020,1,0.4,ppm,5,Aurora Hills Visitors Center,24,100,42101,Carbon monoxide,54,47900,"Washington-Arlington-Alexandria, DC-VA-MD-WV",51,Virginia,13,Arlington,38.8577,-77.05922
11/2/2023,AQS,510130020,1,0.3,ppm,3,Aurora Hills Visitors Center,24,100,42101,Carbon monoxide,54,47900,"Washington-Arlington-Alexandria, DC-VA-MD-WV",51,Virginia,13,Arlington,38.8577,-77.05922
11/3/2023,AQS,510130020,1,0.3,ppm,3,Aurora Hills Visitors Center,24,100,42101,Carbon monoxide,54,47900,"Washington-Arlington-Alexandria, DC-VA-MD-WV",51,Virginia,13,Arlington,38.8577,-77.05922
11/4/2023,AQS,510130020,1,0.5,ppm,6,Aurora Hills Visitors Center,24,100,42101,Carbon monoxide,54,47900,"Washington-Arlington-Alexandria, DC-VA-MD-WV",51,Virginia,13,Arlington,38.8577,-77.05922
11/5/2023,AQS,510130020,1,0.8,ppm,9,Aurora Hills Visitors Center,24,100,42101,Carbon monoxide,54,47900,"Washington-Arlington-Alexandria, DC-VA-MD-WV",51,Virginia,13,Arlington,38.8577,-77.05922
11/6/2023,AQS,510130020,1,0.3,ppm,3,Aurora Hills Visitors Center,24,100,42101,Carbon monoxide,54,47900,"Washington-Arlington-Alexandria, DC-VA-MD-WV",51,Virginia,13,Arlington,38.8577,-77.05922
11/7/2023,AQS,510130020,1,0.3,ppm,3,Aurora Hills Visitors Center,24,100,42101,Carbon monoxide,54,47900,"Washington-Arlington-Alexandria, DC-VA-MD-WV",51,Virginia,13,Arlington,38.8577,-77.05922
11/8/2023,AQS,510130020,1,0.2,ppm,2,Aurora Hills Visitors Center,24,100,42101,Carbon monoxide,54,47900,"Washington-Arlington-Alexandria, DC-VA-MD-WV",51,Virginia,13,Arlington,38.8577,-77.05922
11/9/2023,AQS,510130020,1,0.3,ppm,3,Aurora Hills Visitors Center,24,100,42101,Carbon monoxide,54,47900,"Washington-Arlington-Alexandria, DC-VA-MD-WV",51,Virginia,13,Arlington,38.8577,-77.05922
11/10/2023,AQS,510130020,1,0.3,ppm,3,Aurora Hills Visitors Center,24,100,42101,Carbon monoxide,54,47900,"Washington-Arlington-Alexandria, DC-VA-MD-WV",51,Virginia,13,Arlington,38.8577,-77.05922
11/11/2023,AQS,510130020,1,0.6,ppm,7,Aurora Hills Visitors Center,24,100,42101,Carbon monoxide,54,47900,"Washington-Arlington-Alexandria, DC-VA-MD-WV",51,Virginia,13,Arlington,38.8577,-77.05922
11/12/2023,AQS,510130020,1,0.7,ppm,8,Aurora Hills Visitors Center,24,100,42101,Carbon monoxide,54,47900,"Washington-Arlington-Alexandria, DC-VA-MD-WV",51,Virginia,13,Arlington,38.8577,-77.05922
11/13/2023,AQS,510130020,1,0.7,ppm,8,Aurora Hills Visitors Center,24,100,42101,Carbon monoxide,54,47900,"Washington-Arlington-Alexandria, DC-VA-MD-WV",51,Virginia,13,Arlington,38.8577,-77.05922
11/14/2023,AQS,510130020,1,0.5,ppm,6,Aurora Hills Visitors Center,24,100,42101,Carbon monoxide,54,47900,"Washington-Arlington-Alexandria, DC-VA-MD-WV",51,Virginia,13,Arlington,38.8577,-77.05922
11/15/2023,AQS,510130020,1,0.7,ppm,8,Aurora Hills Visitors Center,24,100,42101,Carbon monoxide,54,47900,"Washington-Arlington-Alexandria, DC-VA-MD-WV",51,Virginia,13,Arlington,38.8577,-77.05922
11/16/2023,AQS,510130020,1,0.6,ppm,7,Aurora Hills Visitors Center,24,100,42101,Carbon monoxide,54,47900,"Washington-Arlington-Alexandria, DC-VA-MD-WV",51,Virginia,13,Arlington,38.8577,-77.05922
11/17/2023,AQS,510130020,1,0.6,ppm,7,Aurora Hills Visitors Center,24,100,42101,Carbon monoxide,54,47900,"Washington-Arlington-Alexandria, DC-VA-MD-WV",51,Virginia,13,Arlington,38.8577,-77.05922
11/18/2023,AQS,510130020,1,0.3,ppm,3,Aurora Hills Visitors Center,24,100,42101,Carbon monoxide,54,47900,"Washington-Arlington-Alexandria, DC-VA-MD-WV",51,Virginia,13,Arlington,38.8577,-77.05922
11/19/2023,AQS,510130020,1,0.5,ppm,6,Aurora Hills Visitors Center,24,100,42101,Carbon monoxide,54,47900,"Washington-Arlington-Alexandria, DC-VA-MD-WV",51,Virginia,13,Arlington,38.8577,-77.05922
11/20/2023,AQS,510130020,1,0.5,ppm,6,Aurora Hills Visitors Center,24,100,42101,Carbon monoxide,54,47900,"Washington-Arlington-Alexandria, DC-VA-MD-WV",51,Virginia,13,Arlington,38.8577,-77.05922
11/21/2023,AQS,510130020,1,0.4,ppm,5,Aurora Hills Visitors Center,24,100,42101,Carbon monoxide,54,47900,"Washington-Arlington-Alexandria, DC-VA-MD-WV",51,Virginia,13,Arlington,38.8577,-77.05922
11/22/2023,AQS,510130020,1,0.3,ppm,3,Aurora Hills Visitors Center,24,100,42101,Carbon monoxide,54,47900,"Washington-Arlington-Alexandria, DC-VA-MD-WV",51,Virginia,13,Arlington,38.8577,-77.05922
11/23/2023,AQS,510130020,1,0.5,ppm,6,Aurora Hills Visitors Center,24,100,42101,Carbon monoxide,54,47900,"Washington-Arlington-Alexandria, DC-VA-MD-WV",51,Virginia,13,Arlington,38.8577,-77.05922
11/24/2023,AQS,510130020,1,0.5,ppm,6,Aurora Hills Visitors Center,24,100,42101,Carbon monoxide,54,47900,"Washington-Arlington-Alexandria, DC-VA-MD-WV",51,Virginia,13,Arlington,38.8577,-77.05922
11/25/2023,AQS,510130020,1,0.4,ppm,5,Aurora Hills Visitors Center,24,100,42101,Carbon monoxide,54,47900,"Washington-Arlington-Alexandria, DC-VA-MD-WV",51,Virginia,13,Arlington,38.8577,-77.05922
11/26/2023,AQS,510130020,1,0.7,ppm,8,Aurora Hills Visitors Center,24,100,42101,Carbon monoxide,54,47900,"Washington-Arlington-Alexandria, DC-VA-MD-WV",51,Virginia,13,Arlington,38.8577,-77.05922
11/27/2023,AQS,510130020,1,0.3,ppm,3,Aurora Hills Visitors Center,24,100,42101,Carbon monoxide,54,47900,"Washington-Arlington-Alexandria, DC-VA-MD-WV",51,Virginia,13,Arlington,38.8577,-77.05922
11/28/2023,AQS,510130020,1,0.2,ppm,2,Aurora Hills Visitors Center,24,100,42101,Carbon monoxide,54,47900,"Washington-Arlington-Alexandria, DC-VA-MD-WV",51,Virginia,13,Arlington,38.8577,-77.05922
11/29/2023,AQS,510130020,1,0.2,ppm,2,Aurora Hills Visitors Center,24,100,42101,Carbon monoxide,54,47900,"Washington-Arlington-Alexandria, DC-VA-MD-WV",51,Virginia,13,Arlington,38.8577,-77.05922
11/30/2023,AQS,510130020,1,0.4,ppm,5,Aurora Hills Visitors Center,24,100,42101,Carbon monoxide,54,47900,"Washington-Arlington-Alexandria, DC-VA-MD-WV",51,Virginia,13,Arlington,38.8577,-77.05922
12/1/2023,AQS,510130020,1,0.4,ppm,5,Aurora Hills Visitors Center,24,100,42101,Carbon monoxide,54,47900,"Washington-Arlington-Alexandria, DC-VA-MD-WV",51,Virginia,13,Arlington,38.8577,-77.05922
12/2/2023,AQS,510130020,1,0.5,ppm,6,Aurora Hills Visitors Center,24,100,42101,Carbon monoxide,54,47900,"Washington-Arlington-Alexandria, DC-VA-MD-WV",51,Virginia,13,Arlington,38.8577,-77.05922
12/3/2023,AQS,510130020,1,0.5,ppm,6,Aurora Hills Visitors Center,24,100,42101,Carbon monoxide,54,47900,"Washington-Arlington-Alexandria, DC-VA-MD-WV",51,Virginia,13,Arlington,38.8577,-77.05922
12/4/2023,AQS,510130020,1,0.4,ppm,5,Aurora Hills Visitors Center,24,100,42101,Carbon monoxide,54,47900,"Washington-Arlington-Alexandria, DC-VA-MD-WV",51,Virginia,13,Arlington,38.8577,-77.05922
12/5/2023,AQS,510130020,1,0.3,ppm,3,Aurora Hills Visitors Center,24,100,42101,Carbon monoxide,54,47900,"Washington-Arlington-Alexandria, DC-VA-MD-WV",51,Virginia,13,Arlington,38.8577,-77.05922
12/6/2023,AQS,510130020,1,0.2,ppm,2,Aurora Hills Visitors Center,24,100,42101,Carbon monoxide,54,47900,"Washington-Arlington-Alexandria, DC-VA-MD-WV",51,Virginia,13,Arlington,38.8577,-77.05922
12/7/2023,AQS,510130020,1,0.3,ppm,3,Aurora Hills Visitors Center,24,100,42101,Carbon monoxide,54,47900,"Washington-Arlington-Alexandria, DC-VA-MD-WV",51,Virginia,13,Arlington,38.8577,-77.05922
12/8/2023,AQS,510130020,1,0.8,ppm,9,Aurora Hills Visitors Center,24,100,42101,Carbon monoxide,54,47900,"Washington-Arlington-Alexandria, DC-VA-MD-WV",51,Virginia,13,Arlington,38.8577,-77.05922
12/9/2023,AQS,510130020,1,0.6,ppm,7,Aurora Hills Visitors Center,24,100,42101,Carbon monoxide,54,47900,"Washington-Arlington-Alexandria, DC-VA-MD-WV",51,Virginia,13,Arlington,38.8577,-77.05922
12/10/2023,AQS,510130020,1,0.5,ppm,6,Aurora Hills Visitors Center,24,100,42101,Carbon monoxide,54,47900,"Washington-Arlington-Alexandria, DC-VA-MD-WV",51,Virginia,13,Arlington,38.8577,-77.05922
12/11/2023,AQS,510130020,1,0.3,ppm,3,Aurora Hills Visitors Center,24,100,42101,Carbon monoxide,54,47900,"Washington-Arlington-Alexandria, DC-VA-MD-WV",51,Virginia,13,Arlington,38.8577,-77.05922
12/12/2023,AQS,510130020,1,0.6,ppm,7,Aurora Hills Visitors Center,24,100,42101,Carbon monoxide,54,47900,"Washington-Arlington-Alexandria, DC-VA-MD-WV",51,Virginia,13,Arlington,38.8577,-77.05922
12/13/2023,AQS,510130020,1,0.5,ppm,6,Aurora Hills Visitors Center,24,100,42101,Carbon monoxide,54,47900,"Washington-Arlington-Alexandria, DC-VA-MD-WV",51,Virginia,13,Arlington,38.8577,-77.05922
12/14/2023,AQS,510130020,1,0.4,ppm,5,Aurora Hills Visitors Center,24,100,42101,Carbon monoxide,54,47900,"Washington-Arlington-Alexandria, DC-VA-MD-WV",51,Virginia,13,Arlington,38.8577,-77.05922
12/15/2023,AQS,510130020,1,0.6,ppm,7,Aurora Hills Visitors Center,24,100,42101,Carbon monoxide,54,47900,"Washington-Arlington-Alexandria, DC-VA-MD-WV",51,Virginia,13,Arlington,38.8577,-77.05922
12/16/2023,AQS,510130020,1,0.8,ppm,9,Aurora Hills Visitors Center,24,100,42101,Carbon monoxide,54,47900,"Washington-Arlington-Alexandria, DC-VA-MD-WV",51,Virginia,13,Arlington,38.8577,-77.05922
12/17/2023,AQS,510130020,1,0.4,ppm,5,Aurora Hills Visitors Center,24,100,42101,Carbon monoxide,54,47900,"Washington-Arlington-Alexandria, DC-VA-MD-WV",51,Virginia,13,Arlington,38.8577,-77.05922
12/18/2023,AQS,510130020,1,0.2,ppm,2,Aurora Hills Visitors Center,24,100,42101,Carbon monoxide,54,47900,"Washington-Arlington-Alexandria, DC-VA-MD-WV",51,Virginia,13,Arlington,38.8577,-77.05922
12/19/2023,AQS,510130020,1,0.2,ppm,2,Aurora Hills Visitors Center,24,100,42101,Carbon monoxide,54,47900,"Washington-Arlington-Alexandria, DC-VA-MD-WV",51,Virginia,13,Arlington,38.8577,-77.05922
12/20/2023,AQS,510130020,1,0.5,ppm,6,Aurora Hills Visitors Center,24,100,42101,Carbon monoxide,54,47900,"Washington-Arlington-Alexandria, DC-VA-MD-WV",51,Virginia,13,Arlington,38.8577,-77.05922
12/21/2023,AQS,510130020,1,0.7,ppm,8,Aurora Hills Visitors Center,24,100,42101,Carbon monoxide,54,47900,"Washington-Arlington-Alexandria, DC-VA-MD-WV",51,Virginia,13,Arlington,38.8577,-77.05922
12/22/2023,AQS,510130020,1,0.5,ppm,6,Aurora Hills Visitors Center,24,100,42101,Carbon monoxide,54,47900,"Washington-Arlington-Alexandria, DC-VA-MD-WV",51,Virginia,13,Arlington,38.8577,-77.05922
12/23/2023,AQS,510130020,1,0.4,ppm,5,Aurora Hills Visitors Center,24,100,42101,Carbon monoxide,54,47900,"Washington-Arlington-Alexandria, DC-VA-MD-WV",51,Virginia,13,Arlington,38.8577,-77.05922
12/24/2023,AQS,510130020,1,0.5,ppm,6,Aurora Hills Visitors Center,24,100,42101,Carbon monoxide,54,47900,"Washington-Arlington-Alexandria, DC-VA-MD-WV",51,Virginia,13,Arlington,38.8577,-77.05922
12/25/2023,AQS,510130020,1,0.5,ppm,6,Aurora Hills Visitors Center,24,100,42101,Carbon monoxide,54,47900,"Washington-Arlington-Alexandria, DC-VA-MD-WV",51,Virginia,13,Arlington,38.8577,-77.05922
12/26/2023,AQS,510130020,1,0.3,ppm,3,Aurora Hills Visitors Center,24,100,42101,Carbon monoxide,54,47900,"Washington-Arlington-Alexandria, DC-VA-MD-WV",51,Virginia,13,Arlington,38.8577,-77.05922
12/27/2023,AQS,510130020,1,0.2,ppm,2,Aurora Hills Visitors Center,24,100,42101,Carbon monoxide,54,47900,"Washington-Arlington-Alexandria, DC-VA-MD-WV",51,Virginia,13,Arlington,38.8577,-77.05922
12/28/2023,AQS,510130020,1,0.2,ppm,2,Aurora Hills Visitors Center,24,100,42101,Carbon monoxide,54,47900,"Washington-Arlington-Alexandria, DC-VA-MD-WV",51,Virginia,13,Arlington,38.8577,-77.05922
12/29/2023,AQS,510130020,1,0.2,ppm,2,Aurora Hills Visitors Center,24,100,42101,Carbon monoxide,54,47900,"Washington-Arlington-Alexandria, DC-VA-MD-WV",51,Virginia,13,Arlington,38.8577,-77.05922
12/30/2023,AQS,510130020,1,0.2,ppm,2,Aurora Hills Visitors Center,24,100,42101,Carbon monoxide,54,47900,"Washington-Arlington-Alexandria, DC-VA-MD-WV",51,Virginia,13,Arlington,38.8577,-77.05922
12/31/2023,AQS,510130020,1,0.2,ppm,2,Aurora Hills Visitors Center,24,100,42101,Carbon monoxide,54,47900,"Washington-Arlington-Alexandria, DC-VA-MD-WV",51,Virginia,13,Arlington,38.8577,-77.05922
1/1/2023,AQS,510590031,1,0.6,ppm,7,Springfield Near Road Site,19,79,42101,Carbon monoxide,93,47900,"Washington-Arlington-Alexandria, DC-VA-MD-WV",51,Virginia,59,Fairfax,38.76835,-77.18347
1/2/2023,AQS,510590031,1,0.7,ppm,8,Springfield Near Road Site,24,100,42101,Carbon monoxide,93,47900,"Washington-Arlington-Alexandria, DC-VA-MD-WV",51,Virginia,59,Fairfax,38.76835,-77.18347
1/3/2023,AQS,510590031,1,0.4,ppm,5,Springfield Near Road Site,24,100,42101,Carbon monoxide,93,47900,"Washington-Arlington-Alexandria, DC-VA-MD-WV",51,Virginia,59,Fairfax,38.76835,-77.18347
1/4/2023,AQS,510590031,1,0.4,ppm,5,Springfield Near Road Site,24,100,42101,Carbon monoxide,93,47900,"Washington-Arlington-Alexandria, DC-VA-MD-WV",51,Virginia,59,Fairfax,38.76835,-77.18347
1/5/2023,AQS,510590031,1,0.5,ppm,6,Springfield Near Road Site,24,100,42101,Carbon monoxide,93,47900,"Washington-Arlington-Alexandria, DC-VA-MD-WV",51,Virginia,59,Fairfax,38.76835,-77.18347
1/6/2023,AQS,510590031,1,0.3,ppm,3,Springfield Near Road Site,24,100,42101,Carbon monoxide,93,47900,"Washington-Arlington-Alexandria, DC-VA-MD-WV",51,Virginia,59,Fairfax,38.76835,-77.18347
1/7/2023,AQS,510590031,1,0.2,ppm,2,Springfield Near Road Site,24,100,42101,Carbon monoxide,93,47900,"Washington-Arlington-Alexandria, DC-VA-MD-WV",51,Virginia,59,Fairfax,38.76835,-77.18347
1/8/2023,AQS,510590031,1,0.3,ppm,3,Springfield Near Road Site,24,100,42101,Carbon monoxide,93,47900,"Washington-Arlington-Alexandria, DC-VA-MD-WV",51,Virginia,59,Fairfax,38.76835,-77.18347
1/9/2023,AQS,510590031,1,0.2,ppm,2,Springfield Near Road Site,24,100,42101,Carbon monoxide,93,47900,"Washington-Arlington-Alexandria, DC-VA-MD-WV",51,Virginia,59,Fairfax,38.76835,-77.18347
1/10/2023,AQS,510590031,1,0.4,ppm,5,Springfield Near Road Site,24,100,42101,Carbon monoxide,93,47900,"Washington-Arlington-Alexandria, DC-VA-MD-WV",51,Virginia,59,Fairfax,38.76835,-77.18347
1/11/2023,AQS,510590031,1,0.6,ppm,7,Springfield Near Road Site,24,100,42101,Carbon monoxide,93,47900,"Washington-Arlington-Alexandria, DC-VA-MD-WV",51,Virginia,59,Fairfax,38.76835,-77.18347
1/12/2023,AQS,510590031,1,0.5,ppm,6,Springfield Near Road Site,24,100,42101,Carbon monoxide,93,47900,"Washington-Arlington-Alexandria, DC-VA-MD-WV",51,Virginia,59,Fairfax,38.76835,-77.18347
1/13/2023,AQS,510590031,1,0.3,ppm,3,Springfield Near Road Site,24,100,42101,Carbon monoxide,93,47900,"Washington-Arlington-Alexandria, DC-VA-MD-WV",51,Virginia,59,Fairfax,38.76835,-77.18347
1/14/2023,AQS,510590031,1,0.2,ppm,2,Springfield Near Road Site,24,100,42101,Carbon monoxide,93,47900,"Washington-Arlington-Alexandria, DC-VA-MD-WV",51,Virginia,59,Fairfax,38.76835,-77.18347
1/15/2023,AQS,510590031,1,0.1,ppm,1,Springfield Near Road Site,24,100,42101,Carbon monoxide,93,47900,"Washington-Arlington-Alexandria, DC-VA-MD-WV",51,Virginia,59,Fairfax,38.76835,-77.18347
1/16/2023,AQS,510590031,1,0.4,ppm,5,Springfield Near Road Site,24,100,42101,Carbon monoxide,93,47900,"Washington-Arlington-Alexandria, DC-VA-MD-WV",51,Virginia,59,Fairfax,38.76835,-77.18347
1/17/2023,AQS,510590031,1,0.6,ppm,7,Springfield Near Road Site,24,100,42101,Carbon monoxide,93,47900,"Washington-Arlington-Alexandria, DC-VA-MD-WV",51,Virginia,59,Fairfax,38.76835,-77.18347
1/18/2023,AQS,510590031,1,0.6,ppm,7,Springfield Near Road Site,24,100,42101,Carbon monoxide,93,47900,"Washington-Arlington-Alexandria, DC-VA-MD-WV",51,Virginia,59,Fairfax,38.76835,-77.18347
1/19/2023,AQS,510590031,1,0.5,ppm,6,Springfield Near Road Site,16,67,42101,Carbon monoxide,93,47900,"Washington-Arlington-Alexandria, DC-VA-MD-WV",51,Virginia,59,Fairfax,38.76835,-77.18347
1/20/2023,AQS,510590031,1,0.4,ppm,5,Springfield Near Road Site,24,100,42101,Carbon monoxide,93,47900,"Washington-Arlington-Alexandria, DC-VA-MD-WV",51,Virginia,59,Fairfax,38.76835,-77.18347
1/21/2023,AQS,510590031,1,0.5,ppm,6,Springfield Near Road Site,24,100,42101,Carbon monoxide,93,47900,"Washington-Arlington-Alexandria, DC-VA-MD-WV",51,Virginia,59,Fairfax,38.76835,-77.18347
1/22/2023,AQS,510590031,1,0.7,ppm,8,Springfield Near Road Site,24,100,42101,Carbon monoxide,93,47900,"Washington-Arlington-Alexandria, DC-VA-MD-WV",51,Virginia,59,Fairfax,38.76835,-77.18347
1/23/2023,AQS,510590031,1,0.3,ppm,3,Springfield Near Road Site,24,100,42101,Carbon monoxide,93,47900,"Washington-Arlington-Alexandria, DC-VA-MD-WV",51,Virginia,59,Fairfax,38.76835,-77.18347
1/24/2023,AQS,510590031,1,0.5,ppm,6,Springfield Near Road Site,24,100,42101,Carbon monoxide,93,47900,"Washington-Arlington-Alexandria, DC-VA-MD-WV",51,Virginia,59,Fairfax,38.76835,-77.18347
1/25/2023,AQS,510590031,1,0.6,ppm,7,Springfield Near Road Site,24,100,42101,Carbon monoxide,93,47900,"Washington-Arlington-Alexandria, DC-VA-MD-WV",51,Virginia,59,Fairfax,38.76835,-77.18347
1/26/2023,AQS,510590031,1,0.3,ppm,3,Springfield Near Road Site,24,100,42101,Carbon monoxide,93,47900,"Washington-Arlington-Alexandria, DC-VA-MD-WV",51,Virginia,59,Fairfax,38.76835,-77.18347
1/27/2023,AQS,510590031,1,0.3,ppm,3,Springfield Near Road Site,24,100,42101,Carbon monoxide,93,47900,"Washington-Arlington-Alexandria, DC-VA-MD-WV",51,Virginia,59,Fairfax,38.76835,-77.18347
1/28/2023,AQS,510590031,1,0.4,ppm,5,Springfield Near Road Site,24,100,42101,Carbon monoxide,93,47900,"Washington-Arlington-Alexandria, DC-VA-MD-WV",51,Virginia,59,Fairfax,38.76835,-77.18347
1/29/2023,AQS,510590031,1,0.5,ppm,6,Springfield Near Road Site,24,100,42101,Carbon monoxide,93,47900,"Washington-Arlington-Alexandria, DC-VA-MD-WV",51,Virginia,59,Fairfax,38.76835,-77.18347
1/30/2023,AQS,510590031,1,0.6,ppm,7,Springfield Near Road Site,24,100,42101,Carbon monoxide,93,47900,"Washington-Arlington-Alexandria, DC-VA-MD-WV",51,Virginia,59,Fairfax,38.76835,-77.18347
1/31/2023,AQS,510590031,1,0.4,ppm,5,Springfield Near Road Site,24,100,42101,Carbon monoxide,93,47900,"Washington-Arlington-Alexandria, DC-VA-MD-WV",51,Virginia,59,Fairfax,38.76835,-77.18347
2/1/2023,AQS,510590031,1,0.5,ppm,6,Springfield Near Road Site,24,100,42101,Carbon monoxide,93,47900,"Washington-Arlington-Alexandria, DC-VA-MD-WV",51,Virginia,59,Fairfax,38.76835,-77.18347
2/2/2023,AQS,510590031,1,0.6,ppm,7,Springfield Near Road Site,24,100,42101,Carbon monoxide,93,47900,"Washington-Arlington-Alexandria, DC-VA-MD-WV",51,Virginia,59,Fairfax,38.76835,-77.18347
2/3/2023,AQS,510590031,1,0.2,ppm,2,Springfield Near Road Site,24,100,42101,Carbon monoxide,93,47900,"Washington-Arlington-Alexandria, DC-VA-MD-WV",51,Virginia,59,Fairfax,38.76835,-77.18347
2/4/2023,AQS,510590031,1,0.3,ppm,3,Springfield Near Road Site,24,100,42101,Carbon monoxide,93,47900,"Washington-Arlington-Alexandria, DC-VA-MD-WV",51,Virginia,59,Fairfax,38.76835,-77.18347
2/5/2023,AQS,510590031,1,0.3,ppm,3,Springfield Near Road Site,24,100,42101,Carbon monoxide,93,47900,"Washington-Arlington-Alexandria, DC-VA-MD-WV",51,Virginia,59,Fairfax,38.76835,-77.18347
2/6/2023,AQS,510590031,1,0.2,ppm,2,Springfield Near Road Site,24,100,42101,Carbon monoxide,93,47900,"Washington-Arlington-Alexandria, DC-VA-MD-WV",51,Virginia,59,Fairfax,38.76835,-77.18347
2/7/2023,AQS,510590031,1,0.4,ppm,5,Springfield Near Road Site,24,100,42101,Carbon monoxide,93,47900,"Washington-Arlington-Alexandria, DC-VA-MD-WV",51,Virginia,59,Fairfax,38.76835,-77.18347
2/8/2023,AQS,510590031,1,0.6,ppm,7,Springfield Near Road Site,24,100,42101,Carbon monoxide,93,47900,"Washington-Arlington-Alexandria, DC-VA-MD-WV",51,Virginia,59,Fairfax,38.76835,-77.18347
2/9/2023,AQS,510590031,1,0.5,ppm,6,Springfield Near Road Site,24,100,42101,Carbon monoxide,93,47900,"Washington-Arlington-Alexandria, DC-VA-MD-WV",51,Virginia,59,Fairfax,38.76835,-77.18347
2/10/2023,AQS,510590031,1,0.2,ppm,2,Springfield Near Road Site,24,100,42101,Carbon monoxide,93,47900,"Washington-Arlington-Alexandria, DC-VA-MD-WV",51,Virginia,59,Fairfax,38.76835,-77.18347
2/11/2023,AQS,510590031,1,0.3,ppm,3,Springfield Near Road Site,24,100,42101,Carbon monoxide,93,47900,"Washington-Arlington-Alexandria, DC-VA-MD-WV",51,Virginia,59,Fairfax,38.76835,-77.18347
2/12/2023,AQS,510590031,1,0.4,ppm,5,Springfield Near Road Site,24,100,42101,Carbon monoxide,93,47900,"Washington-Arlington-Alexandria, DC-VA-MD-WV",51,Virginia,59,Fairfax,38.76835,-77.18347
2/13/2023,AQS,510590031,1,0.2,ppm,2,Springfield Near Road Site,24,100,42101,Carbon monoxide,93,47900,"Washington-Arlington-Alexandria, DC-VA-MD-WV",51,Virginia,59,Fairfax,38.76835,-77.18347
2/14/2023,AQS,510590031,1,0.5,ppm,6,Springfield Near Road Site,24,100,42101,Carbon monoxide,93,47900,"Washington-Arlington-Alexandria, DC-VA-MD-WV",51,Virginia,59,Fairfax,38.76835,-77.18347
2/15/2023,AQS,510590031,1,0.4,ppm,5,Springfield Near Road Site,24,100,42101,Carbon monoxide,93,47900,"Washington-Arlington-Alexandria, DC-VA-MD-WV",51,Virginia,59,Fairfax,38.76835,-77.18347
2/16/2023,AQS,510590031,1,0.7,ppm,8,Springfield Near Road Site,24,100,42101,Carbon monoxide,93,47900,"Washington-Arlington-Alexandria, DC-VA-MD-WV",51,Virginia,59,Fairfax,38.76835,-77.18347
2/17/2023,AQS,510590031,1,0.7,ppm,8,Springfield Near Road Site,24,100,42101,Carbon monoxide,93,47900,"Washington-Arlington-Alexandria, DC-VA-MD-WV",51,Virginia,59,Fairfax,38.76835,-77.18347
2/18/2023,AQS,510590031,1,0.4,ppm,5,Springfield Near Road Site,24,100,42101,Carbon monoxide,93,47900,"Washington-Arlington-Alexandria, DC-VA-MD-WV",51,Virginia,59,Fairfax,38.76835,-77.18347
2/19/2023,AQS,510590031,1,0.4,ppm,5,Springfield Near Road Site,24,100,42101,Carbon monoxide,93,47900,"Washington-Arlington-Alexandria, DC-VA-MD-WV",51,Virginia,59,Fairfax,38.76835,-77.18347
2/20/2023,AQS,510590031,1,0.4,ppm,5,Springfield Near Road Site,24,100,42101,Carbon monoxide,93,47900,"Washington-Arlington-Alexandria, DC-VA-MD-WV",51,Virginia,59,Fairfax,38.76835,-77.18347
2/21/2023,AQS,510590031,1,0.4,ppm,5,Springfield Near Road Site,24,100,42101,Carbon monoxide,93,47900,"Washington-Arlington-Alexandria, DC-VA-MD-WV",51,Virginia,59,Fairfax,38.76835,-77.18347
2/22/2023,AQS,510590031,1,0.4,ppm,5,Springfield Near Road Site,24,100,42101,Carbon monoxide,93,47900,"Washington-Arlington-Alexandria, DC-VA-MD-WV",51,Virginia,59,Fairfax,38.76835,-77.18347
2/23/2023,AQS,510590031,1,0.5,ppm,6,Springfield Near Road Site,24,100,42101,Carbon monoxide,93,47900,"Washington-Arlington-Alexandria, DC-VA-MD-WV",51,Virginia,59,Fairfax,38.76835,-77.18347
2/24/2023,AQS,510590031,1,0.4,ppm,5,Springfield Near Road Site,24,100,42101,Carbon monoxide,93,47900,"Washington-Arlington-Alexandria, DC-VA-MD-WV",51,Virginia,59,Fairfax,38.76835,-77.18347
2/25/2023,AQS,510590031,1,0.4,ppm,5,Springfield Near Road Site,24,100,42101,Carbon monoxide,93,47900,"Washington-Arlington-Alexandria, DC-VA-MD-WV",51,Virginia,59,Fairfax,38.76835,-77.18347
2/26/2023,AQS,510590031,1,0.4,ppm,5,Springfield Near Road Site,24,100,42101,Carbon monoxide,93,47900,"Washington-Arlington-Alexandria, DC-VA-MD-WV",51,Virginia,59,Fairfax,38.76835,-77.18347
2/27/2023,AQS,510590031,1,0.5,ppm,6,Springfield Near Road Site,24,100,42101,Carbon monoxide,93,47900,"Washington-Arlington-Alexandria, DC-VA-MD-WV",51,Virginia,59,Fairfax,38.76835,-77.18347
2/28/2023,AQS,510590031,1,0.4,ppm,5,Springfield Near Road Site,24,100,42101,Carbon monoxide,93,47900,"Washington-Arlington-Alexandria, DC-VA-MD-WV",51,Virginia,59,Fairfax,38.76835,-77.18347
3/1/2023,AQS,510590031,1,0.5,ppm,6,Springfield Near Road Site,24,100,42101,Carbon monoxide,93,47900,"Washington-Arlington-Alexandria, DC-VA-MD-WV",51,Virginia,59,Fairfax,38.76835,-77.18347
3/2/2023,AQS,510590031,1,0.5,ppm,6,Springfield Near Road Site,24,100,42101,Carbon monoxide,93,47900,"Washington-Arlington-Alexandria, DC-VA-MD-WV",51,Virginia,59,Fairfax,38.76835,-77.18347
3/3/2023,AQS,510590031,1,0.4,ppm,5,Springfield Near Road Site,24,100,42101,Carbon monoxide,93,47900,"Washington-Arlington-Alexandria, DC-VA-MD-WV",51,Virginia,59,Fairfax,38.76835,-77.18347
3/4/2023,AQS,510590031,1,0.3,ppm,3,Springfield Near Road Site,24,100,42101,Carbon monoxide,93,47900,"Washington-Arlington-Alexandria, DC-VA-MD-WV",51,Virginia,59,Fairfax,38.76835,-77.18347
3/5/2023,AQS,510590031,1,0.3,ppm,3,Springfield Near Road Site,24,100,42101,Carbon monoxide,93,47900,"Washington-Arlington-Alexandria, DC-VA-MD-WV",51,Virginia,59,Fairfax,38.76835,-77.18347
3/6/2023,AQS,510590031,1,0.4,ppm,5,Springfield Near Road Site,24,100,42101,Carbon monoxide,93,47900,"Washington-Arlington-Alexandria, DC-VA-MD-WV",51,Virginia,59,Fairfax,38.76835,-77.18347
3/7/2023,AQS,510590031,1,0.3,ppm,3,Springfield Near Road Site,24,100,42101,Carbon monoxide,93,47900,"Washington-Arlington-Alexandria, DC-VA-MD-WV",51,Virginia,59,Fairfax,38.76835,-77.18347
3/8/2023,AQS,510590031,1,0.2,ppm,2,Springfield Near Road Site,24,100,42101,Carbon monoxide,93,47900,"Washington-Arlington-Alexandria, DC-VA-MD-WV",51,Virginia,59,Fairfax,38.76835,-77.18347
3/9/2023,AQS,510590031,1,0.4,ppm,5,Springfield Near Road Site,24,100,42101,Carbon monoxide,93,47900,"Washington-Arlington-Alexandria, DC-VA-MD-WV",51,Virginia,59,Fairfax,38.76835,-77.18347
3/10/2023,AQS,510590031,1,0.4,ppm,5,Springfield Near Road Site,24,100,42101,Carbon monoxide,93,47900,"Washington-Arlington-Alexandria, DC-VA-MD-WV",51,Virginia,59,Fairfax,38.76835,-77.18347
3/11/2023,AQS,510590031,1,0.2,ppm,2,Springfield Near Road Site,24,100,42101,Carbon monoxide,93,47900,"Washington-Arlington-Alexandria, DC-VA-MD-WV",51,Virginia,59,Fairfax,38.76835,-77.18347
3/12/2023,AQS,510590031,1,0.3,ppm,3,Springfield Near Road Site,24,100,42101,Carbon monoxide,93,47900,"Washington-Arlington-Alexandria, DC-VA-MD-WV",51,Virginia,59,Fairfax,38.76835,-77.18347
3/13/2023,AQS,510590031,1,0.4,ppm,5,Springfield Near Road Site,24,100,42101,Carbon monoxide,93,47900,"Washington-Arlington-Alexandria, DC-VA-MD-WV",51,Virginia,59,Fairfax,38.76835,-77.18347
3/14/2023,AQS,510590031,1,0.1,ppm,1,Springfield Near Road Site,24,100,42101,Carbon monoxide,93,47900,"Washington-Arlington-Alexandria, DC-VA-MD-WV",51,Virginia,59,Fairfax,38.76835,-77.18347
3/15/2023,AQS,510590031,1,0.1,ppm,1,Springfield Near Road Site,24,100,42101,Carbon monoxide,93,47900,"Washington-Arlington-Alexandria, DC-VA-MD-WV",51,Virginia,59,Fairfax,38.76835,-77.18347
3/16/2023,AQS,510590031,1,0.3,ppm,3,Springfield Near Road Site,24,100,42101,Carbon monoxide,93,47900,"Washington-Arlington-Alexandria, DC-VA-MD-WV",51,Virginia,59,Fairfax,38.76835,-77.18347
3/17/2023,AQS,510590031,1,0.3,ppm,3,Springfield Near Road Site,24,100,42101,Carbon monoxide,93,47900,"Washington-Arlington-Alexandria, DC-VA-MD-WV",51,Virginia,59,Fairfax,38.76835,-77.18347
3/18/2023,AQS,510590031,1,0.2,ppm,2,Springfield Near Road Site,24,100,42101,Carbon monoxide,93,47900,"Washington-Arlington-Alexandria, DC-VA-MD-WV",51,Virginia,59,Fairfax,38.76835,-77.18347
3/19/2023,AQS,510590031,1,0.1,ppm,1,Springfield Near Road Site,24,100,42101,Carbon monoxide,93,47900,"Washington-Arlington-Alexandria, DC-VA-MD-WV",51,Virginia,59,Fairfax,38.76835,-77.18347
3/20/2023,AQS,510590031,1,0.3,ppm,3,Springfield Near Road Site,17,71,42101,Carbon monoxide,93,47900,"Washington-Arlington-Alexandria, DC-VA-MD-WV",51,Virginia,59,Fairfax,38.76835,-77.18347
3/21/2023,AQS,510590031,1,0.4,ppm,5,Springfield Near Road Site,24,100,42101,Carbon monoxide,93,47900,"Washington-Arlington-Alexandria, DC-VA-MD-WV",51,Virginia,59,Fairfax,38.76835,-77.18347
3/22/2023,AQS,510590031,1,0.3,ppm,3,Springfield Near Road Site,24,100,42101,Carbon monoxide,93,47900,"Washington-Arlington-Alexandria, DC-VA-MD-WV",51,Virginia,59,Fairfax,38.76835,-77.18347
3/23/2023,AQS,510590031,1,0.4,ppm,5,Springfield Near Road Site,24,100,42101,Carbon monoxide,93,47900,"Washington-Arlington-Alexandria, DC-VA-MD-WV",51,Virginia,59,Fairfax,38.76835,-77.18347
3/24/2023,AQS,510590031,1,0.5,ppm,6,Springfield Near Road Site,24,100,42101,Carbon monoxide,93,47900,"Washington-Arlington-Alexandria, DC-VA-MD-WV",51,Virginia,59,Fairfax,38.76835,-77.18347
3/25/2023,AQS,510590031,1,0.4,ppm,5,Springfield Near Road Site,24,100,42101,Carbon monoxide,93,47900,"Washington-Arlington-Alexandria, DC-VA-MD-WV",51,Virginia,59,Fairfax,38.76835,-77.18347
3/26/2023,AQS,510590031,1,0.5,ppm,6,Springfield Near Road Site,24,100,42101,Carbon monoxide,93,47900,"Washington-Arlington-Alexandria, DC-VA-MD-WV",51,Virginia,59,Fairfax,38.76835,-77.18347
3/27/2023,AQS,510590031,1,0.5,ppm,6,Springfield Near Road Site,24,100,42101,Carbon monoxide,93,47900,"Washington-Arlington-Alexandria, DC-VA-MD-WV",51,Virginia,59,Fairfax,38.76835,-77.18347
3/28/2023,AQS,510590031,1,0.4,ppm,5,Springfield Near Road Site,24,100,42101,Carbon monoxide,93,47900,"Washington-Arlington-Alexandria, DC-VA-MD-WV",51,Virginia,59,Fairfax,38.76835,-77.18347
3/29/2023,AQS,510590031,1,0.3,ppm,3,Springfield Near Road Site,24,100,42101,Carbon monoxide,93,47900,"Washington-Arlington-Alexandria, DC-VA-MD-WV",51,Virginia,59,Fairfax,38.76835,-77.18347
3/30/2023,AQS,510590031,1,0.3,ppm,3,Springfield Near Road Site,24,100,42101,Carbon monoxide,93,47900,"Washington-Arlington-Alexandria, DC-VA-MD-WV",51,Virginia,59,Fairfax,38.76835,-77.18347
3/31/2023,AQS,510590031,1,0.4,ppm,5,Springfield Near Road Site,24,100,42101,Carbon monoxide,93,47900,"Washington-Arlington-Alexandria, DC-VA-MD-WV",51,Virginia,59,Fairfax,38.76835,-77.18347
4/1/2023,AQS,510590031,1,0.3,ppm,3,Springfield Near Road Site,24,100,42101,Carbon monoxide,93,47900,"Washington-Arlington-Alexandria, DC-VA-MD-WV",51,Virginia,59,Fairfax,38.76835,-77.18347
4/2/2023,AQS,510590031,1,0.3,ppm,3,Springfield Near Road Site,24,100,42101,Carbon monoxide,93,47900,"Washington-Arlington-Alexandria, DC-VA-MD-WV",51,Virginia,59,Fairfax,38.76835,-77.18347
4/3/2023,AQS,510590031,1,0.5,ppm,6,Springfield Near Road Site,24,100,42101,Carbon monoxide,93,47900,"Washington-Arlington-Alexandria, DC-VA-MD-WV",51,Virginia,59,Fairfax,38.76835,-77.18347
4/4/2023,AQS,510590031,1,0.5,ppm,6,Springfield Near Road Site,24,100,42101,Carbon monoxide,93,47900,"Washington-Arlington-Alexandria, DC-VA-MD-WV",51,Virginia,59,Fairfax,38.76835,-77.18347
4/5/2023,AQS,510590031,1,0.5,ppm,6,Springfield Near Road Site,24,100,42101,Carbon monoxide,93,47900,"Washington-Arlington-Alexandria, DC-VA-MD-WV",51,Virginia,59,Fairfax,38.76835,-77.18347
4/6/2023,AQS,510590031,1,0.5,ppm,6,Springfield Near Road Site,24,100,42101,Carbon monoxide,93,47900,"Washington-Arlington-Alexandria, DC-VA-MD-WV",51,Virginia,59,Fairfax,38.76835,-77.18347
4/7/2023,AQS,510590031,1,0.2,ppm,2,Springfield Near Road Site,24,100,42101,Carbon monoxide,93,47900,"Washington-Arlington-Alexandria, DC-VA-MD-WV",51,Virginia,59,Fairfax,38.76835,-77.18347
4/8/2023,AQS,510590031,1,0.4,ppm,5,Springfield Near Road Site,24,100,42101,Carbon monoxide,93,47900,"Washington-Arlington-Alexandria, DC-VA-MD-WV",51,Virginia,59,Fairfax,38.76835,-77.18347
4/9/2023,AQS,510590031,1,0.4,ppm,5,Springfield Near Road Site,24,100,42101,Carbon monoxide,93,47900,"Washington-Arlington-Alexandria, DC-VA-MD-WV",51,Virginia,59,Fairfax,38.76835,-77.18347
4/10/2023,AQS,510590031,1,0.3,ppm,3,Springfield Near Road Site,24,100,42101,Carbon monoxide,93,47900,"Washington-Arlington-Alexandria, DC-VA-MD-WV",51,Virginia,59,Fairfax,38.76835,-77.18347
4/11/2023,AQS,510590031,1,0.3,ppm,3,Springfield Near Road Site,24,100,42101,Carbon monoxide,93,47900,"Washington-Arlington-Alexandria, DC-VA-MD-WV",51,Virginia,59,Fairfax,38.76835,-77.18347
4/12/2023,AQS,510590031,1,0.3,ppm,3,Springfield Near Road Site,24,100,42101,Carbon monoxide,93,47900,"Washington-Arlington-Alexandria, DC-VA-MD-WV",51,Virginia,59,Fairfax,38.76835,-77.18347
4/13/2023,AQS,510590031,1,0.4,ppm,5,Springfield Near Road Site,24,100,42101,Carbon monoxide,93,47900,"Washington-Arlington-Alexandria, DC-VA-MD-WV",51,Virginia,59,Fairfax,38.76835,-77.18347
4/14/2023,AQS,510590031,1,0.4,ppm,5,Springfield Near Road Site,24,100,42101,Carbon monoxide,93,47900,"Washington-Arlington-Alexandria, DC-VA-MD-WV",51,Virginia,59,Fairfax,38.76835,-77.18347
4/15/2023,AQS,510590031,1,0.5,ppm,6,Springfield Near Road Site,24,100,42101,Carbon monoxide,93,47900,"Washington-Arlington-Alexandria, DC-VA-MD-WV",51,Virginia,59,Fairfax,38.76835,-77.18347
4/16/2023,AQS,510590031,1,0.5,ppm,6,Springfield Near Road Site,24,100,42101,Carbon monoxide,93,47900,"Washington-Arlington-Alexandria, DC-VA-MD-WV",51,Virginia,59,Fairfax,38.76835,-77.18347
4/17/2023,AQS,510590031,1,0.4,ppm,5,Springfield Near Road Site,24,100,42101,Carbon monoxide,93,47900,"Washington-Arlington-Alexandria, DC-VA-MD-WV",51,Virginia,59,Fairfax,38.76835,-77.18347
4/18/2023,AQS,510590031,1,0.3,ppm,3,Springfield Near Road Site,24,100,42101,Carbon monoxide,93,47900,"Washington-Arlington-Alexandria, DC-VA-MD-WV",51,Virginia,59,Fairfax,38.76835,-77.18347
4/19/2023,AQS,510590031,1,0.4,ppm,5,Springfield Near Road Site,24,100,42101,Carbon monoxide,93,47900,"Washington-Arlington-Alexandria, DC-VA-MD-WV",51,Virginia,59,Fairfax,38.76835,-77.18347
4/20/2023,AQS,510590031,1,0.5,ppm,6,Springfield Near Road Site,24,100,42101,Carbon monoxide,93,47900,"Washington-Arlington-Alexandria, DC-VA-MD-WV",51,Virginia,59,Fairfax,38.76835,-77.18347
4/21/2023,AQS,510590031,1,0.6,ppm,7,Springfield Near Road Site,24,100,42101,Carbon monoxide,93,47900,"Washington-Arlington-Alexandria, DC-VA-MD-WV",51,Virginia,59,Fairfax,38.76835,-77.18347
4/22/2023,AQS,510590031,1,0.4,ppm,5,Springfield Near Road Site,24,100,42101,Carbon monoxide,93,47900,"Washington-Arlington-Alexandria, DC-VA-MD-WV",51,Virginia,59,Fairfax,38.76835,-77.18347
4/23/2023,AQS,510590031,1,0.2,ppm,2,Springfield Near Road Site,24,100,42101,Carbon monoxide,93,47900,"Washington-Arlington-Alexandria, DC-VA-MD-WV",51,Virginia,59,Fairfax,38.76835,-77.18347
4/24/2023,AQS,510590031,1,0.2,ppm,2,Springfield Near Road Site,18,75,42101,Carbon monoxide,93,47900,"Washington-Arlington-Alexandria, DC-VA-MD-WV",51,Virginia,59,Fairfax,38.76835,-77.18347
4/25/2023,AQS,510590031,1,0.3,ppm,3,Springfield Near Road Site,24,100,42101,Carbon monoxide,93,47900,"Washington-Arlington-Alexandria, DC-VA-MD-WV",51,Virginia,59,Fairfax,38.76835,-77.18347
4/26/2023,AQS,510590031,1,0.4,ppm,5,Springfield Near Road Site,24,100,42101,Carbon monoxide,93,47900,"Washington-Arlington-Alexandria, DC-VA-MD-WV",51,Virginia,59,Fairfax,38.76835,-77.18347
4/27/2023,AQS,510590031,1,0.4,ppm,5,Springfield Near Road Site,24,100,42101,Carbon monoxide,93,47900,"Washington-Arlington-Alexandria, DC-VA-MD-WV",51,Virginia,59,Fairfax,38.76835,-77.18347
4/28/2023,AQS,510590031,1,0.3,ppm,3,Springfield Near Road Site,24,100,42101,Carbon monoxide,93,47900,"Washington-Arlington-Alexandria, DC-VA-MD-WV",51,Virginia,59,Fairfax,38.76835,-77.18347
4/29/2023,AQS,510590031,1,0.5,ppm,6,Springfield Near Road Site,24,100,42101,Carbon monoxide,93,47900,"Washington-Arlington-Alexandria, DC-VA-MD-WV",51,Virginia,59,Fairfax,38.76835,-77.18347
4/30/2023,AQS,510590031,1,0.4,ppm,5,Springfield Near Road Site,24,100,42101,Carbon monoxide,93,47900,"Washington-Arlington-Alexandria, DC-VA-MD-WV",51,Virginia,59,Fairfax,38.76835,-77.18347
5/1/2023,AQS,510590031,1,0.2,ppm,2,Springfield Near Road Site,24,100,42101,Carbon monoxide,93,47900,"Washington-Arlington-Alexandria, DC-VA-MD-WV",51,Virginia,59,Fairfax,38.76835,-77.18347
5/2/2023,AQS,510590031,1,0.3,ppm,3,Springfield Near Road Site,24,100,42101,Carbon monoxide,93,47900,"Washington-Arlington-Alexandria, DC-VA-MD-WV",51,Virginia,59,Fairfax,38.76835,-77.18347
5/3/2023,AQS,510590031,1,0.2,ppm,2,Springfield Near Road Site,24,100,42101,Carbon monoxide,93,47900,"Washington-Arlington-Alexandria, DC-VA-MD-WV",51,Virginia,59,Fairfax,38.76835,-77.18347
5/4/2023,AQS,510590031,1,0.2,ppm,2,Springfield Near Road Site,24,100,42101,Carbon monoxide,93,47900,"Washington-Arlington-Alexandria, DC-VA-MD-WV",51,Virginia,59,Fairfax,38.76835,-77.18347
5/5/2023,AQS,510590031,1,0.4,ppm,5,Springfield Near Road Site,24,100,42101,Carbon monoxide,93,47900,"Washington-Arlington-Alexandria, DC-VA-MD-WV",51,Virginia,59,Fairfax,38.76835,-77.18347
5/6/2023,AQS,510590031,1,0.5,ppm,6,Springfield Near Road Site,24,100,42101,Carbon monoxide,93,47900,"Washington-Arlington-Alexandria, DC-VA-MD-WV",51,Virginia,59,Fairfax,38.76835,-77.18347
5/7/2023,AQS,510590031,1,0.5,ppm,6,Springfield Near Road Site,24,100,42101,Carbon monoxide,93,47900,"Washington-Arlington-Alexandria, DC-VA-MD-WV",51,Virginia,59,Fairfax,38.76835,-77.18347
5/8/2023,AQS,510590031,1,0.4,ppm,5,Springfield Near Road Site,24,100,42101,Carbon monoxide,93,47900,"Washington-Arlington-Alexandria, DC-VA-MD-WV",51,Virginia,59,Fairfax,38.76835,-77.18347
5/9/2023,AQS,510590031,1,0.5,ppm,6,Springfield Near Road Site,24,100,42101,Carbon monoxide,93,47900,"Washington-Arlington-Alexandria, DC-VA-MD-WV",51,Virginia,59,Fairfax,38.76835,-77.18347
5/10/2023,AQS,510590031,1,0.4,ppm,5,Springfield Near Road Site,24,100,42101,Carbon monoxide,93,47900,"Washington-Arlington-Alexandria, DC-VA-MD-WV",51,Virginia,59,Fairfax,38.76835,-77.18347
5/11/2023,AQS,510590031,1,0.4,ppm,5,Springfield Near Road Site,24,100,42101,Carbon monoxide,93,47900,"Washington-Arlington-Alexandria, DC-VA-MD-WV",51,Virginia,59,Fairfax,38.76835,-77.18347
5/12/2023,AQS,510590031,1,0.5,ppm,6,Springfield Near Road Site,24,100,42101,Carbon monoxide,93,47900,"Washington-Arlington-Alexandria, DC-VA-MD-WV",51,Virginia,59,Fairfax,38.76835,-77.18347
5/13/2023,AQS,510590031,1,0.5,ppm,6,Springfield Near Road Site,24,100,42101,Carbon monoxide,93,47900,"Washington-Arlington-Alexandria, DC-VA-MD-WV",51,Virginia,59,Fairfax,38.76835,-77.18347
5/14/2023,AQS,510590031,1,0.4,ppm,5,Springfield Near Road Site,24,100,42101,Carbon monoxide,93,47900,"Washington-Arlington-Alexandria, DC-VA-MD-WV",51,Virginia,59,Fairfax,38.76835,-77.18347
5/15/2023,AQS,510590031,1,0.4,ppm,5,Springfield Near Road Site,24,100,42101,Carbon monoxide,93,47900,"Washington-Arlington-Alexandria, DC-VA-MD-WV",51,Virginia,59,Fairfax,38.76835,-77.18347
5/16/2023,AQS,510590031,1,0.3,ppm,3,Springfield Near Road Site,24,100,42101,Carbon monoxide,93,47900,"Washington-Arlington-Alexandria, DC-VA-MD-WV",51,Virginia,59,Fairfax,38.76835,-77.18347
5/17/2023,AQS,510590031,1,0.3,ppm,3,Springfield Near Road Site,24,100,42101,Carbon monoxide,93,47900,"Washington-Arlington-Alexandria, DC-VA-MD-WV",51,Virginia,59,Fairfax,38.76835,-77.18347
5/18/2023,AQS,510590031,1,0.3,ppm,3,Springfield Near Road Site,24,100,42101,Carbon monoxide,93,47900,"Washington-Arlington-Alexandria, DC-VA-MD-WV",51,Virginia,59,Fairfax,38.76835,-77.18347
5/19/2023,AQS,510590031,1,0.4,ppm,5,Springfield Near Road Site,24,100,42101,Carbon monoxide,93,47900,"Washington-Arlington-Alexandria, DC-VA-MD-WV",51,Virginia,59,Fairfax,38.76835,-77.18347
5/20/2023,AQS,510590031,1,0.4,ppm,5,Springfield Near Road Site,24,100,42101,Carbon monoxide,93,47900,"Washington-Arlington-Alexandria, DC-VA-MD-WV",51,Virginia,59,Fairfax,38.76835,-77.18347
5/21/2023,AQS,510590031,1,0.3,ppm,3,Springfield Near Road Site,24,100,42101,Carbon monoxide,93,47900,"Washington-Arlington-Alexandria, DC-VA-MD-WV",51,Virginia,59,Fairfax,38.76835,-77.18347
5/22/2023,AQS,510590031,1,0.5,ppm,6,Springfield Near Road Site,24,100,42101,Carbon monoxide,93,47900,"Washington-Arlington-Alexandria, DC-VA-MD-WV",51,Virginia,59,Fairfax,38.76835,-77.18347
5/23/2023,AQS,510590031,1,0.5,ppm,6,Springfield Near Road Site,24,100,42101,Carbon monoxide,93,47900,"Washington-Arlington-Alexandria, DC-VA-MD-WV",51,Virginia,59,Fairfax,38.76835,-77.18347
5/24/2023,AQS,510590031,1,0.4,ppm,5,Springfield Near Road Site,24,100,42101,Carbon monoxide,93,47900,"Washington-Arlington-Alexandria, DC-VA-MD-WV",51,Virginia,59,Fairfax,38.76835,-77.18347
5/25/2023,AQS,510590031,1,0.4,ppm,5,Springfield Near Road Site,24,100,42101,Carbon monoxide,93,47900,"Washington-Arlington-Alexandria, DC-VA-MD-WV",51,Virginia,59,Fairfax,38.76835,-77.18347
5/26/2023,AQS,510590031,1,0.4,ppm,5,Springfield Near Road Site,24,100,42101,Carbon monoxide,93,47900,"Washington-Arlington-Alexandria, DC-VA-MD-WV",51,Virginia,59,Fairfax,38.76835,-77.18347
5/27/2023,AQS,510590031,1,0.4,ppm,5,Springfield Near Road Site,24,100,42101,Carbon monoxide,93,47900,"Washington-Arlington-Alexandria, DC-VA-MD-WV",51,Virginia,59,Fairfax,38.76835,-77.18347
5/28/2023,AQS,510590031,1,0.4,ppm,5,Springfield Near Road Site,24,100,42101,Carbon monoxide,93,47900,"Washington-Arlington-Alexandria, DC-VA-MD-WV",51,Virginia,59,Fairfax,38.76835,-77.18347
5/29/2023,AQS,510590031,1,0.4,ppm,5,Springfield Near Road Site,24,100,42101,Carbon monoxide,93,47900,"Washington-Arlington-Alexandria, DC-VA-MD-WV",51,Virginia,59,Fairfax,38.76835,-77.18347
5/30/2023,AQS,510590031,1,0.4,ppm,5,Springfield Near Road Site,24,100,42101,Carbon monoxide,93,47900,"Washington-Arlington-Alexandria, DC-VA-MD-WV",51,Virginia,59,Fairfax,38.76835,-77.18347
5/31/2023,AQS,510590031,1,0.5,ppm,6,Springfield Near Road Site,24,100,42101,Carbon monoxide,93,47900,"Washington-Arlington-Alexandria, DC-VA-MD-WV",51,Virginia,59,Fairfax,38.76835,-77.18347
6/1/2023,AQS,510590031,1,0.6,ppm,7,Springfield Near Road Site,24,100,42101,Carbon monoxide,93,47900,"Washington-Arlington-Alexandria, DC-VA-MD-WV",51,Virginia,59,Fairfax,38.76835,-77.18347
6/2/2023,AQS,510590031,1,0.6,ppm,7,Springfield Near Road Site,24,100,42101,Carbon monoxide,93,47900,"Washington-Arlington-Alexandria, DC-VA-MD-WV",51,Virginia,59,Fairfax,38.76835,-77.18347
6/3/2023,AQS,510590031,1,0.5,ppm,6,Springfield Near Road Site,24,100,42101,Carbon monoxide,93,47900,"Washington-Arlington-Alexandria, DC-VA-MD-WV",51,Virginia,59,Fairfax,38.76835,-77.18347
6/4/2023,AQS,510590031,1,0.4,ppm,5,Springfield Near Road Site,24,100,42101,Carbon monoxide,93,47900,"Washington-Arlington-Alexandria, DC-VA-MD-WV",51,Virginia,59,Fairfax,38.76835,-77.18347
6/5/2023,AQS,510590031,1,0.3,ppm,3,Springfield Near Road Site,24,100,42101,Carbon monoxide,93,47900,"Washington-Arlington-Alexandria, DC-VA-MD-WV",51,Virginia,59,Fairfax,38.76835,-77.18347
6/6/2023,AQS,510590031,1,0.3,ppm,3,Springfield Near Road Site,24,100,42101,Carbon monoxide,93,47900,"Washington-Arlington-Alexandria, DC-VA-MD-WV",51,Virginia,59,Fairfax,38.76835,-77.18347
6/7/2023,AQS,510590031,1,0.7,ppm,8,Springfield Near Road Site,24,100,42101,Carbon monoxide,93,47900,"Washington-Arlington-Alexandria, DC-VA-MD-WV",51,Virginia,59,Fairfax,38.76835,-77.18347
6/8/2023,AQS,510590031,1,0.9,ppm,10,Springfield Near Road Site,24,100,42101,Carbon monoxide,93,47900,"Washington-Arlington-Alexandria, DC-VA-MD-WV",51,Virginia,59,Fairfax,38.76835,-77.18347
6/9/2023,AQS,510590031,1,0.5,ppm,6,Springfield Near Road Site,24,100,42101,Carbon monoxide,93,47900,"Washington-Arlington-Alexandria, DC-VA-MD-WV",51,Virginia,59,Fairfax,38.76835,-77.18347
6/10/2023,AQS,510590031,1,0.4,ppm,5,Springfield Near Road Site,24,100,42101,Carbon monoxide,93,47900,"Washington-Arlington-Alexandria, DC-VA-MD-WV",51,Virginia,59,Fairfax,38.76835,-77.18347
6/11/2023,AQS,510590031,1,0.5,ppm,6,Springfield Near Road Site,24,100,42101,Carbon monoxide,93,47900,"Washington-Arlington-Alexandria, DC-VA-MD-WV",51,Virginia,59,Fairfax,38.76835,-77.18347
6/12/2023,AQS,510590031,1,0.5,ppm,6,Springfield Near Road Site,24,100,42101,Carbon monoxide,93,47900,"Washington-Arlington-Alexandria, DC-VA-MD-WV",51,Virginia,59,Fairfax,38.76835,-77.18347
6/13/2023,AQS,510590031,1,0.3,ppm,3,Springfield Near Road Site,24,100,42101,Carbon monoxide,93,47900,"Washington-Arlington-Alexandria, DC-VA-MD-WV",51,Virginia,59,Fairfax,38.76835,-77.18347
6/14/2023,AQS,510590031,1,0.4,ppm,5,Springfield Near Road Site,24,100,42101,Carbon monoxide,93,47900,"Washington-Arlington-Alexandria, DC-VA-MD-WV",51,Virginia,59,Fairfax,38.76835,-77.18347
6/15/2023,AQS,510590031,1,0.4,ppm,5,Springfield Near Road Site,24,100,42101,Carbon monoxide,93,47900,"Washington-Arlington-Alexandria, DC-VA-MD-WV",51,Virginia,59,Fairfax,38.76835,-77.18347
6/16/2023,AQS,510590031,1,0.5,ppm,6,Springfield Near Road Site,24,100,42101,Carbon monoxide,93,47900,"Washington-Arlington-Alexandria, DC-VA-MD-WV",51,Virginia,59,Fairfax,38.76835,-77.18347
6/17/2023,AQS,510590031,1,0.4,ppm,5,Springfield Near Road Site,24,100,42101,Carbon monoxide,93,47900,"Washington-Arlington-Alexandria, DC-VA-MD-WV",51,Virginia,59,Fairfax,38.76835,-77.18347
6/18/2023,AQS,510590031,1,0.3,ppm,3,Springfield Near Road Site,24,100,42101,Carbon monoxide,93,47900,"Washington-Arlington-Alexandria, DC-VA-MD-WV",51,Virginia,59,Fairfax,38.76835,-77.18347
6/19/2023,AQS,510590031,1,0.6,ppm,7,Springfield Near Road Site,24,100,42101,Carbon monoxide,93,47900,"Washington-Arlington-Alexandria, DC-VA-MD-WV",51,Virginia,59,Fairfax,38.76835,-77.18347
6/20/2023,AQS,510590031,1,0.5,ppm,6,Springfield Near Road Site,24,100,42101,Carbon monoxide,93,47900,"Washington-Arlington-Alexandria, DC-VA-MD-WV",51,Virginia,59,Fairfax,38.76835,-77.18347
6/21/2023,AQS,510590031,1,0.3,ppm,3,Springfield Near Road Site,24,100,42101,Carbon monoxide,93,47900,"Washington-Arlington-Alexandria, DC-VA-MD-WV",51,Virginia,59,Fairfax,38.76835,-77.18347
6/22/2023,AQS,510590031,1,0.4,ppm,5,Springfield Near Road Site,24,100,42101,Carbon monoxide,93,47900,"Washington-Arlington-Alexandria, DC-VA-MD-WV",51,Virginia,59,Fairfax,38.76835,-77.18347
6/23/2023,AQS,510590031,1,0.5,ppm,6,Springfield Near Road Site,24,100,42101,Carbon monoxide,93,47900,"Washington-Arlington-Alexandria, DC-VA-MD-WV",51,Virginia,59,Fairfax,38.76835,-77.18347
6/24/2023,AQS,510590031,1,0.5,ppm,6,Springfield Near Road Site,24,100,42101,Carbon monoxide,93,47900,"Washington-Arlington-Alexandria, DC-VA-MD-WV",51,Virginia,59,Fairfax,38.76835,-77.18347
6/25/2023,AQS,510590031,1,0.4,ppm,5,Springfield Near Road Site,24,100,42101,Carbon monoxide,93,47900,"Washington-Arlington-Alexandria, DC-VA-MD-WV",51,Virginia,59,Fairfax,38.76835,-77.18347
6/26/2023,AQS,510590031,1,0.5,ppm,6,Springfield Near Road Site,24,100,42101,Carbon monoxide,93,47900,"Washington-Arlington-Alexandria, DC-VA-MD-WV",51,Virginia,59,Fairfax,38.76835,-77.18347
6/27/2023,AQS,510590031,1,0.5,ppm,6,Springfield Near Road Site,24,100,42101,Carbon monoxide,93,47900,"Washington-Arlington-Alexandria, DC-VA-MD-WV",51,Virginia,59,Fairfax,38.76835,-77.18347
6/28/2023,AQS,510590031,1,0.9,ppm,10,Springfield Near Road Site,24,100,42101,Carbon monoxide,93,47900,"Washington-Arlington-Alexandria, DC-VA-MD-WV",51,Virginia,59,Fairfax,38.76835,-77.18347
6/29/2023,AQS,510590031,1,1,ppm,11,Springfield Near Road Site,24,100,42101,Carbon monoxide,93,47900,"Washington-Arlington-Alexandria, DC-VA-MD-WV",51,Virginia,59,Fairfax,38.76835,-77.18347
6/30/2023,AQS,510590031,1,0.9,ppm,10,Springfield Near Road Site,24,100,42101,Carbon monoxide,93,47900,"Washington-Arlington-Alexandria, DC-VA-MD-WV",51,Virginia,59,Fairfax,38.76835,-77.18347
7/1/2023,AQS,510590031,1,0.9,ppm,10,Springfield Near Road Site,24,100,42101,Carbon monoxide,93,47900,"Washington-Arlington-Alexandria, DC-VA-MD-WV",51,Virginia,59,Fairfax,38.76835,-77.18347
7/2/2023,AQS,510590031,1,0.5,ppm,6,Springfield Near Road Site,24,100,42101,Carbon monoxide,93,47900,"Washington-Arlington-Alexandria, DC-VA-MD-WV",51,Virginia,59,Fairfax,38.76835,-77.18347
7/3/2023,AQS,510590031,1,0.5,ppm,6,Springfield Near Road Site,24,100,42101,Carbon monoxide,93,47900,"Washington-Arlington-Alexandria, DC-VA-MD-WV",51,Virginia,59,Fairfax,38.76835,-77.18347
7/4/2023,AQS,510590031,1,0.4,ppm,5,Springfield Near Road Site,24,100,42101,Carbon monoxide,93,47900,"Washington-Arlington-Alexandria, DC-VA-MD-WV",51,Virginia,59,Fairfax,38.76835,-77.18347
7/5/2023,AQS,510590031,1,0.5,ppm,6,Springfield Near Road Site,24,100,42101,Carbon monoxide,93,47900,"Washington-Arlington-Alexandria, DC-VA-MD-WV",51,Virginia,59,Fairfax,38.76835,-77.18347
7/6/2023,AQS,510590031,1,0.7,ppm,8,Springfield Near Road Site,18,75,42101,Carbon monoxide,93,47900,"Washington-Arlington-Alexandria, DC-VA-MD-WV",51,Virginia,59,Fairfax,38.76835,-77.18347
7/7/2023,AQS,510590031,1,0.6,ppm,7,Springfield Near Road Site,24,100,42101,Carbon monoxide,93,47900,"Washington-Arlington-Alexandria, DC-VA-MD-WV",51,Virginia,59,Fairfax,38.76835,-77.18347
7/8/2023,AQS,510590031,1,0.5,ppm,6,Springfield Near Road Site,24,100,42101,Carbon monoxide,93,47900,"Washington-Arlington-Alexandria, DC-VA-MD-WV",51,Virginia,59,Fairfax,38.76835,-77.18347
7/9/2023,AQS,510590031,1,0.5,ppm,6,Springfield Near Road Site,24,100,42101,Carbon monoxide,93,47900,"Washington-Arlington-Alexandria, DC-VA-MD-WV",51,Virginia,59,Fairfax,38.76835,-77.18347
7/10/2023,AQS,510590031,1,0.4,ppm,5,Springfield Near Road Site,24,100,42101,Carbon monoxide,93,47900,"Washington-Arlington-Alexandria, DC-VA-MD-WV",51,Virginia,59,Fairfax,38.76835,-77.18347
7/11/2023,AQS,510590031,1,0.3,ppm,3,Springfield Near Road Site,24,100,42101,Carbon monoxide,93,47900,"Washington-Arlington-Alexandria, DC-VA-MD-WV",51,Virginia,59,Fairfax,38.76835,-77.18347
7/12/2023,AQS,510590031,1,0.3,ppm,3,Springfield Near Road Site,24,100,42101,Carbon monoxide,93,47900,"Washington-Arlington-Alexandria, DC-VA-MD-WV",51,Virginia,59,Fairfax,38.76835,-77.18347
7/13/2023,AQS,510590031,1,0.5,ppm,6,Springfield Near Road Site,24,100,42101,Carbon monoxide,93,47900,"Washington-Arlington-Alexandria, DC-VA-MD-WV",51,Virginia,59,Fairfax,38.76835,-77.18347
7/14/2023,AQS,510590031,1,0.4,ppm,5,Springfield Near Road Site,24,100,42101,Carbon monoxide,93,47900,"Washington-Arlington-Alexandria, DC-VA-MD-WV",51,Virginia,59,Fairfax,38.76835,-77.18347
7/15/2023,AQS,510590031,1,0.5,ppm,6,Springfield Near Road Site,24,100,42101,Carbon monoxide,93,47900,"Washington-Arlington-Alexandria, DC-VA-MD-WV",51,Virginia,59,Fairfax,38.76835,-77.18347
7/16/2023,AQS,510590031,1,0.4,ppm,5,Springfield Near Road Site,24,100,42101,Carbon monoxide,93,47900,"Washington-Arlington-Alexandria, DC-VA-MD-WV",51,Virginia,59,Fairfax,38.76835,-77.18347
7/17/2023,AQS,510590031,1,0.6,ppm,7,Springfield Near Road Site,24,100,42101,Carbon monoxide,93,47900,"Washington-Arlington-Alexandria, DC-VA-MD-WV",51,Virginia,59,Fairfax,38.76835,-77.18347
7/18/2023,AQS,510590031,1,0.6,ppm,7,Springfield Near Road Site,24,100,42101,Carbon monoxide,93,47900,"Washington-Arlington-Alexandria, DC-VA-MD-WV",51,Virginia,59,Fairfax,38.76835,-77.18347
7/19/2023,AQS,510590031,1,0.5,ppm,6,Springfield Near Road Site,24,100,42101,Carbon monoxide,93,47900,"Washington-Arlington-Alexandria, DC-VA-MD-WV",51,Virginia,59,Fairfax,38.76835,-77.18347
7/20/2023,AQS,510590031,1,0.6,ppm,7,Springfield Near Road Site,24,100,42101,Carbon monoxide,93,47900,"Washington-Arlington-Alexandria, DC-VA-MD-WV",51,Virginia,59,Fairfax,38.76835,-77.18347
7/21/2023,AQS,510590031,1,0.6,ppm,7,Springfield Near Road Site,24,100,42101,Carbon monoxide,93,47900,"Washington-Arlington-Alexandria, DC-VA-MD-WV",51,Virginia,59,Fairfax,38.76835,-77.18347
7/22/2023,AQS,510590031,1,0.5,ppm,6,Springfield Near Road Site,24,100,42101,Carbon monoxide,93,47900,"Washington-Arlington-Alexandria, DC-VA-MD-WV",51,Virginia,59,Fairfax,38.76835,-77.18347
7/23/2023,AQS,510590031,1,0.5,ppm,6,Springfield Near Road Site,24,100,42101,Carbon monoxide,93,47900,"Washington-Arlington-Alexandria, DC-VA-MD-WV",51,Virginia,59,Fairfax,38.76835,-77.18347
7/24/2023,AQS,510590031,1,0.5,ppm,6,Springfield Near Road Site,24,100,42101,Carbon monoxide,93,47900,"Washington-Arlington-Alexandria, DC-VA-MD-WV",51,Virginia,59,Fairfax,38.76835,-77.18347
7/25/2023,AQS,510590031,1,0.4,ppm,5,Springfield Near Road Site,24,100,42101,Carbon monoxide,93,47900,"Washington-Arlington-Alexandria, DC-VA-MD-WV",51,Virginia,59,Fairfax,38.76835,-77.18347
7/26/2023,AQS,510590031,1,0.6,ppm,7,Springfield Near Road Site,24,100,42101,Carbon monoxide,93,47900,"Washington-Arlington-Alexandria, DC-VA-MD-WV",51,Virginia,59,Fairfax,38.76835,-77.18347
7/27/2023,AQS,510590031,1,0.5,ppm,6,Springfield Near Road Site,24,100,42101,Carbon monoxide,93,47900,"Washington-Arlington-Alexandria, DC-VA-MD-WV",51,Virginia,59,Fairfax,38.76835,-77.18347
7/28/2023,AQS,510590031,1,0.4,ppm,5,Springfield Near Road Site,24,100,42101,Carbon monoxide,93,47900,"Washington-Arlington-Alexandria, DC-VA-MD-WV",51,Virginia,59,Fairfax,38.76835,-77.18347
7/29/2023,AQS,510590031,1,0.3,ppm,3,Springfield Near Road Site,18,75,42101,Carbon monoxide,93,47900,"Washington-Arlington-Alexandria, DC-VA-MD-WV",51,Virginia,59,Fairfax,38.76835,-77.18347
7/30/2023,AQS,510590031,1,0.5,ppm,6,Springfield Near Road Site,24,100,42101,Carbon monoxide,93,47900,"Washington-Arlington-Alexandria, DC-VA-MD-WV",51,Virginia,59,Fairfax,38.76835,-77.18347
7/31/2023,AQS,510590031,1,0.5,ppm,6,Springfield Near Road Site,24,100,42101,Carbon monoxide,93,47900,"Washington-Arlington-Alexandria, DC-VA-MD-WV",51,Virginia,59,Fairfax,38.76835,-77.18347
8/1/2023,AQS,510590031,1,0.5,ppm,6,Springfield Near Road Site,24,100,42101,Carbon monoxide,93,47900,"Washington-Arlington-Alexandria, DC-VA-MD-WV",51,Virginia,59,Fairfax,38.76835,-77.18347
8/2/2023,AQS,510590031,1,0.6,ppm,7,Springfield Near Road Site,24,100,42101,Carbon monoxide,93,47900,"Washington-Arlington-Alexandria, DC-VA-MD-WV",51,Virginia,59,Fairfax,38.76835,-77.18347
8/3/2023,AQS,510590031,1,0.6,ppm,7,Springfield Near Road Site,24,100,42101,Carbon monoxide,93,47900,"Washington-Arlington-Alexandria, DC-VA-MD-WV",51,Virginia,59,Fairfax,38.76835,-77.18347
8/4/2023,AQS,510590031,1,0.7,ppm,8,Springfield Near Road Site,24,100,42101,Carbon monoxide,93,47900,"Washington-Arlington-Alexandria, DC-VA-MD-WV",51,Virginia,59,Fairfax,38.76835,-77.18347
8/5/2023,AQS,510590031,1,0.7,ppm,8,Springfield Near Road Site,24,100,42101,Carbon monoxide,93,47900,"Washington-Arlington-Alexandria, DC-VA-MD-WV",51,Virginia,59,Fairfax,38.76835,-77.18347
8/6/2023,AQS,510590031,1,0.7,ppm,8,Springfield Near Road Site,24,100,42101,Carbon monoxide,93,47900,"Washington-Arlington-Alexandria, DC-VA-MD-WV",51,Virginia,59,Fairfax,38.76835,-77.18347
8/7/2023,AQS,510590031,1,0.5,ppm,6,Springfield Near Road Site,24,100,42101,Carbon monoxide,93,47900,"Washington-Arlington-Alexandria, DC-VA-MD-WV",51,Virginia,59,Fairfax,38.76835,-77.18347
8/8/2023,AQS,510590031,1,0.4,ppm,5,Springfield Near Road Site,24,100,42101,Carbon monoxide,93,47900,"Washington-Arlington-Alexandria, DC-VA-MD-WV",51,Virginia,59,Fairfax,38.76835,-77.18347
8/9/2023,AQS,510590031,1,0.3,ppm,3,Springfield Near Road Site,24,100,42101,Carbon monoxide,93,47900,"Washington-Arlington-Alexandria, DC-VA-MD-WV",51,Virginia,59,Fairfax,38.76835,-77.18347
8/10/2023,AQS,510590031,1,0.5,ppm,6,Springfield Near Road Site,24,100,42101,Carbon monoxide,93,47900,"Washington-Arlington-Alexandria, DC-VA-MD-WV",51,Virginia,59,Fairfax,38.76835,-77.18347
8/11/2023,AQS,510590031,1,0.5,ppm,6,Springfield Near Road Site,24,100,42101,Carbon monoxide,93,47900,"Washington-Arlington-Alexandria, DC-VA-MD-WV",51,Virginia,59,Fairfax,38.76835,-77.18347
8/12/2023,AQS,510590031,1,0.5,ppm,6,Springfield Near Road Site,24,100,42101,Carbon monoxide,93,47900,"Washington-Arlington-Alexandria, DC-VA-MD-WV",51,Virginia,59,Fairfax,38.76835,-77.18347
8/13/2023,AQS,510590031,1,0.4,ppm,5,Springfield Near Road Site,24,100,42101,Carbon monoxide,93,47900,"Washington-Arlington-Alexandria, DC-VA-MD-WV",51,Virginia,59,Fairfax,38.76835,-77.18347
8/14/2023,AQS,510590031,1,0.6,ppm,7,Springfield Near Road Site,24,100,42101,Carbon monoxide,93,47900,"Washington-Arlington-Alexandria, DC-VA-MD-WV",51,Virginia,59,Fairfax,38.76835,-77.18347
8/15/2023,AQS,510590031,1,0.4,ppm,5,Springfield Near Road Site,24,100,42101,Carbon monoxide,93,47900,"Washington-Arlington-Alexandria, DC-VA-MD-WV",51,Virginia,59,Fairfax,38.76835,-77.18347
8/16/2023,AQS,510590031,1,0.4,ppm,5,Springfield Near Road Site,24,100,42101,Carbon monoxide,93,47900,"Washington-Arlington-Alexandria, DC-VA-MD-WV",51,Virginia,59,Fairfax,38.76835,-77.18347
8/17/2023,AQS,510590031,1,0.6,ppm,7,Springfield Near Road Site,24,100,42101,Carbon monoxide,93,47900,"Washington-Arlington-Alexandria, DC-VA-MD-WV",51,Virginia,59,Fairfax,38.76835,-77.18347
8/18/2023,AQS,510590031,1,0.4,ppm,5,Springfield Near Road Site,24,100,42101,Carbon monoxide,93,47900,"Washington-Arlington-Alexandria, DC-VA-MD-WV",51,Virginia,59,Fairfax,38.76835,-77.18347
8/19/2023,AQS,510590031,1,0.4,ppm,5,Springfield Near Road Site,24,100,42101,Carbon monoxide,93,47900,"Washington-Arlington-Alexandria, DC-VA-MD-WV",51,Virginia,59,Fairfax,38.76835,-77.18347
8/20/2023,AQS,510590031,1,0.6,ppm,7,Springfield Near Road Site,24,100,42101,Carbon monoxide,93,47900,"Washington-Arlington-Alexandria, DC-VA-MD-WV",51,Virginia,59,Fairfax,38.76835,-77.18347
8/21/2023,AQS,510590031,1,0.6,ppm,7,Springfield Near Road Site,24,100,42101,Carbon monoxide,93,47900,"Washington-Arlington-Alexandria, DC-VA-MD-WV",51,Virginia,59,Fairfax,38.76835,-77.18347
8/22/2023,AQS,510590031,1,0.5,ppm,6,Springfield Near Road Site,24,100,42101,Carbon monoxide,93,47900,"Washington-Arlington-Alexandria, DC-VA-MD-WV",51,Virginia,59,Fairfax,38.76835,-77.18347
8/23/2023,AQS,510590031,1,0.5,ppm,6,Springfield Near Road Site,24,100,42101,Carbon monoxide,93,47900,"Washington-Arlington-Alexandria, DC-VA-MD-WV",51,Virginia,59,Fairfax,38.76835,-77.18347
8/24/2023,AQS,510590031,1,0.6,ppm,7,Springfield Near Road Site,24,100,42101,Carbon monoxide,93,47900,"Washington-Arlington-Alexandria, DC-VA-MD-WV",51,Virginia,59,Fairfax,38.76835,-77.18347
8/25/2023,AQS,510590031,1,0.5,ppm,6,Springfield Near Road Site,24,100,42101,Carbon monoxide,93,47900,"Washington-Arlington-Alexandria, DC-VA-MD-WV",51,Virginia,59,Fairfax,38.76835,-77.18347
8/26/2023,AQS,510590031,1,0.5,ppm,6,Springfield Near Road Site,24,100,42101,Carbon monoxide,93,47900,"Washington-Arlington-Alexandria, DC-VA-MD-WV",51,Virginia,59,Fairfax,38.76835,-77.18347
8/27/2023,AQS,510590031,1,0.6,ppm,7,Springfield Near Road Site,24,100,42101,Carbon monoxide,93,47900,"Washington-Arlington-Alexandria, DC-VA-MD-WV",51,Virginia,59,Fairfax,38.76835,-77.18347
8/28/2023,AQS,510590031,1,0.5,ppm,6,Springfield Near Road Site,24,100,42101,Carbon monoxide,93,47900,"Washington-Arlington-Alexandria, DC-VA-MD-WV",51,Virginia,59,Fairfax,38.76835,-77.18347
8/29/2023,AQS,510590031,1,0.5,ppm,6,Springfield Near Road Site,24,100,42101,Carbon monoxide,93,47900,"Washington-Arlington-Alexandria, DC-VA-MD-WV",51,Virginia,59,Fairfax,38.76835,-77.18347
8/30/2023,AQS,510590031,1,0.5,ppm,6,Springfield Near Road Site,24,100,42101,Carbon monoxide,93,47900,"Washington-Arlington-Alexandria, DC-VA-MD-WV",51,Virginia,59,Fairfax,38.76835,-77.18347
8/31/2023,AQS,510590031,1,0.3,ppm,3,Springfield Near Road Site,24,100,42101,Carbon monoxide,93,47900,"Washington-Arlington-Alexandria, DC-VA-MD-WV",51,Virginia,59,Fairfax,38.76835,-77.18347
9/1/2023,AQS,510590031,1,0.5,ppm,6,Springfield Near Road Site,24,100,42101,Carbon monoxide,93,47900,"Washington-Arlington-Alexandria, DC-VA-MD-WV",51,Virginia,59,Fairfax,38.76835,-77.18347
9/2/2023,AQS,510590031,1,0.5,ppm,6,Springfield Near Road Site,24,100,42101,Carbon monoxide,93,47900,"Washington-Arlington-Alexandria, DC-VA-MD-WV",51,Virginia,59,Fairfax,38.76835,-77.18347
9/3/2023,AQS,510590031,1,0.5,ppm,6,Springfield Near Road Site,24,100,42101,Carbon monoxide,93,47900,"Washington-Arlington-Alexandria, DC-VA-MD-WV",51,Virginia,59,Fairfax,38.76835,-77.18347
9/4/2023,AQS,510590031,1,0.4,ppm,5,Springfield Near Road Site,24,100,42101,Carbon monoxide,93,47900,"Washington-Arlington-Alexandria, DC-VA-MD-WV",51,Virginia,59,Fairfax,38.76835,-77.18347
9/5/2023,AQS,510590031,1,0.5,ppm,6,Springfield Near Road Site,24,100,42101,Carbon monoxide,93,47900,"Washington-Arlington-Alexandria, DC-VA-MD-WV",51,Virginia,59,Fairfax,38.76835,-77.18347
9/6/2023,AQS,510590031,1,0.5,ppm,6,Springfield Near Road Site,24,100,42101,Carbon monoxide,93,47900,"Washington-Arlington-Alexandria, DC-VA-MD-WV",51,Virginia,59,Fairfax,38.76835,-77.18347
9/7/2023,AQS,510590031,1,0.7,ppm,8,Springfield Near Road Site,24,100,42101,Carbon monoxide,93,47900,"Washington-Arlington-Alexandria, DC-VA-MD-WV",51,Virginia,59,Fairfax,38.76835,-77.18347
9/8/2023,AQS,510590031,1,0.5,ppm,6,Springfield Near Road Site,24,100,42101,Carbon monoxide,93,47900,"Washington-Arlington-Alexandria, DC-VA-MD-WV",51,Virginia,59,Fairfax,38.76835,-77.18347
9/9/2023,AQS,510590031,1,0.5,ppm,6,Springfield Near Road Site,24,100,42101,Carbon monoxide,93,47900,"Washington-Arlington-Alexandria, DC-VA-MD-WV",51,Virginia,59,Fairfax,38.76835,-77.18347
9/10/2023,AQS,510590031,1,0.5,ppm,6,Springfield Near Road Site,24,100,42101,Carbon monoxide,93,47900,"Washington-Arlington-Alexandria, DC-VA-MD-WV",51,Virginia,59,Fairfax,38.76835,-77.18347
9/11/2023,AQS,510590031,1,0.5,ppm,6,Springfield Near Road Site,24,100,42101,Carbon monoxide,93,47900,"Washington-Arlington-Alexandria, DC-VA-MD-WV",51,Virginia,59,Fairfax,38.76835,-77.18347
9/12/2023,AQS,510590031,1,0.6,ppm,7,Springfield Near Road Site,24,100,42101,Carbon monoxide,93,47900,"Washington-Arlington-Alexandria, DC-VA-MD-WV",51,Virginia,59,Fairfax,38.76835,-77.18347
9/13/2023,AQS,510590031,1,0.4,ppm,5,Springfield Near Road Site,24,100,42101,Carbon monoxide,93,47900,"Washington-Arlington-Alexandria, DC-VA-MD-WV",51,Virginia,59,Fairfax,38.76835,-77.18347
9/14/2023,AQS,510590031,1,0.3,ppm,3,Springfield Near Road Site,24,100,42101,Carbon monoxide,93,47900,"Washington-Arlington-Alexandria, DC-VA-MD-WV",51,Virginia,59,Fairfax,38.76835,-77.18347
9/15/2023,AQS,510590031,1,0.3,ppm,3,Springfield Near Road Site,24,100,42101,Carbon monoxide,93,47900,"Washington-Arlington-Alexandria, DC-VA-MD-WV",51,Virginia,59,Fairfax,38.76835,-77.18347
9/16/2023,AQS,510590031,1,0.4,ppm,5,Springfield Near Road Site,24,100,42101,Carbon monoxide,93,47900,"Washington-Arlington-Alexandria, DC-VA-MD-WV",51,Virginia,59,Fairfax,38.76835,-77.18347
9/17/2023,AQS,510590031,1,0.5,ppm,6,Springfield Near Road Site,24,100,42101,Carbon monoxide,93,47900,"Washington-Arlington-Alexandria, DC-VA-MD-WV",51,Virginia,59,Fairfax,38.76835,-77.18347
9/18/2023,AQS,510590031,1,0.3,ppm,3,Springfield Near Road Site,21,88,42101,Carbon monoxide,93,47900,"Washington-Arlington-Alexandria, DC-VA-MD-WV",51,Virginia,59,Fairfax,38.76835,-77.18347
9/19/2023,AQS,510590031,1,0.4,ppm,5,Springfield Near Road Site,24,100,42101,Carbon monoxide,93,47900,"Washington-Arlington-Alexandria, DC-VA-MD-WV",51,Virginia,59,Fairfax,38.76835,-77.18347
9/20/2023,AQS,510590031,1,0.5,ppm,6,Springfield Near Road Site,24,100,42101,Carbon monoxide,93,47900,"Washington-Arlington-Alexandria, DC-VA-MD-WV",51,Virginia,59,Fairfax,38.76835,-77.18347
9/21/2023,AQS,510590031,1,0.6,ppm,7,Springfield Near Road Site,24,100,42101,Carbon monoxide,93,47900,"Washington-Arlington-Alexandria, DC-VA-MD-WV",51,Virginia,59,Fairfax,38.76835,-77.18347
9/22/2023,AQS,510590031,1,0.5,ppm,6,Springfield Near Road Site,24,100,42101,Carbon monoxide,93,47900,"Washington-Arlington-Alexandria, DC-VA-MD-WV",51,Virginia,59,Fairfax,38.76835,-77.18347
9/23/2023,AQS,510590031,1,0.3,ppm,3,Springfield Near Road Site,24,100,42101,Carbon monoxide,93,47900,"Washington-Arlington-Alexandria, DC-VA-MD-WV",51,Virginia,59,Fairfax,38.76835,-77.18347
9/24/2023,AQS,510590031,1,0.4,ppm,5,Springfield Near Road Site,24,100,42101,Carbon monoxide,93,47900,"Washington-Arlington-Alexandria, DC-VA-MD-WV",51,Virginia,59,Fairfax,38.76835,-77.18347
9/25/2023,AQS,510590031,1,0.4,ppm,5,Springfield Near Road Site,24,100,42101,Carbon monoxide,93,47900,"Washington-Arlington-Alexandria, DC-VA-MD-WV",51,Virginia,59,Fairfax,38.76835,-77.18347
9/26/2023,AQS,510590031,1,0.5,ppm,6,Springfield Near Road Site,24,100,42101,Carbon monoxide,93,47900,"Washington-Arlington-Alexandria, DC-VA-MD-WV",51,Virginia,59,Fairfax,38.76835,-77.18347
9/27/2023,AQS,510590031,1,0.5,ppm,6,Springfield Near Road Site,24,100,42101,Carbon monoxide,93,47900,"Washington-Arlington-Alexandria, DC-VA-MD-WV",51,Virginia,59,Fairfax,38.76835,-77.18347
9/28/2023,AQS,510590031,1,0.5,ppm,6,Springfield Near Road Site,24,100,42101,Carbon monoxide,93,47900,"Washington-Arlington-Alexandria, DC-VA-MD-WV",51,Virginia,59,Fairfax,38.76835,-77.18347
9/29/2023,AQS,510590031,1,0.4,ppm,5,Springfield Near Road Site,24,100,42101,Carbon monoxide,93,47900,"Washington-Arlington-Alexandria, DC-VA-MD-WV",51,Virginia,59,Fairfax,38.76835,-77.18347
9/30/2023,AQS,510590031,1,0.5,ppm,6,Springfield Near Road Site,24,100,42101,Carbon monoxide,93,47900,"Washington-Arlington-Alexandria, DC-VA-MD-WV",51,Virginia,59,Fairfax,38.76835,-77.18347
10/1/2023,AQS,510590031,1,0.5,ppm,6,Springfield Near Road Site,24,100,42101,Carbon monoxide,93,47900,"Washington-Arlington-Alexandria, DC-VA-MD-WV",51,Virginia,59,Fairfax,38.76835,-77.18347
10/2/2023,AQS,510590031,1,0.4,ppm,5,Springfield Near Road Site,24,100,42101,Carbon monoxide,93,47900,"Washington-Arlington-Alexandria, DC-VA-MD-WV",51,Virginia,59,Fairfax,38.76835,-77.18347
10/3/2023,AQS,510590031,1,0.6,ppm,7,Springfield Near Road Site,24,100,42101,Carbon monoxide,93,47900,"Washington-Arlington-Alexandria, DC-VA-MD-WV",51,Virginia,59,Fairfax,38.76835,-77.18347
10/4/2023,AQS,510590031,1,0.6,ppm,7,Springfield Near Road Site,24,100,42101,Carbon monoxide,93,47900,"Washington-Arlington-Alexandria, DC-VA-MD-WV",51,Virginia,59,Fairfax,38.76835,-77.18347
10/5/2023,AQS,510590031,1,0.7,ppm,8,Springfield Near Road Site,24,100,42101,Carbon monoxide,93,47900,"Washington-Arlington-Alexandria, DC-VA-MD-WV",51,Virginia,59,Fairfax,38.76835,-77.18347
10/6/2023,AQS,510590031,1,0.6,ppm,7,Springfield Near Road Site,24,100,42101,Carbon monoxide,93,47900,"Washington-Arlington-Alexandria, DC-VA-MD-WV",51,Virginia,59,Fairfax,38.76835,-77.18347
10/7/2023,AQS,510590031,1,0.5,ppm,6,Springfield Near Road Site,24,100,42101,Carbon monoxide,93,47900,"Washington-Arlington-Alexandria, DC-VA-MD-WV",51,Virginia,59,Fairfax,38.76835,-77.18347
10/8/2023,AQS,510590031,1,0.2,ppm,2,Springfield Near Road Site,24,100,42101,Carbon monoxide,93,47900,"Washington-Arlington-Alexandria, DC-VA-MD-WV",51,Virginia,59,Fairfax,38.76835,-77.18347
10/9/2023,AQS,510590031,1,0.3,ppm,3,Springfield Near Road Site,24,100,42101,Carbon monoxide,93,47900,"Washington-Arlington-Alexandria, DC-VA-MD-WV",51,Virginia,59,Fairfax,38.76835,-77.18347
10/10/2023,AQS,510590031,1,0.6,ppm,7,Springfield Near Road Site,24,100,42101,Carbon monoxide,93,47900,"Washington-Arlington-Alexandria, DC-VA-MD-WV",51,Virginia,59,Fairfax,38.76835,-77.18347
10/11/2023,AQS,510590031,1,0.6,ppm,7,Springfield Near Road Site,24,100,42101,Carbon monoxide,93,47900,"Washington-Arlington-Alexandria, DC-VA-MD-WV",51,Virginia,59,Fairfax,38.76835,-77.18347
10/12/2023,AQS,510590031,1,0.6,ppm,7,Springfield Near Road Site,24,100,42101,Carbon monoxide,93,47900,"Washington-Arlington-Alexandria, DC-VA-MD-WV",51,Virginia,59,Fairfax,38.76835,-77.18347
10/13/2023,AQS,510590031,1,0.5,ppm,6,Springfield Near Road Site,24,100,42101,Carbon monoxide,93,47900,"Washington-Arlington-Alexandria, DC-VA-MD-WV",51,Virginia,59,Fairfax,38.76835,-77.18347
10/14/2023,AQS,510590031,1,0.5,ppm,6,Springfield Near Road Site,24,100,42101,Carbon monoxide,93,47900,"Washington-Arlington-Alexandria, DC-VA-MD-WV",51,Virginia,59,Fairfax,38.76835,-77.18347
10/15/2023,AQS,510590031,1,0.4,ppm,5,Springfield Near Road Site,24,100,42101,Carbon monoxide,93,47900,"Washington-Arlington-Alexandria, DC-VA-MD-WV",51,Virginia,59,Fairfax,38.76835,-77.18347
10/16/2023,AQS,510590031,1,0.2,ppm,2,Springfield Near Road Site,24,100,42101,Carbon monoxide,93,47900,"Washington-Arlington-Alexandria, DC-VA-MD-WV",51,Virginia,59,Fairfax,38.76835,-77.18347
10/17/2023,AQS,510590031,1,0.2,ppm,2,Springfield Near Road Site,18,75,42101,Carbon monoxide,93,47900,"Washington-Arlington-Alexandria, DC-VA-MD-WV",51,Virginia,59,Fairfax,38.76835,-77.18347
10/18/2023,AQS,510590031,1,0.3,ppm,3,Springfield Near Road Site,24,100,42101,Carbon monoxide,93,47900,"Washington-Arlington-Alexandria, DC-VA-MD-WV",51,Virginia,59,Fairfax,38.76835,-77.18347
10/19/2023,AQS,510590031,1,0.4,ppm,5,Springfield Near Road Site,24,100,42101,Carbon monoxide,93,47900,"Washington-Arlington-Alexandria, DC-VA-MD-WV",51,Virginia,59,Fairfax,38.76835,-77.18347
10/20/2023,AQS,510590031,1,0.3,ppm,3,Springfield Near Road Site,24,100,42101,Carbon monoxide,93,47900,"Washington-Arlington-Alexandria, DC-VA-MD-WV",51,Virginia,59,Fairfax,38.76835,-77.18347
10/21/2023,AQS,510590031,1,0.2,ppm,2,Springfield Near Road Site,24,100,42101,Carbon monoxide,93,47900,"Washington-Arlington-Alexandria, DC-VA-MD-WV",51,Virginia,59,Fairfax,38.76835,-77.18347
10/22/2023,AQS,510590031,1,0.2,ppm,2,Springfield Near Road Site,24,100,42101,Carbon monoxide,93,47900,"Washington-Arlington-Alexandria, DC-VA-MD-WV",51,Virginia,59,Fairfax,38.76835,-77.18347
10/23/2023,AQS,510590031,1,0.4,ppm,5,Springfield Near Road Site,24,100,42101,Carbon monoxide,93,47900,"Washington-Arlington-Alexandria, DC-VA-MD-WV",51,Virginia,59,Fairfax,38.76835,-77.18347
10/24/2023,AQS,510590031,1,0.6,ppm,7,Springfield Near Road Site,24,100,42101,Carbon monoxide,93,47900,"Washington-Arlington-Alexandria, DC-VA-MD-WV",51,Virginia,59,Fairfax,38.76835,-77.18347
10/25/2023,AQS,510590031,1,0.5,ppm,6,Springfield Near Road Site,24,100,42101,Carbon monoxide,93,47900,"Washington-Arlington-Alexandria, DC-VA-MD-WV",51,Virginia,59,Fairfax,38.76835,-77.18347
10/26/2023,AQS,510590031,1,0.6,ppm,7,Springfield Near Road Site,24,100,42101,Carbon monoxide,93,47900,"Washington-Arlington-Alexandria, DC-VA-MD-WV",51,Virginia,59,Fairfax,38.76835,-77.18347
10/27/2023,AQS,510590031,1,0.6,ppm,7,Springfield Near Road Site,24,100,42101,Carbon monoxide,93,47900,"Washington-Arlington-Alexandria, DC-VA-MD-WV",51,Virginia,59,Fairfax,38.76835,-77.18347
10/28/2023,AQS,510590031,1,0.6,ppm,7,Springfield Near Road Site,24,100,42101,Carbon monoxide,93,47900,"Washington-Arlington-Alexandria, DC-VA-MD-WV",51,Virginia,59,Fairfax,38.76835,-77.18347
10/29/2023,AQS,510590031,1,0.5,ppm,6,Springfield Near Road Site,24,100,42101,Carbon monoxide,93,47900,"Washington-Arlington-Alexandria, DC-VA-MD-WV",51,Virginia,59,Fairfax,38.76835,-77.18347
10/30/2023,AQS,510590031,1,0.5,ppm,6,Springfield Near Road Site,24,100,42101,Carbon monoxide,93,47900,"Washington-Arlington-Alexandria, DC-VA-MD-WV",51,Virginia,59,Fairfax,38.76835,-77.18347
10/31/2023,AQS,510590031,1,0.3,ppm,3,Springfield Near Road Site,24,100,42101,Carbon monoxide,93,47900,"Washington-Arlington-Alexandria, DC-VA-MD-WV",51,Virginia,59,Fairfax,38.76835,-77.18347
11/1/2023,AQS,510590031,1,0.3,ppm,3,Springfield Near Road Site,24,100,42101,Carbon monoxide,93,47900,"Washington-Arlington-Alexandria, DC-VA-MD-WV",51,Virginia,59,Fairfax,38.76835,-77.18347
11/2/2023,AQS,510590031,1,0.4,ppm,5,Springfield Near Road Site,24,100,42101,Carbon monoxide,93,47900,"Washington-Arlington-Alexandria, DC-VA-MD-WV",51,Virginia,59,Fairfax,38.76835,-77.18347
11/3/2023,AQS,510590031,1,0.5,ppm,6,Springfield Near Road Site,24,100,42101,Carbon monoxide,93,47900,"Washington-Arlington-Alexandria, DC-VA-MD-WV",51,Virginia,59,Fairfax,38.76835,-77.18347
11/4/2023,AQS,510590031,1,0.6,ppm,7,Springfield Near Road Site,24,100,42101,Carbon monoxide,93,47900,"Washington-Arlington-Alexandria, DC-VA-MD-WV",51,Virginia,59,Fairfax,38.76835,-77.18347
11/5/2023,AQS,510590031,1,0.6,ppm,7,Springfield Near Road Site,24,100,42101,Carbon monoxide,93,47900,"Washington-Arlington-Alexandria, DC-VA-MD-WV",51,Virginia,59,Fairfax,38.76835,-77.18347
11/6/2023,AQS,510590031,1,0.5,ppm,6,Springfield Near Road Site,24,100,42101,Carbon monoxide,93,47900,"Washington-Arlington-Alexandria, DC-VA-MD-WV",51,Virginia,59,Fairfax,38.76835,-77.18347
11/7/2023,AQS,510590031,1,0.4,ppm,5,Springfield Near Road Site,24,100,42101,Carbon monoxide,93,47900,"Washington-Arlington-Alexandria, DC-VA-MD-WV",51,Virginia,59,Fairfax,38.76835,-77.18347
11/8/2023,AQS,510590031,1,0.4,ppm,5,Springfield Near Road Site,24,100,42101,Carbon monoxide,93,47900,"Washington-Arlington-Alexandria, DC-VA-MD-WV",51,Virginia,59,Fairfax,38.76835,-77.18347
11/9/2023,AQS,510590031,1,0.5,ppm,6,Springfield Near Road Site,24,100,42101,Carbon monoxide,93,47900,"Washington-Arlington-Alexandria, DC-VA-MD-WV",51,Virginia,59,Fairfax,38.76835,-77.18347
11/10/2023,AQS,510590031,1,0.3,ppm,3,Springfield Near Road Site,24,100,42101,Carbon monoxide,93,47900,"Washington-Arlington-Alexandria, DC-VA-MD-WV",51,Virginia,59,Fairfax,38.76835,-77.18347
11/11/2023,AQS,510590031,1,0.6,ppm,7,Springfield Near Road Site,24,100,42101,Carbon monoxide,93,47900,"Washington-Arlington-Alexandria, DC-VA-MD-WV",51,Virginia,59,Fairfax,38.76835,-77.18347
11/12/2023,AQS,510590031,1,0.7,ppm,8,Springfield Near Road Site,24,100,42101,Carbon monoxide,93,47900,"Washington-Arlington-Alexandria, DC-VA-MD-WV",51,Virginia,59,Fairfax,38.76835,-77.18347
11/13/2023,AQS,510590031,1,0.6,ppm,7,Springfield Near Road Site,24,100,42101,Carbon monoxide,93,47900,"Washington-Arlington-Alexandria, DC-VA-MD-WV",51,Virginia,59,Fairfax,38.76835,-77.18347
11/14/2023,AQS,510590031,1,0.5,ppm,6,Springfield Near Road Site,24,100,42101,Carbon monoxide,93,47900,"Washington-Arlington-Alexandria, DC-VA-MD-WV",51,Virginia,59,Fairfax,38.76835,-77.18347
11/15/2023,AQS,510590031,1,0.8,ppm,9,Springfield Near Road Site,24,100,42101,Carbon monoxide,93,47900,"Washington-Arlington-Alexandria, DC-VA-MD-WV",51,Virginia,59,Fairfax,38.76835,-77.18347
11/16/2023,AQS,510590031,1,0.7,ppm,8,Springfield Near Road Site,24,100,42101,Carbon monoxide,93,47900,"Washington-Arlington-Alexandria, DC-VA-MD-WV",51,Virginia,59,Fairfax,38.76835,-77.18347
11/17/2023,AQS,510590031,1,0.7,ppm,8,Springfield Near Road Site,24,100,42101,Carbon monoxide,93,47900,"Washington-Arlington-Alexandria, DC-VA-MD-WV",51,Virginia,59,Fairfax,38.76835,-77.18347
11/18/2023,AQS,510590031,1,0.4,ppm,5,Springfield Near Road Site,24,100,42101,Carbon monoxide,93,47900,"Washington-Arlington-Alexandria, DC-VA-MD-WV",51,Virginia,59,Fairfax,38.76835,-77.18347
11/19/2023,AQS,510590031,1,0.5,ppm,6,Springfield Near Road Site,24,100,42101,Carbon monoxide,93,47900,"Washington-Arlington-Alexandria, DC-VA-MD-WV",51,Virginia,59,Fairfax,38.76835,-77.18347
11/20/2023,AQS,510590031,1,0.5,ppm,6,Springfield Near Road Site,24,100,42101,Carbon monoxide,93,47900,"Washington-Arlington-Alexandria, DC-VA-MD-WV",51,Virginia,59,Fairfax,38.76835,-77.18347
11/21/2023,AQS,510590031,1,0.4,ppm,5,Springfield Near Road Site,24,100,42101,Carbon monoxide,93,47900,"Washington-Arlington-Alexandria, DC-VA-MD-WV",51,Virginia,59,Fairfax,38.76835,-77.18347
11/22/2023,AQS,510590031,1,0.3,ppm,3,Springfield Near Road Site,24,100,42101,Carbon monoxide,93,47900,"Washington-Arlington-Alexandria, DC-VA-MD-WV",51,Virginia,59,Fairfax,38.76835,-77.18347
11/23/2023,AQS,510590031,1,0.5,ppm,6,Springfield Near Road Site,24,100,42101,Carbon monoxide,93,47900,"Washington-Arlington-Alexandria, DC-VA-MD-WV",51,Virginia,59,Fairfax,38.76835,-77.18347
11/24/2023,AQS,510590031,1,0.6,ppm,7,Springfield Near Road Site,24,100,42101,Carbon monoxide,93,47900,"Washington-Arlington-Alexandria, DC-VA-MD-WV",51,Virginia,59,Fairfax,38.76835,-77.18347
11/25/2023,AQS,510590031,1,0.6,ppm,7,Springfield Near Road Site,24,100,42101,Carbon monoxide,93,47900,"Washington-Arlington-Alexandria, DC-VA-MD-WV",51,Virginia,59,Fairfax,38.76835,-77.18347
11/26/2023,AQS,510590031,1,0.7,ppm,8,Springfield Near Road Site,24,100,42101,Carbon monoxide,93,47900,"Washington-Arlington-Alexandria, DC-VA-MD-WV",51,Virginia,59,Fairfax,38.76835,-77.18347
11/27/2023,AQS,510590031,1,0.4,ppm,5,Springfield Near Road Site,24,100,42101,Carbon monoxide,93,47900,"Washington-Arlington-Alexandria, DC-VA-MD-WV",51,Virginia,59,Fairfax,38.76835,-77.18347
11/28/2023,AQS,510590031,1,0.2,ppm,2,Springfield Near Road Site,24,100,42101,Carbon monoxide,93,47900,"Washington-Arlington-Alexandria, DC-VA-MD-WV",51,Virginia,59,Fairfax,38.76835,-77.18347
11/29/2023,AQS,510590031,1,0.3,ppm,3,Springfield Near Road Site,24,100,42101,Carbon monoxide,93,47900,"Washington-Arlington-Alexandria, DC-VA-MD-WV",51,Virginia,59,Fairfax,38.76835,-77.18347
11/30/2023,AQS,510590031,1,0.5,ppm,6,Springfield Near Road Site,24,100,42101,Carbon monoxide,93,47900,"Washington-Arlington-Alexandria, DC-VA-MD-WV",51,Virginia,59,Fairfax,38.76835,-77.18347
12/1/2023,AQS,510590031,1,0.5,ppm,6,Springfield Near Road Site,24,100,42101,Carbon monoxide,93,47900,"Washington-Arlington-Alexandria, DC-VA-MD-WV",51,Virginia,59,Fairfax,38.76835,-77.18347
12/2/2023,AQS,510590031,1,0.6,ppm,7,Springfield Near Road Site,24,100,42101,Carbon monoxide,93,47900,"Washington-Arlington-Alexandria, DC-VA-MD-WV",51,Virginia,59,Fairfax,38.76835,-77.18347
12/3/2023,AQS,510590031,1,0.6,ppm,7,Springfield Near Road Site,24,100,42101,Carbon monoxide,93,47900,"Washington-Arlington-Alexandria, DC-VA-MD-WV",51,Virginia,59,Fairfax,38.76835,-77.18347
12/4/2023,AQS,510590031,1,0.5,ppm,6,Springfield Near Road Site,24,100,42101,Carbon monoxide,93,47900,"Washington-Arlington-Alexandria, DC-VA-MD-WV",51,Virginia,59,Fairfax,38.76835,-77.18347
12/5/2023,AQS,510590031,1,0.4,ppm,5,Springfield Near Road Site,24,100,42101,Carbon monoxide,93,47900,"Washington-Arlington-Alexandria, DC-VA-MD-WV",51,Virginia,59,Fairfax,38.76835,-77.18347
12/6/2023,AQS,510590031,1,0.4,ppm,5,Springfield Near Road Site,24,100,42101,Carbon monoxide,93,47900,"Washington-Arlington-Alexandria, DC-VA-MD-WV",51,Virginia,59,Fairfax,38.76835,-77.18347
12/7/2023,AQS,510590031,1,0.4,ppm,5,Springfield Near Road Site,24,100,42101,Carbon monoxide,93,47900,"Washington-Arlington-Alexandria, DC-VA-MD-WV",51,Virginia,59,Fairfax,38.76835,-77.18347
12/8/2023,AQS,510590031,1,0.8,ppm,9,Springfield Near Road Site,24,100,42101,Carbon monoxide,93,47900,"Washington-Arlington-Alexandria, DC-VA-MD-WV",51,Virginia,59,Fairfax,38.76835,-77.18347
12/9/2023,AQS,510590031,1,0.7,ppm,8,Springfield Near Road Site,24,100,42101,Carbon monoxide,93,47900,"Washington-Arlington-Alexandria, DC-VA-MD-WV",51,Virginia,59,Fairfax,38.76835,-77.18347
12/10/2023,AQS,510590031,1,0.7,ppm,8,Springfield Near Road Site,24,100,42101,Carbon monoxide,93,47900,"Washington-Arlington-Alexandria, DC-VA-MD-WV",51,Virginia,59,Fairfax,38.76835,-77.18347
12/11/2023,AQS,510590031,1,0.3,ppm,3,Springfield Near Road Site,24,100,42101,Carbon monoxide,93,47900,"Washington-Arlington-Alexandria, DC-VA-MD-WV",51,Virginia,59,Fairfax,38.76835,-77.18347
12/12/2023,AQS,510590031,1,0.4,ppm,5,Springfield Near Road Site,24,100,42101,Carbon monoxide,93,47900,"Washington-Arlington-Alexandria, DC-VA-MD-WV",51,Virginia,59,Fairfax,38.76835,-77.18347
12/13/2023,AQS,510590031,1,0.4,ppm,5,Springfield Near Road Site,24,100,42101,Carbon monoxide,93,47900,"Washington-Arlington-Alexandria, DC-VA-MD-WV",51,Virginia,59,Fairfax,38.76835,-77.18347
12/14/2023,AQS,510590031,1,0.5,ppm,6,Springfield Near Road Site,24,100,42101,Carbon monoxide,93,47900,"Washington-Arlington-Alexandria, DC-VA-MD-WV",51,Virginia,59,Fairfax,38.76835,-77.18347
12/15/2023,AQS,510590031,1,0.7,ppm,8,Springfield Near Road Site,24,100,42101,Carbon monoxide,93,47900,"Washington-Arlington-Alexandria, DC-VA-MD-WV",51,Virginia,59,Fairfax,38.76835,-77.18347
12/16/2023,AQS,510590031,1,0.7,ppm,8,Springfield Near Road Site,24,100,42101,Carbon monoxide,93,47900,"Washington-Arlington-Alexandria, DC-VA-MD-WV",51,Virginia,59,Fairfax,38.76835,-77.18347
12/17/2023,AQS,510590031,1,0.6,ppm,7,Springfield Near Road Site,24,100,42101,Carbon monoxide,93,47900,"Washington-Arlington-Alexandria, DC-VA-MD-WV",51,Virginia,59,Fairfax,38.76835,-77.18347
12/18/2023,AQS,510590031,1,0.4,ppm,5,Springfield Near Road Site,24,100,42101,Carbon monoxide,93,47900,"Washington-Arlington-Alexandria, DC-VA-MD-WV",51,Virginia,59,Fairfax,38.76835,-77.18347
12/19/2023,AQS,510590031,1,0.2,ppm,2,Springfield Near Road Site,24,100,42101,Carbon monoxide,93,47900,"Washington-Arlington-Alexandria, DC-VA-MD-WV",51,Virginia,59,Fairfax,38.76835,-77.18347
12/20/2023,AQS,510590031,1,0.5,ppm,6,Springfield Near Road Site,24,100,42101,Carbon monoxide,93,47900,"Washington-Arlington-Alexandria, DC-VA-MD-WV",51,Virginia,59,Fairfax,38.76835,-77.18347
12/21/2023,AQS,510590031,1,0.6,ppm,7,Springfield Near Road Site,24,100,42101,Carbon monoxide,93,47900,"Washington-Arlington-Alexandria, DC-VA-MD-WV",51,Virginia,59,Fairfax,38.76835,-77.18347
12/22/2023,AQS,510590031,1,0.5,ppm,6,Springfield Near Road Site,24,100,42101,Carbon monoxide,93,47900,"Washington-Arlington-Alexandria, DC-VA-MD-WV",51,Virginia,59,Fairfax,38.76835,-77.18347
12/23/2023,AQS,510590031,1,0.6,ppm,7,Springfield Near Road Site,24,100,42101,Carbon monoxide,93,47900,"Washington-Arlington-Alexandria, DC-VA-MD-WV",51,Virginia,59,Fairfax,38.76835,-77.18347
12/24/2023,AQS,510590031,1,0.7,ppm,8,Springfield Near Road Site,24,100,42101,Carbon monoxide,93,47900,"Washington-Arlington-Alexandria, DC-VA-MD-WV",51,Virginia,59,Fairfax,38.76835,-77.18347
12/25/2023,AQS,510590031,1,0.7,ppm,8,Springfield Near Road Site,24,100,42101,Carbon monoxide,93,47900,"Washington-Arlington-Alexandria, DC-VA-MD-WV",51,Virginia,59,Fairfax,38.76835,-77.18347
12/26/2023,AQS,510590031,1,0.5,ppm,6,Springfield Near Road Site,24,100,42101,Carbon monoxide,93,47900,"Washington-Arlington-Alexandria, DC-VA-MD-WV",51,Virginia,59,Fairfax,38.76835,-77.18347
12/27/2023,AQS,510590031,1,0.5,ppm,6,Springfield Near Road Site,24,100,42101,Carbon monoxide,93,47900,"Washington-Arlington-Alexandria, DC-VA-MD-WV",51,Virginia,59,Fairfax,38.76835,-77.18347
12/28/2023,AQS,510590031,1,0.4,ppm,5,Springfield Near Road Site,24,100,42101,Carbon monoxide,93,47900,"Washington-Arlington-Alexandria, DC-VA-MD-WV",51,Virginia,59,Fairfax,38.76835,-77.18347
12/29/2023,AQS,510590031,1,0.3,ppm,3,Springfield Near Road Site,24,100,42101,Carbon monoxide,93,47900,"Washington-Arlington-Alexandria, DC-VA-MD-WV",51,Virginia,59,Fairfax,38.76835,-77.18347
12/30/2023,AQS,510590031,1,0.2,ppm,2,Springfield Near Road Site,24,100,42101,Carbon monoxide,93,47900,"Washington-Arlington-Alexandria, DC-VA-MD-WV",51,Virginia,59,Fairfax,38.76835,-77.18347
12/31/2023,AQS,510590031,1,0.4,ppm,5,Springfield Near Road Site,24,100,42101,Carbon monoxide,93,47900,"Washington-Arlington-Alexandria, DC-VA-MD-WV",51,Virginia,59,Fairfax,38.76835,-77.18347
1/3/2023,AQS,510870014,1,0.2,ppm,2,MathScience Innovation Center,8,33,42101,Carbon monoxide,554,40060,"Richmond, VA",51,Virginia,87,Henrico,37.55652,-77.40027
1/4/2023,AQS,510870014,1,0.2,ppm,2,MathScience Innovation Center,24,100,42101,Carbon monoxide,554,40060,"Richmond, VA",51,Virginia,87,Henrico,37.55652,-77.40027
1/5/2023,AQS,510870014,1,0.4,ppm,5,MathScience Innovation Center,24,100,42101,Carbon monoxide,554,40060,"Richmond, VA",51,Virginia,87,Henrico,37.55652,-77.40027
1/6/2023,AQS,510870014,1,0.4,ppm,5,MathScience Innovation Center,24,100,42101,Carbon monoxide,554,40060,"Richmond, VA",51,Virginia,87,Henrico,37.55652,-77.40027
1/7/2023,AQS,510870014,1,0.4,ppm,5,MathScience Innovation Center,24,100,42101,Carbon monoxide,554,40060,"Richmond, VA",51,Virginia,87,Henrico,37.55652,-77.40027
1/8/2023,AQS,510870014,1,0.2,ppm,2,MathScience Innovation Center,24,100,42101,Carbon monoxide,554,40060,"Richmond, VA",51,Virginia,87,Henrico,37.55652,-77.40027
1/9/2023,AQS,510870014,1,0.3,ppm,3,MathScience Innovation Center,23,96,42101,Carbon monoxide,554,40060,"Richmond, VA",51,Virginia,87,Henrico,37.55652,-77.40027
1/10/2023,AQS,510870014,1,0.5,ppm,6,MathScience Innovation Center,24,100,42101,Carbon monoxide,554,40060,"Richmond, VA",51,Virginia,87,Henrico,37.55652,-77.40027
1/11/2023,AQS,510870014,1,0.4,ppm,5,MathScience Innovation Center,16,67,42101,Carbon monoxide,554,40060,"Richmond, VA",51,Virginia,87,Henrico,37.55652,-77.40027
1/12/2023,AQS,510870014,1,0.3,ppm,3,MathScience Innovation Center,23,96,42101,Carbon monoxide,554,40060,"Richmond, VA",51,Virginia,87,Henrico,37.55652,-77.40027
1/13/2023,AQS,510870014,1,0.3,ppm,3,MathScience Innovation Center,24,100,42101,Carbon monoxide,554,40060,"Richmond, VA",51,Virginia,87,Henrico,37.55652,-77.40027
1/14/2023,AQS,510870014,1,0.2,ppm,2,MathScience Innovation Center,24,100,42101,Carbon monoxide,554,40060,"Richmond, VA",51,Virginia,87,Henrico,37.55652,-77.40027
1/15/2023,AQS,510870014,1,0.2,ppm,2,MathScience Innovation Center,24,100,42101,Carbon monoxide,554,40060,"Richmond, VA",51,Virginia,87,Henrico,37.55652,-77.40027
1/16/2023,AQS,510870014,1,0.6,ppm,7,MathScience Innovation Center,24,100,42101,Carbon monoxide,554,40060,"Richmond, VA",51,Virginia,87,Henrico,37.55652,-77.40027
1/17/2023,AQS,510870014,1,0.6,ppm,7,MathScience Innovation Center,24,100,42101,Carbon monoxide,554,40060,"Richmond, VA",51,Virginia,87,Henrico,37.55652,-77.40027
1/18/2023,AQS,510870014,1,0.3,ppm,3,MathScience Innovation Center,24,100,42101,Carbon monoxide,554,40060,"Richmond, VA",51,Virginia,87,Henrico,37.55652,-77.40027
1/19/2023,AQS,510870014,1,0.4,ppm,5,MathScience Innovation Center,24,100,42101,Carbon monoxide,554,40060,"Richmond, VA",51,Virginia,87,Henrico,37.55652,-77.40027
1/20/2023,AQS,510870014,1,0.3,ppm,3,MathScience Innovation Center,24,100,42101,Carbon monoxide,554,40060,"Richmond, VA",51,Virginia,87,Henrico,37.55652,-77.40027
1/21/2023,AQS,510870014,1,0.3,ppm,3,MathScience Innovation Center,24,100,42101,Carbon monoxide,554,40060,"Richmond, VA",51,Virginia,87,Henrico,37.55652,-77.40027
1/22/2023,AQS,510870014,1,0.3,ppm,3,MathScience Innovation Center,24,100,42101,Carbon monoxide,554,40060,"Richmond, VA",51,Virginia,87,Henrico,37.55652,-77.40027
1/23/2023,AQS,510870014,1,0.3,ppm,3,MathScience Innovation Center,3,13,42101,Carbon monoxide,554,40060,"Richmond, VA",51,Virginia,87,Henrico,37.55652,-77.40027
1/24/2023,AQS,510870014,1,0.5,ppm,6,MathScience Innovation Center,21,88,42101,Carbon monoxide,554,40060,"Richmond, VA",51,Virginia,87,Henrico,37.55652,-77.40027
1/25/2023,AQS,510870014,1,0.6,ppm,7,MathScience Innovation Center,24,100,42101,Carbon monoxide,554,40060,"Richmond, VA",51,Virginia,87,Henrico,37.55652,-77.40027
1/26/2023,AQS,510870014,1,0.4,ppm,5,MathScience Innovation Center,24,100,42101,Carbon monoxide,554,40060,"Richmond, VA",51,Virginia,87,Henrico,37.55652,-77.40027
1/27/2023,AQS,510870014,1,0.3,ppm,3,MathScience Innovation Center,22,92,42101,Carbon monoxide,554,40060,"Richmond, VA",51,Virginia,87,Henrico,37.55652,-77.40027
1/28/2023,AQS,510870014,1,0.5,ppm,6,MathScience Innovation Center,24,100,42101,Carbon monoxide,554,40060,"Richmond, VA",51,Virginia,87,Henrico,37.55652,-77.40027
1/29/2023,AQS,510870014,1,0.5,ppm,6,MathScience Innovation Center,24,100,42101,Carbon monoxide,554,40060,"Richmond, VA",51,Virginia,87,Henrico,37.55652,-77.40027
1/30/2023,AQS,510870014,1,0.3,ppm,3,MathScience Innovation Center,24,100,42101,Carbon monoxide,554,40060,"Richmond, VA",51,Virginia,87,Henrico,37.55652,-77.40027
1/31/2023,AQS,510870014,1,0.3,ppm,3,MathScience Innovation Center,24,100,42101,Carbon monoxide,554,40060,"Richmond, VA",51,Virginia,87,Henrico,37.55652,-77.40027
2/1/2023,AQS,510870014,1,0.2,ppm,2,MathScience Innovation Center,24,100,42101,Carbon monoxide,554,40060,"Richmond, VA",51,Virginia,87,Henrico,37.55652,-77.40027
2/2/2023,AQS,510870014,1,0.3,ppm,3,MathScience Innovation Center,23,96,42101,Carbon monoxide,554,40060,"Richmond, VA",51,Virginia,87,Henrico,37.55652,-77.40027
2/3/2023,AQS,510870014,1,0.3,ppm,3,MathScience Innovation Center,24,100,42101,Carbon monoxide,554,40060,"Richmond, VA",51,Virginia,87,Henrico,37.55652,-77.40027
2/4/2023,AQS,510870014,1,0.2,ppm,2,MathScience Innovation Center,24,100,42101,Carbon monoxide,554,40060,"Richmond, VA",51,Virginia,87,Henrico,37.55652,-77.40027
2/5/2023,AQS,510870014,1,0.3,ppm,3,MathScience Innovation Center,24,100,42101,Carbon monoxide,554,40060,"Richmond, VA",51,Virginia,87,Henrico,37.55652,-77.40027
2/6/2023,AQS,510870014,1,0.3,ppm,3,MathScience Innovation Center,24,100,42101,Carbon monoxide,554,40060,"Richmond, VA",51,Virginia,87,Henrico,37.55652,-77.40027
2/7/2023,AQS,510870014,1,0.4,ppm,5,MathScience Innovation Center,24,100,42101,Carbon monoxide,554,40060,"Richmond, VA",51,Virginia,87,Henrico,37.55652,-77.40027
2/8/2023,AQS,510870014,1,0.4,ppm,5,MathScience Innovation Center,24,100,42101,Carbon monoxide,554,40060,"Richmond, VA",51,Virginia,87,Henrico,37.55652,-77.40027
2/9/2023,AQS,510870014,1,0.3,ppm,3,MathScience Innovation Center,24,100,42101,Carbon monoxide,554,40060,"Richmond, VA",51,Virginia,87,Henrico,37.55652,-77.40027
2/10/2023,AQS,510870014,1,0.3,ppm,3,MathScience Innovation Center,24,100,42101,Carbon monoxide,554,40060,"Richmond, VA",51,Virginia,87,Henrico,37.55652,-77.40027
2/11/2023,AQS,510870014,1,0.3,ppm,3,MathScience Innovation Center,24,100,42101,Carbon monoxide,554,40060,"Richmond, VA",51,Virginia,87,Henrico,37.55652,-77.40027
2/12/2023,AQS,510870014,1,0.3,ppm,3,MathScience Innovation Center,24,100,42101,Carbon monoxide,554,40060,"Richmond, VA",51,Virginia,87,Henrico,37.55652,-77.40027
2/13/2023,AQS,510870014,1,0.3,ppm,3,MathScience Innovation Center,24,100,42101,Carbon monoxide,554,40060,"Richmond, VA",51,Virginia,87,Henrico,37.55652,-77.40027
2/14/2023,AQS,510870014,1,0.4,ppm,5,MathScience Innovation Center,21,88,42101,Carbon monoxide,554,40060,"Richmond, VA",51,Virginia,87,Henrico,37.55652,-77.40027
2/15/2023,AQS,510870014,1,0.3,ppm,3,MathScience Innovation Center,18,75,42101,Carbon monoxide,554,40060,"Richmond, VA",51,Virginia,87,Henrico,37.55652,-77.40027
2/16/2023,AQS,510870014,1,0.3,ppm,3,MathScience Innovation Center,24,100,42101,Carbon monoxide,554,40060,"Richmond, VA",51,Virginia,87,Henrico,37.55652,-77.40027
2/17/2023,AQS,510870014,1,0.2,ppm,2,MathScience Innovation Center,24,100,42101,Carbon monoxide,554,40060,"Richmond, VA",51,Virginia,87,Henrico,37.55652,-77.40027
2/18/2023,AQS,510870014,1,0.3,ppm,3,MathScience Innovation Center,24,100,42101,Carbon monoxide,554,40060,"Richmond, VA",51,Virginia,87,Henrico,37.55652,-77.40027
2/19/2023,AQS,510870014,1,0.3,ppm,3,MathScience Innovation Center,24,100,42101,Carbon monoxide,554,40060,"Richmond, VA",51,Virginia,87,Henrico,37.55652,-77.40027
2/20/2023,AQS,510870014,1,0.3,ppm,3,MathScience Innovation Center,24,100,42101,Carbon monoxide,554,40060,"Richmond, VA",51,Virginia,87,Henrico,37.55652,-77.40027
2/21/2023,AQS,510870014,1,0.4,ppm,5,MathScience Innovation Center,24,100,42101,Carbon monoxide,554,40060,"Richmond, VA",51,Virginia,87,Henrico,37.55652,-77.40027
2/22/2023,AQS,510870014,1,0.3,ppm,3,MathScience Innovation Center,24,100,42101,Carbon monoxide,554,40060,"Richmond, VA",51,Virginia,87,Henrico,37.55652,-77.40027
2/23/2023,AQS,510870014,1,0.2,ppm,2,MathScience Innovation Center,24,100,42101,Carbon monoxide,554,40060,"Richmond, VA",51,Virginia,87,Henrico,37.55652,-77.40027
2/24/2023,AQS,510870014,1,0.2,ppm,2,MathScience Innovation Center,24,100,42101,Carbon monoxide,554,40060,"Richmond, VA",51,Virginia,87,Henrico,37.55652,-77.40027
2/25/2023,AQS,510870014,1,0.1,ppm,1,MathScience Innovation Center,24,100,42101,Carbon monoxide,554,40060,"Richmond, VA",51,Virginia,87,Henrico,37.55652,-77.40027
2/26/2023,AQS,510870014,1,0.3,ppm,3,MathScience Innovation Center,24,100,42101,Carbon monoxide,554,40060,"Richmond, VA",51,Virginia,87,Henrico,37.55652,-77.40027
2/27/2023,AQS,510870014,1,0.5,ppm,6,MathScience Innovation Center,24,100,42101,Carbon monoxide,554,40060,"Richmond, VA",51,Virginia,87,Henrico,37.55652,-77.40027
2/28/2023,AQS,510870014,1,0.2,ppm,2,MathScience Innovation Center,24,100,42101,Carbon monoxide,554,40060,"Richmond, VA",51,Virginia,87,Henrico,37.55652,-77.40027
3/1/2023,AQS,510870014,1,0.3,ppm,3,MathScience Innovation Center,24,100,42101,Carbon monoxide,554,40060,"Richmond, VA",51,Virginia,87,Henrico,37.55652,-77.40027
3/2/2023,AQS,510870014,1,0.3,ppm,3,MathScience Innovation Center,24,100,42101,Carbon monoxide,554,40060,"Richmond, VA",51,Virginia,87,Henrico,37.55652,-77.40027
3/3/2023,AQS,510870014,1,0.2,ppm,2,MathScience Innovation Center,24,100,42101,Carbon monoxide,554,40060,"Richmond, VA",51,Virginia,87,Henrico,37.55652,-77.40027
3/4/2023,AQS,510870014,1,0.2,ppm,2,MathScience Innovation Center,24,100,42101,Carbon monoxide,554,40060,"Richmond, VA",51,Virginia,87,Henrico,37.55652,-77.40027
3/5/2023,AQS,510870014,1,0.4,ppm,5,MathScience Innovation Center,24,100,42101,Carbon monoxide,554,40060,"Richmond, VA",51,Virginia,87,Henrico,37.55652,-77.40027
3/6/2023,AQS,510870014,1,0.3,ppm,3,MathScience Innovation Center,24,100,42101,Carbon monoxide,554,40060,"Richmond, VA",51,Virginia,87,Henrico,37.55652,-77.40027
3/7/2023,AQS,510870014,1,0.3,ppm,3,MathScience Innovation Center,15,63,42101,Carbon monoxide,554,40060,"Richmond, VA",51,Virginia,87,Henrico,37.55652,-77.40027
3/8/2023,AQS,510870014,1,0.2,ppm,2,MathScience Innovation Center,24,100,42101,Carbon monoxide,554,40060,"Richmond, VA",51,Virginia,87,Henrico,37.55652,-77.40027
3/9/2023,AQS,510870014,1,0.3,ppm,3,MathScience Innovation Center,24,100,42101,Carbon monoxide,554,40060,"Richmond, VA",51,Virginia,87,Henrico,37.55652,-77.40027
3/10/2023,AQS,510870014,1,0.3,ppm,3,MathScience Innovation Center,21,88,42101,Carbon monoxide,554,40060,"Richmond, VA",51,Virginia,87,Henrico,37.55652,-77.40027
3/11/2023,AQS,510870014,1,0.2,ppm,2,MathScience Innovation Center,24,100,42101,Carbon monoxide,554,40060,"Richmond, VA",51,Virginia,87,Henrico,37.55652,-77.40027
3/12/2023,AQS,510870014,1,0.2,ppm,2,MathScience Innovation Center,24,100,42101,Carbon monoxide,554,40060,"Richmond, VA",51,Virginia,87,Henrico,37.55652,-77.40027
3/13/2023,AQS,510870014,1,0.3,ppm,3,MathScience Innovation Center,24,100,42101,Carbon monoxide,554,40060,"Richmond, VA",51,Virginia,87,Henrico,37.55652,-77.40027
3/14/2023,AQS,510870014,1,0.3,ppm,3,MathScience Innovation Center,24,100,42101,Carbon monoxide,554,40060,"Richmond, VA",51,Virginia,87,Henrico,37.55652,-77.40027
3/15/2023,AQS,510870014,1,0.2,ppm,2,MathScience Innovation Center,24,100,42101,Carbon monoxide,554,40060,"Richmond, VA",51,Virginia,87,Henrico,37.55652,-77.40027
3/16/2023,AQS,510870014,1,0.5,ppm,6,MathScience Innovation Center,21,88,42101,Carbon monoxide,554,40060,"Richmond, VA",51,Virginia,87,Henrico,37.55652,-77.40027
3/17/2023,AQS,510870014,1,0.3,ppm,3,MathScience Innovation Center,24,100,42101,Carbon monoxide,554,40060,"Richmond, VA",51,Virginia,87,Henrico,37.55652,-77.40027
3/18/2023,AQS,510870014,1,0.2,ppm,2,MathScience Innovation Center,24,100,42101,Carbon monoxide,554,40060,"Richmond, VA",51,Virginia,87,Henrico,37.55652,-77.40027
3/19/2023,AQS,510870014,1,0.3,ppm,3,MathScience Innovation Center,24,100,42101,Carbon monoxide,554,40060,"Richmond, VA",51,Virginia,87,Henrico,37.55652,-77.40027
3/20/2023,AQS,510870014,1,0.4,ppm,5,MathScience Innovation Center,24,100,42101,Carbon monoxide,554,40060,"Richmond, VA",51,Virginia,87,Henrico,37.55652,-77.40027
3/21/2023,AQS,510870014,1,0.4,ppm,5,MathScience Innovation Center,24,100,42101,Carbon monoxide,554,40060,"Richmond, VA",51,Virginia,87,Henrico,37.55652,-77.40027
3/22/2023,AQS,510870014,1,0.3,ppm,3,MathScience Innovation Center,14,58,42101,Carbon monoxide,554,40060,"Richmond, VA",51,Virginia,87,Henrico,37.55652,-77.40027
3/23/2023,AQS,510870014,1,0.3,ppm,3,MathScience Innovation Center,24,100,42101,Carbon monoxide,554,40060,"Richmond, VA",51,Virginia,87,Henrico,37.55652,-77.40027
3/24/2023,AQS,510870014,1,0.3,ppm,3,MathScience Innovation Center,24,100,42101,Carbon monoxide,554,40060,"Richmond, VA",51,Virginia,87,Henrico,37.55652,-77.40027
3/25/2023,AQS,510870014,1,0.3,ppm,3,MathScience Innovation Center,24,100,42101,Carbon monoxide,554,40060,"Richmond, VA",51,Virginia,87,Henrico,37.55652,-77.40027
3/26/2023,AQS,510870014,1,0.3,ppm,3,MathScience Innovation Center,24,100,42101,Carbon monoxide,554,40060,"Richmond, VA",51,Virginia,87,Henrico,37.55652,-77.40027
3/27/2023,AQS,510870014,1,0.4,ppm,5,MathScience Innovation Center,24,100,42101,Carbon monoxide,554,40060,"Richmond, VA",51,Virginia,87,Henrico,37.55652,-77.40027
3/28/2023,AQS,510870014,1,0.4,ppm,5,MathScience Innovation Center,22,92,42101,Carbon monoxide,554,40060,"Richmond, VA",51,Virginia,87,Henrico,37.55652,-77.40027
3/29/2023,AQS,510870014,1,0.2,ppm,2,MathScience Innovation Center,24,100,42101,Carbon monoxide,554,40060,"Richmond, VA",51,Virginia,87,Henrico,37.55652,-77.40027
3/30/2023,AQS,510870014,1,0.2,ppm,2,MathScience Innovation Center,24,100,42101,Carbon monoxide,554,40060,"Richmond, VA",51,Virginia,87,Henrico,37.55652,-77.40027
3/31/2023,AQS,510870014,1,0.2,ppm,2,MathScience Innovation Center,21,88,42101,Carbon monoxide,554,40060,"Richmond, VA",51,Virginia,87,Henrico,37.55652,-77.40027
4/1/2023,AQS,510870014,1,0.2,ppm,2,MathScience Innovation Center,24,100,42101,Carbon monoxide,554,40060,"Richmond, VA",51,Virginia,87,Henrico,37.55652,-77.40027
4/2/2023,AQS,510870014,1,0.2,ppm,2,MathScience Innovation Center,24,100,42101,Carbon monoxide,554,40060,"Richmond, VA",51,Virginia,87,Henrico,37.55652,-77.40027
4/3/2023,AQS,510870014,1,0.3,ppm,3,MathScience Innovation Center,24,100,42101,Carbon monoxide,554,40060,"Richmond, VA",51,Virginia,87,Henrico,37.55652,-77.40027
4/4/2023,AQS,510870014,1,0.3,ppm,3,MathScience Innovation Center,24,100,42101,Carbon monoxide,554,40060,"Richmond, VA",51,Virginia,87,Henrico,37.55652,-77.40027
4/5/2023,AQS,510870014,1,0.2,ppm,2,MathScience Innovation Center,24,100,42101,Carbon monoxide,554,40060,"Richmond, VA",51,Virginia,87,Henrico,37.55652,-77.40027
4/6/2023,AQS,510870014,1,0.2,ppm,2,MathScience Innovation Center,20,83,42101,Carbon monoxide,554,40060,"Richmond, VA",51,Virginia,87,Henrico,37.55652,-77.40027
4/7/2023,AQS,510870014,1,0.2,ppm,2,MathScience Innovation Center,24,100,42101,Carbon monoxide,554,40060,"Richmond, VA",51,Virginia,87,Henrico,37.55652,-77.40027
4/8/2023,AQS,510870014,1,0.2,ppm,2,MathScience Innovation Center,24,100,42101,Carbon monoxide,554,40060,"Richmond, VA",51,Virginia,87,Henrico,37.55652,-77.40027
4/9/2023,AQS,510870014,1,0.1,ppm,1,MathScience Innovation Center,24,100,42101,Carbon monoxide,554,40060,"Richmond, VA",51,Virginia,87,Henrico,37.55652,-77.40027
4/10/2023,AQS,510870014,1,0.2,ppm,2,MathScience Innovation Center,24,100,42101,Carbon monoxide,554,40060,"Richmond, VA",51,Virginia,87,Henrico,37.55652,-77.40027
4/11/2023,AQS,510870014,1,0.2,ppm,2,MathScience Innovation Center,24,100,42101,Carbon monoxide,554,40060,"Richmond, VA",51,Virginia,87,Henrico,37.55652,-77.40027
4/12/2023,AQS,510870014,1,0.3,ppm,3,MathScience Innovation Center,21,88,42101,Carbon monoxide,554,40060,"Richmond, VA",51,Virginia,87,Henrico,37.55652,-77.40027
4/13/2023,AQS,510870014,1,0.3,ppm,3,MathScience Innovation Center,24,100,42101,Carbon monoxide,554,40060,"Richmond, VA",51,Virginia,87,Henrico,37.55652,-77.40027
4/14/2023,AQS,510870014,1,0.3,ppm,3,MathScience Innovation Center,24,100,42101,Carbon monoxide,554,40060,"Richmond, VA",51,Virginia,87,Henrico,37.55652,-77.40027
4/15/2023,AQS,510870014,1,0.3,ppm,3,MathScience Innovation Center,24,100,42101,Carbon monoxide,554,40060,"Richmond, VA",51,Virginia,87,Henrico,37.55652,-77.40027
4/16/2023,AQS,510870014,1,0.3,ppm,3,MathScience Innovation Center,24,100,42101,Carbon monoxide,554,40060,"Richmond, VA",51,Virginia,87,Henrico,37.55652,-77.40027
4/17/2023,AQS,510870014,1,0.3,ppm,3,MathScience Innovation Center,24,100,42101,Carbon monoxide,554,40060,"Richmond, VA",51,Virginia,87,Henrico,37.55652,-77.40027
4/18/2023,AQS,510870014,1,0.2,ppm,2,MathScience Innovation Center,24,100,42101,Carbon monoxide,554,40060,"Richmond, VA",51,Virginia,87,Henrico,37.55652,-77.40027
4/19/2023,AQS,510870014,1,0.2,ppm,2,MathScience Innovation Center,24,100,42101,Carbon monoxide,554,40060,"Richmond, VA",51,Virginia,87,Henrico,37.55652,-77.40027
4/20/2023,AQS,510870014,1,0.3,ppm,3,MathScience Innovation Center,24,100,42101,Carbon monoxide,554,40060,"Richmond, VA",51,Virginia,87,Henrico,37.55652,-77.40027
4/21/2023,AQS,510870014,1,0.3,ppm,3,MathScience Innovation Center,21,88,42101,Carbon monoxide,554,40060,"Richmond, VA",51,Virginia,87,Henrico,37.55652,-77.40027
4/22/2023,AQS,510870014,1,0.3,ppm,3,MathScience Innovation Center,24,100,42101,Carbon monoxide,554,40060,"Richmond, VA",51,Virginia,87,Henrico,37.55652,-77.40027
4/23/2023,AQS,510870014,1,0.2,ppm,2,MathScience Innovation Center,24,100,42101,Carbon monoxide,554,40060,"Richmond, VA",51,Virginia,87,Henrico,37.55652,-77.40027
4/24/2023,AQS,510870014,1,0.2,ppm,2,MathScience Innovation Center,24,100,42101,Carbon monoxide,554,40060,"Richmond, VA",51,Virginia,87,Henrico,37.55652,-77.40027
4/25/2023,AQS,510870014,1,0.2,ppm,2,MathScience Innovation Center,24,100,42101,Carbon monoxide,554,40060,"Richmond, VA",51,Virginia,87,Henrico,37.55652,-77.40027
4/26/2023,AQS,510870014,1,0.2,ppm,2,MathScience Innovation Center,24,100,42101,Carbon monoxide,554,40060,"Richmond, VA",51,Virginia,87,Henrico,37.55652,-77.40027
4/27/2023,AQS,510870014,1,0.2,ppm,2,MathScience Innovation Center,23,96,42101,Carbon monoxide,554,40060,"Richmond, VA",51,Virginia,87,Henrico,37.55652,-77.40027
4/28/2023,AQS,510870014,1,0.2,ppm,2,MathScience Innovation Center,24,100,42101,Carbon monoxide,554,40060,"Richmond, VA",51,Virginia,87,Henrico,37.55652,-77.40027
4/29/2023,AQS,510870014,1,0.2,ppm,2,MathScience Innovation Center,24,100,42101,Carbon monoxide,554,40060,"Richmond, VA",51,Virginia,87,Henrico,37.55652,-77.40027
4/30/2023,AQS,510870014,1,0.2,ppm,2,MathScience Innovation Center,24,100,42101,Carbon monoxide,554,40060,"Richmond, VA",51,Virginia,87,Henrico,37.55652,-77.40027
5/1/2023,AQS,510870014,1,0.2,ppm,2,MathScience Innovation Center,24,100,42101,Carbon monoxide,554,40060,"Richmond, VA",51,Virginia,87,Henrico,37.55652,-77.40027
5/2/2023,AQS,510870014,1,0.2,ppm,2,MathScience Innovation Center,24,100,42101,Carbon monoxide,554,40060,"Richmond, VA",51,Virginia,87,Henrico,37.55652,-77.40027
5/3/2023,AQS,510870014,1,0.2,ppm,2,MathScience Innovation Center,24,100,42101,Carbon monoxide,554,40060,"Richmond, VA",51,Virginia,87,Henrico,37.55652,-77.40027
5/4/2023,AQS,510870014,1,0.2,ppm,2,MathScience Innovation Center,24,100,42101,Carbon monoxide,554,40060,"Richmond, VA",51,Virginia,87,Henrico,37.55652,-77.40027
5/5/2023,AQS,510870014,1,0.3,ppm,3,MathScience Innovation Center,24,100,42101,Carbon monoxide,554,40060,"Richmond, VA",51,Virginia,87,Henrico,37.55652,-77.40027
5/6/2023,AQS,510870014,1,0.2,ppm,2,MathScience Innovation Center,24,100,42101,Carbon monoxide,554,40060,"Richmond, VA",51,Virginia,87,Henrico,37.55652,-77.40027
5/7/2023,AQS,510870014,1,0.3,ppm,3,MathScience Innovation Center,24,100,42101,Carbon monoxide,554,40060,"Richmond, VA",51,Virginia,87,Henrico,37.55652,-77.40027
5/8/2023,AQS,510870014,1,0.3,ppm,3,MathScience Innovation Center,24,100,42101,Carbon monoxide,554,40060,"Richmond, VA",51,Virginia,87,Henrico,37.55652,-77.40027
5/9/2023,AQS,510870014,1,0.2,ppm,2,MathScience Innovation Center,24,100,42101,Carbon monoxide,554,40060,"Richmond, VA",51,Virginia,87,Henrico,37.55652,-77.40027
5/10/2023,AQS,510870014,1,0.2,ppm,2,MathScience Innovation Center,24,100,42101,Carbon monoxide,554,40060,"Richmond, VA",51,Virginia,87,Henrico,37.55652,-77.40027
5/11/2023,AQS,510870014,1,0.2,ppm,2,MathScience Innovation Center,24,100,42101,Carbon monoxide,554,40060,"Richmond, VA",51,Virginia,87,Henrico,37.55652,-77.40027
5/12/2023,AQS,510870014,1,0.2,ppm,2,MathScience Innovation Center,24,100,42101,Carbon monoxide,554,40060,"Richmond, VA",51,Virginia,87,Henrico,37.55652,-77.40027
5/13/2023,AQS,510870014,1,0.2,ppm,2,MathScience Innovation Center,24,100,42101,Carbon monoxide,554,40060,"Richmond, VA",51,Virginia,87,Henrico,37.55652,-77.40027
5/14/2023,AQS,510870014,1,0.2,ppm,2,MathScience Innovation Center,24,100,42101,Carbon monoxide,554,40060,"Richmond, VA",51,Virginia,87,Henrico,37.55652,-77.40027
5/15/2023,AQS,510870014,1,0.3,ppm,3,MathScience Innovation Center,24,100,42101,Carbon monoxide,554,40060,"Richmond, VA",51,Virginia,87,Henrico,37.55652,-77.40027
5/16/2023,AQS,510870014,1,0.2,ppm,2,MathScience Innovation Center,24,100,42101,Carbon monoxide,554,40060,"Richmond, VA",51,Virginia,87,Henrico,37.55652,-77.40027
5/17/2023,AQS,510870014,1,0.2,ppm,2,MathScience Innovation Center,24,100,42101,Carbon monoxide,554,40060,"Richmond, VA",51,Virginia,87,Henrico,37.55652,-77.40027
5/18/2023,AQS,510870014,1,0.1,ppm,1,MathScience Innovation Center,22,92,42101,Carbon monoxide,554,40060,"Richmond, VA",51,Virginia,87,Henrico,37.55652,-77.40027
5/19/2023,AQS,510870014,1,0.1,ppm,1,MathScience Innovation Center,24,100,42101,Carbon monoxide,554,40060,"Richmond, VA",51,Virginia,87,Henrico,37.55652,-77.40027
5/20/2023,AQS,510870014,1,0.2,ppm,2,MathScience Innovation Center,24,100,42101,Carbon monoxide,554,40060,"Richmond, VA",51,Virginia,87,Henrico,37.55652,-77.40027
5/21/2023,AQS,510870014,1,0.3,ppm,3,MathScience Innovation Center,24,100,42101,Carbon monoxide,554,40060,"Richmond, VA",51,Virginia,87,Henrico,37.55652,-77.40027
5/22/2023,AQS,510870014,1,0.4,ppm,5,MathScience Innovation Center,24,100,42101,Carbon monoxide,554,40060,"Richmond, VA",51,Virginia,87,Henrico,37.55652,-77.40027
5/23/2023,AQS,510870014,1,0.3,ppm,3,MathScience Innovation Center,21,88,42101,Carbon monoxide,554,40060,"Richmond, VA",51,Virginia,87,Henrico,37.55652,-77.40027
5/25/2023,AQS,510870014,1,0.2,ppm,2,MathScience Innovation Center,5,21,42101,Carbon monoxide,554,40060,"Richmond, VA",51,Virginia,87,Henrico,37.55652,-77.40027
5/26/2023,AQS,510870014,1,0.2,ppm,2,MathScience Innovation Center,16,67,42101,Carbon monoxide,554,40060,"Richmond, VA",51,Virginia,87,Henrico,37.55652,-77.40027
5/27/2023,AQS,510870014,1,0.1,ppm,1,MathScience Innovation Center,24,100,42101,Carbon monoxide,554,40060,"Richmond, VA",51,Virginia,87,Henrico,37.55652,-77.40027
5/28/2023,AQS,510870014,1,0.1,ppm,1,MathScience Innovation Center,24,100,42101,Carbon monoxide,554,40060,"Richmond, VA",51,Virginia,87,Henrico,37.55652,-77.40027
5/29/2023,AQS,510870014,1,0,ppm,0,MathScience Innovation Center,24,100,42101,Carbon monoxide,554,40060,"Richmond, VA",51,Virginia,87,Henrico,37.55652,-77.40027
5/30/2023,AQS,510870014,1,0.2,ppm,2,MathScience Innovation Center,15,63,42101,Carbon monoxide,554,40060,"Richmond, VA",51,Virginia,87,Henrico,37.55652,-77.40027
5/31/2023,AQS,510870014,1,0.2,ppm,2,MathScience Innovation Center,24,100,42101,Carbon monoxide,554,40060,"Richmond, VA",51,Virginia,87,Henrico,37.55652,-77.40027
6/1/2023,AQS,510870014,1,0.3,ppm,3,MathScience Innovation Center,24,100,42101,Carbon monoxide,554,40060,"Richmond, VA",51,Virginia,87,Henrico,37.55652,-77.40027
6/2/2023,AQS,510870014,1,0.4,ppm,5,MathScience Innovation Center,24,100,42101,Carbon monoxide,554,40060,"Richmond, VA",51,Virginia,87,Henrico,37.55652,-77.40027
6/3/2023,AQS,510870014,1,0.5,ppm,6,MathScience Innovation Center,24,100,42101,Carbon monoxide,554,40060,"Richmond, VA",51,Virginia,87,Henrico,37.55652,-77.40027
6/4/2023,AQS,510870014,1,0.3,ppm,3,MathScience Innovation Center,24,100,42101,Carbon monoxide,554,40060,"Richmond, VA",51,Virginia,87,Henrico,37.55652,-77.40027
6/5/2023,AQS,510870014,1,0.4,ppm,5,MathScience Innovation Center,16,67,42101,Carbon monoxide,554,40060,"Richmond, VA",51,Virginia,87,Henrico,37.55652,-77.40027
6/7/2023,AQS,510870014,1,0.5,ppm,6,MathScience Innovation Center,10,42,42101,Carbon monoxide,554,40060,"Richmond, VA",51,Virginia,87,Henrico,37.55652,-77.40027
6/8/2023,AQS,510870014,1,0.6,ppm,7,MathScience Innovation Center,24,100,42101,Carbon monoxide,554,40060,"Richmond, VA",51,Virginia,87,Henrico,37.55652,-77.40027
6/9/2023,AQS,510870014,1,0.5,ppm,6,MathScience Innovation Center,24,100,42101,Carbon monoxide,554,40060,"Richmond, VA",51,Virginia,87,Henrico,37.55652,-77.40027
6/10/2023,AQS,510870014,1,0.4,ppm,5,MathScience Innovation Center,24,100,42101,Carbon monoxide,554,40060,"Richmond, VA",51,Virginia,87,Henrico,37.55652,-77.40027
6/11/2023,AQS,510870014,1,0.4,ppm,5,MathScience Innovation Center,24,100,42101,Carbon monoxide,554,40060,"Richmond, VA",51,Virginia,87,Henrico,37.55652,-77.40027
6/12/2023,AQS,510870014,1,0.3,ppm,3,MathScience Innovation Center,24,100,42101,Carbon monoxide,554,40060,"Richmond, VA",51,Virginia,87,Henrico,37.55652,-77.40027
6/13/2023,AQS,510870014,1,0.3,ppm,3,MathScience Innovation Center,24,100,42101,Carbon monoxide,554,40060,"Richmond, VA",51,Virginia,87,Henrico,37.55652,-77.40027
6/14/2023,AQS,510870014,1,0.3,ppm,3,MathScience Innovation Center,20,83,42101,Carbon monoxide,554,40060,"Richmond, VA",51,Virginia,87,Henrico,37.55652,-77.40027
6/15/2023,AQS,510870014,1,0.3,ppm,3,MathScience Innovation Center,24,100,42101,Carbon monoxide,554,40060,"Richmond, VA",51,Virginia,87,Henrico,37.55652,-77.40027
6/16/2023,AQS,510870014,1,0.4,ppm,5,MathScience Innovation Center,24,100,42101,Carbon monoxide,554,40060,"Richmond, VA",51,Virginia,87,Henrico,37.55652,-77.40027
6/17/2023,AQS,510870014,1,0.4,ppm,5,MathScience Innovation Center,24,100,42101,Carbon monoxide,554,40060,"Richmond, VA",51,Virginia,87,Henrico,37.55652,-77.40027
6/18/2023,AQS,510870014,1,0.4,ppm,5,MathScience Innovation Center,24,100,42101,Carbon monoxide,554,40060,"Richmond, VA",51,Virginia,87,Henrico,37.55652,-77.40027
6/19/2023,AQS,510870014,1,0.3,ppm,3,MathScience Innovation Center,24,100,42101,Carbon monoxide,554,40060,"Richmond, VA",51,Virginia,87,Henrico,37.55652,-77.40027
6/20/2023,AQS,510870014,1,0.3,ppm,3,MathScience Innovation Center,24,100,42101,Carbon monoxide,554,40060,"Richmond, VA",51,Virginia,87,Henrico,37.55652,-77.40027
6/21/2023,AQS,510870014,1,0.2,ppm,2,MathScience Innovation Center,24,100,42101,Carbon monoxide,554,40060,"Richmond, VA",51,Virginia,87,Henrico,37.55652,-77.40027
6/22/2023,AQS,510870014,1,0.2,ppm,2,MathScience Innovation Center,24,100,42101,Carbon monoxide,554,40060,"Richmond, VA",51,Virginia,87,Henrico,37.55652,-77.40027
6/23/2023,AQS,510870014,1,0.2,ppm,2,MathScience Innovation Center,24,100,42101,Carbon monoxide,554,40060,"Richmond, VA",51,Virginia,87,Henrico,37.55652,-77.40027
6/24/2023,AQS,510870014,1,0.3,ppm,3,MathScience Innovation Center,24,100,42101,Carbon monoxide,554,40060,"Richmond, VA",51,Virginia,87,Henrico,37.55652,-77.40027
6/25/2023,AQS,510870014,1,0.3,ppm,3,MathScience Innovation Center,24,100,42101,Carbon monoxide,554,40060,"Richmond, VA",51,Virginia,87,Henrico,37.55652,-77.40027
6/26/2023,AQS,510870014,1,0.2,ppm,2,MathScience Innovation Center,22,92,42101,Carbon monoxide,554,40060,"Richmond, VA",51,Virginia,87,Henrico,37.55652,-77.40027
6/27/2023,AQS,510870014,1,0.4,ppm,5,MathScience Innovation Center,20,83,42101,Carbon monoxide,554,40060,"Richmond, VA",51,Virginia,87,Henrico,37.55652,-77.40027
6/28/2023,AQS,510870014,1,0.8,ppm,9,MathScience Innovation Center,24,100,42101,Carbon monoxide,554,40060,"Richmond, VA",51,Virginia,87,Henrico,37.55652,-77.40027
6/29/2023,AQS,510870014,1,0.9,ppm,10,MathScience Innovation Center,24,100,42101,Carbon monoxide,554,40060,"Richmond, VA",51,Virginia,87,Henrico,37.55652,-77.40027
6/30/2023,AQS,510870014,1,0.8,ppm,9,MathScience Innovation Center,24,100,42101,Carbon monoxide,554,40060,"Richmond, VA",51,Virginia,87,Henrico,37.55652,-77.40027
7/1/2023,AQS,510870014,1,0.7,ppm,8,MathScience Innovation Center,24,100,42101,Carbon monoxide,554,40060,"Richmond, VA",51,Virginia,87,Henrico,37.55652,-77.40027
7/2/2023,AQS,510870014,1,0.3,ppm,3,MathScience Innovation Center,24,100,42101,Carbon monoxide,554,40060,"Richmond, VA",51,Virginia,87,Henrico,37.55652,-77.40027
7/3/2023,AQS,510870014,1,0.2,ppm,2,MathScience Innovation Center,24,100,42101,Carbon monoxide,554,40060,"Richmond, VA",51,Virginia,87,Henrico,37.55652,-77.40027
7/4/2023,AQS,510870014,1,0.2,ppm,2,MathScience Innovation Center,24,100,42101,Carbon monoxide,554,40060,"Richmond, VA",51,Virginia,87,Henrico,37.55652,-77.40027
7/5/2023,AQS,510870014,1,0.2,ppm,2,MathScience Innovation Center,24,100,42101,Carbon monoxide,554,40060,"Richmond, VA",51,Virginia,87,Henrico,37.55652,-77.40027
7/6/2023,AQS,510870014,1,0.2,ppm,2,MathScience Innovation Center,24,100,42101,Carbon monoxide,554,40060,"Richmond, VA",51,Virginia,87,Henrico,37.55652,-77.40027
7/7/2023,AQS,510870014,1,0.4,ppm,5,MathScience Innovation Center,24,100,42101,Carbon monoxide,554,40060,"Richmond, VA",51,Virginia,87,Henrico,37.55652,-77.40027
7/8/2023,AQS,510870014,1,0.4,ppm,5,MathScience Innovation Center,24,100,42101,Carbon monoxide,554,40060,"Richmond, VA",51,Virginia,87,Henrico,37.55652,-77.40027
7/9/2023,AQS,510870014,1,0.2,ppm,2,MathScience Innovation Center,24,100,42101,Carbon monoxide,554,40060,"Richmond, VA",51,Virginia,87,Henrico,37.55652,-77.40027
7/10/2023,AQS,510870014,1,0.3,ppm,3,MathScience Innovation Center,24,100,42101,Carbon monoxide,554,40060,"Richmond, VA",51,Virginia,87,Henrico,37.55652,-77.40027
7/11/2023,AQS,510870014,1,0.3,ppm,3,MathScience Innovation Center,24,100,42101,Carbon monoxide,554,40060,"Richmond, VA",51,Virginia,87,Henrico,37.55652,-77.40027
7/12/2023,AQS,510870014,1,0.4,ppm,5,MathScience Innovation Center,24,100,42101,Carbon monoxide,554,40060,"Richmond, VA",51,Virginia,87,Henrico,37.55652,-77.40027
7/13/2023,AQS,510870014,1,0.3,ppm,3,MathScience Innovation Center,24,100,42101,Carbon monoxide,554,40060,"Richmond, VA",51,Virginia,87,Henrico,37.55652,-77.40027
7/14/2023,AQS,510870014,1,0.2,ppm,2,MathScience Innovation Center,24,100,42101,Carbon monoxide,554,40060,"Richmond, VA",51,Virginia,87,Henrico,37.55652,-77.40027
7/15/2023,AQS,510870014,1,0.2,ppm,2,MathScience Innovation Center,24,100,42101,Carbon monoxide,554,40060,"Richmond, VA",51,Virginia,87,Henrico,37.55652,-77.40027
7/16/2023,AQS,510870014,1,0.2,ppm,2,MathScience Innovation Center,24,100,42101,Carbon monoxide,554,40060,"Richmond, VA",51,Virginia,87,Henrico,37.55652,-77.40027
7/17/2023,AQS,510870014,1,0.3,ppm,3,MathScience Innovation Center,24,100,42101,Carbon monoxide,554,40060,"Richmond, VA",51,Virginia,87,Henrico,37.55652,-77.40027
7/18/2023,AQS,510870014,1,0.4,ppm,5,MathScience Innovation Center,24,100,42101,Carbon monoxide,554,40060,"Richmond, VA",51,Virginia,87,Henrico,37.55652,-77.40027
7/19/2023,AQS,510870014,1,0.4,ppm,5,MathScience Innovation Center,24,100,42101,Carbon monoxide,554,40060,"Richmond, VA",51,Virginia,87,Henrico,37.55652,-77.40027
7/20/2023,AQS,510870014,1,0.4,ppm,5,MathScience Innovation Center,20,83,42101,Carbon monoxide,554,40060,"Richmond, VA",51,Virginia,87,Henrico,37.55652,-77.40027
7/21/2023,AQS,510870014,1,0.3,ppm,3,MathScience Innovation Center,24,100,42101,Carbon monoxide,554,40060,"Richmond, VA",51,Virginia,87,Henrico,37.55652,-77.40027
7/22/2023,AQS,510870014,1,0.3,ppm,3,MathScience Innovation Center,24,100,42101,Carbon monoxide,554,40060,"Richmond, VA",51,Virginia,87,Henrico,37.55652,-77.40027
7/23/2023,AQS,510870014,1,0.5,ppm,6,MathScience Innovation Center,24,100,42101,Carbon monoxide,554,40060,"Richmond, VA",51,Virginia,87,Henrico,37.55652,-77.40027
7/24/2023,AQS,510870014,1,0.2,ppm,2,MathScience Innovation Center,24,100,42101,Carbon monoxide,554,40060,"Richmond, VA",51,Virginia,87,Henrico,37.55652,-77.40027
7/25/2023,AQS,510870014,1,0.4,ppm,5,MathScience Innovation Center,24,100,42101,Carbon monoxide,554,40060,"Richmond, VA",51,Virginia,87,Henrico,37.55652,-77.40027
7/26/2023,AQS,510870014,1,0.3,ppm,3,MathScience Innovation Center,24,100,42101,Carbon monoxide,554,40060,"Richmond, VA",51,Virginia,87,Henrico,37.55652,-77.40027
7/27/2023,AQS,510870014,1,0.3,ppm,3,MathScience Innovation Center,24,100,42101,Carbon monoxide,554,40060,"Richmond, VA",51,Virginia,87,Henrico,37.55652,-77.40027
7/28/2023,AQS,510870014,1,0.3,ppm,3,MathScience Innovation Center,24,100,42101,Carbon monoxide,554,40060,"Richmond, VA",51,Virginia,87,Henrico,37.55652,-77.40027
7/29/2023,AQS,510870014,1,0.2,ppm,2,MathScience Innovation Center,24,100,42101,Carbon monoxide,554,40060,"Richmond, VA",51,Virginia,87,Henrico,37.55652,-77.40027
7/30/2023,AQS,510870014,1,0.2,ppm,2,MathScience Innovation Center,24,100,42101,Carbon monoxide,554,40060,"Richmond, VA",51,Virginia,87,Henrico,37.55652,-77.40027
7/31/2023,AQS,510870014,1,0.2,ppm,2,MathScience Innovation Center,24,100,42101,Carbon monoxide,554,40060,"Richmond, VA",51,Virginia,87,Henrico,37.55652,-77.40027
8/1/2023,AQS,510870014,1,0.3,ppm,3,MathScience Innovation Center,20,83,42101,Carbon monoxide,554,40060,"Richmond, VA",51,Virginia,87,Henrico,37.55652,-77.40027
8/2/2023,AQS,510870014,1,0.3,ppm,3,MathScience Innovation Center,24,100,42101,Carbon monoxide,554,40060,"Richmond, VA",51,Virginia,87,Henrico,37.55652,-77.40027
8/3/2023,AQS,510870014,1,0.3,ppm,3,MathScience Innovation Center,24,100,42101,Carbon monoxide,554,40060,"Richmond, VA",51,Virginia,87,Henrico,37.55652,-77.40027
8/4/2023,AQS,510870014,1,0.4,ppm,5,MathScience Innovation Center,20,83,42101,Carbon monoxide,554,40060,"Richmond, VA",51,Virginia,87,Henrico,37.55652,-77.40027
8/5/2023,AQS,510870014,1,0.4,ppm,5,MathScience Innovation Center,24,100,42101,Carbon monoxide,554,40060,"Richmond, VA",51,Virginia,87,Henrico,37.55652,-77.40027
8/6/2023,AQS,510870014,1,0.4,ppm,5,MathScience Innovation Center,24,100,42101,Carbon monoxide,554,40060,"Richmond, VA",51,Virginia,87,Henrico,37.55652,-77.40027
8/7/2023,AQS,510870014,1,0.3,ppm,3,MathScience Innovation Center,24,100,42101,Carbon monoxide,554,40060,"Richmond, VA",51,Virginia,87,Henrico,37.55652,-77.40027
8/8/2023,AQS,510870014,1,0.2,ppm,2,MathScience Innovation Center,17,71,42101,Carbon monoxide,554,40060,"Richmond, VA",51,Virginia,87,Henrico,37.55652,-77.40027
8/9/2023,AQS,510870014,1,0.3,ppm,3,MathScience Innovation Center,16,67,42101,Carbon monoxide,554,40060,"Richmond, VA",51,Virginia,87,Henrico,37.55652,-77.40027
8/10/2023,AQS,510870014,1,0.3,ppm,3,MathScience Innovation Center,24,100,42101,Carbon monoxide,554,40060,"Richmond, VA",51,Virginia,87,Henrico,37.55652,-77.40027
8/11/2023,AQS,510870014,1,0.3,ppm,3,MathScience Innovation Center,24,100,42101,Carbon monoxide,554,40060,"Richmond, VA",51,Virginia,87,Henrico,37.55652,-77.40027
8/12/2023,AQS,510870014,1,0.3,ppm,3,MathScience Innovation Center,24,100,42101,Carbon monoxide,554,40060,"Richmond, VA",51,Virginia,87,Henrico,37.55652,-77.40027
8/13/2023,AQS,510870014,1,0.3,ppm,3,MathScience Innovation Center,24,100,42101,Carbon monoxide,554,40060,"Richmond, VA",51,Virginia,87,Henrico,37.55652,-77.40027
8/14/2023,AQS,510870014,1,0.2,ppm,2,MathScience Innovation Center,24,100,42101,Carbon monoxide,554,40060,"Richmond, VA",51,Virginia,87,Henrico,37.55652,-77.40027
8/15/2023,AQS,510870014,1,0.2,ppm,2,MathScience Innovation Center,24,100,42101,Carbon monoxide,554,40060,"Richmond, VA",51,Virginia,87,Henrico,37.55652,-77.40027
8/16/2023,AQS,510870014,1,0.3,ppm,3,MathScience Innovation Center,24,100,42101,Carbon monoxide,554,40060,"Richmond, VA",51,Virginia,87,Henrico,37.55652,-77.40027
8/17/2023,AQS,510870014,1,0.2,ppm,2,MathScience Innovation Center,24,100,42101,Carbon monoxide,554,40060,"Richmond, VA",51,Virginia,87,Henrico,37.55652,-77.40027
8/18/2023,AQS,510870014,1,0.3,ppm,3,MathScience Innovation Center,24,100,42101,Carbon monoxide,554,40060,"Richmond, VA",51,Virginia,87,Henrico,37.55652,-77.40027
8/19/2023,AQS,510870014,1,0.4,ppm,5,MathScience Innovation Center,24,100,42101,Carbon monoxide,554,40060,"Richmond, VA",51,Virginia,87,Henrico,37.55652,-77.40027
8/20/2023,AQS,510870014,1,0.5,ppm,6,MathScience Innovation Center,24,100,42101,Carbon monoxide,554,40060,"Richmond, VA",51,Virginia,87,Henrico,37.55652,-77.40027
8/21/2023,AQS,510870014,1,0.4,ppm,5,MathScience Innovation Center,24,100,42101,Carbon monoxide,554,40060,"Richmond, VA",51,Virginia,87,Henrico,37.55652,-77.40027
8/22/2023,AQS,510870014,1,0.5,ppm,6,MathScience Innovation Center,24,100,42101,Carbon monoxide,554,40060,"Richmond, VA",51,Virginia,87,Henrico,37.55652,-77.40027
8/23/2023,AQS,510870014,1,0.3,ppm,3,MathScience Innovation Center,24,100,42101,Carbon monoxide,554,40060,"Richmond, VA",51,Virginia,87,Henrico,37.55652,-77.40027
8/24/2023,AQS,510870014,1,0.3,ppm,3,MathScience Innovation Center,24,100,42101,Carbon monoxide,554,40060,"Richmond, VA",51,Virginia,87,Henrico,37.55652,-77.40027
8/25/2023,AQS,510870014,1,0.3,ppm,3,MathScience Innovation Center,24,100,42101,Carbon monoxide,554,40060,"Richmond, VA",51,Virginia,87,Henrico,37.55652,-77.40027
8/26/2023,AQS,510870014,1,0.3,ppm,3,MathScience Innovation Center,24,100,42101,Carbon monoxide,554,40060,"Richmond, VA",51,Virginia,87,Henrico,37.55652,-77.40027
8/27/2023,AQS,510870014,1,0.2,ppm,2,MathScience Innovation Center,24,100,42101,Carbon monoxide,554,40060,"Richmond, VA",51,Virginia,87,Henrico,37.55652,-77.40027
8/28/2023,AQS,510870014,1,0.2,ppm,2,MathScience Innovation Center,24,100,42101,Carbon monoxide,554,40060,"Richmond, VA",51,Virginia,87,Henrico,37.55652,-77.40027
8/29/2023,AQS,510870014,1,0.2,ppm,2,MathScience Innovation Center,24,100,42101,Carbon monoxide,554,40060,"Richmond, VA",51,Virginia,87,Henrico,37.55652,-77.40027
8/30/2023,AQS,510870014,1,0.3,ppm,3,MathScience Innovation Center,24,100,42101,Carbon monoxide,554,40060,"Richmond, VA",51,Virginia,87,Henrico,37.55652,-77.40027
8/31/2023,AQS,510870014,1,0.3,ppm,3,MathScience Innovation Center,24,100,42101,Carbon monoxide,554,40060,"Richmond, VA",51,Virginia,87,Henrico,37.55652,-77.40027
9/1/2023,AQS,510870014,1,0.3,ppm,3,MathScience Innovation Center,24,100,42101,Carbon monoxide,554,40060,"Richmond, VA",51,Virginia,87,Henrico,37.55652,-77.40027
9/2/2023,AQS,510870014,1,0.2,ppm,2,MathScience Innovation Center,24,100,42101,Carbon monoxide,554,40060,"Richmond, VA",51,Virginia,87,Henrico,37.55652,-77.40027
9/3/2023,AQS,510870014,1,0.3,ppm,3,MathScience Innovation Center,24,100,42101,Carbon monoxide,554,40060,"Richmond, VA",51,Virginia,87,Henrico,37.55652,-77.40027
9/4/2023,AQS,510870014,1,0.3,ppm,3,MathScience Innovation Center,24,100,42101,Carbon monoxide,554,40060,"Richmond, VA",51,Virginia,87,Henrico,37.55652,-77.40027
9/5/2023,AQS,510870014,1,0.3,ppm,3,MathScience Innovation Center,24,100,42101,Carbon monoxide,554,40060,"Richmond, VA",51,Virginia,87,Henrico,37.55652,-77.40027
9/6/2023,AQS,510870014,1,0.3,ppm,3,MathScience Innovation Center,24,100,42101,Carbon monoxide,554,40060,"Richmond, VA",51,Virginia,87,Henrico,37.55652,-77.40027
9/7/2023,AQS,510870014,1,0.4,ppm,5,MathScience Innovation Center,20,83,42101,Carbon monoxide,554,40060,"Richmond, VA",51,Virginia,87,Henrico,37.55652,-77.40027
9/11/2023,AQS,510870014,1,0.3,ppm,3,MathScience Innovation Center,10,42,42101,Carbon monoxide,554,40060,"Richmond, VA",51,Virginia,87,Henrico,37.55652,-77.40027
9/12/2023,AQS,510870014,1,0.5,ppm,6,MathScience Innovation Center,24,100,42101,Carbon monoxide,554,40060,"Richmond, VA",51,Virginia,87,Henrico,37.55652,-77.40027
9/13/2023,AQS,510870014,1,0.3,ppm,3,MathScience Innovation Center,24,100,42101,Carbon monoxide,554,40060,"Richmond, VA",51,Virginia,87,Henrico,37.55652,-77.40027
9/14/2023,AQS,510870014,1,0.3,ppm,3,MathScience Innovation Center,24,100,42101,Carbon monoxide,554,40060,"Richmond, VA",51,Virginia,87,Henrico,37.55652,-77.40027
9/15/2023,AQS,510870014,1,0.4,ppm,5,MathScience Innovation Center,24,100,42101,Carbon monoxide,554,40060,"Richmond, VA",51,Virginia,87,Henrico,37.55652,-77.40027
9/16/2023,AQS,510870014,1,0.5,ppm,6,MathScience Innovation Center,24,100,42101,Carbon monoxide,554,40060,"Richmond, VA",51,Virginia,87,Henrico,37.55652,-77.40027
9/17/2023,AQS,510870014,1,0.4,ppm,5,MathScience Innovation Center,24,100,42101,Carbon monoxide,554,40060,"Richmond, VA",51,Virginia,87,Henrico,37.55652,-77.40027
9/18/2023,AQS,510870014,1,0.4,ppm,5,MathScience Innovation Center,24,100,42101,Carbon monoxide,554,40060,"Richmond, VA",51,Virginia,87,Henrico,37.55652,-77.40027
9/19/2023,AQS,510870014,1,0.4,ppm,5,MathScience Innovation Center,24,100,42101,Carbon monoxide,554,40060,"Richmond, VA",51,Virginia,87,Henrico,37.55652,-77.40027
9/20/2023,AQS,510870014,1,0.3,ppm,3,MathScience Innovation Center,24,100,42101,Carbon monoxide,554,40060,"Richmond, VA",51,Virginia,87,Henrico,37.55652,-77.40027
9/21/2023,AQS,510870014,1,0.3,ppm,3,MathScience Innovation Center,24,100,42101,Carbon monoxide,554,40060,"Richmond, VA",51,Virginia,87,Henrico,37.55652,-77.40027
9/22/2023,AQS,510870014,1,0.3,ppm,3,MathScience Innovation Center,24,100,42101,Carbon monoxide,554,40060,"Richmond, VA",51,Virginia,87,Henrico,37.55652,-77.40027
9/23/2023,AQS,510870014,1,0.2,ppm,2,MathScience Innovation Center,24,100,42101,Carbon monoxide,554,40060,"Richmond, VA",51,Virginia,87,Henrico,37.55652,-77.40027
9/24/2023,AQS,510870014,1,0.3,ppm,3,MathScience Innovation Center,24,100,42101,Carbon monoxide,554,40060,"Richmond, VA",51,Virginia,87,Henrico,37.55652,-77.40027
9/25/2023,AQS,510870014,1,0.3,ppm,3,MathScience Innovation Center,24,100,42101,Carbon monoxide,554,40060,"Richmond, VA",51,Virginia,87,Henrico,37.55652,-77.40027
9/26/2023,AQS,510870014,1,0.2,ppm,2,MathScience Innovation Center,24,100,42101,Carbon monoxide,554,40060,"Richmond, VA",51,Virginia,87,Henrico,37.55652,-77.40027
9/27/2023,AQS,510870014,1,0.3,ppm,3,MathScience Innovation Center,24,100,42101,Carbon monoxide,554,40060,"Richmond, VA",51,Virginia,87,Henrico,37.55652,-77.40027
9/28/2023,AQS,510870014,1,0.2,ppm,2,MathScience Innovation Center,24,100,42101,Carbon monoxide,554,40060,"Richmond, VA",51,Virginia,87,Henrico,37.55652,-77.40027
9/29/2023,AQS,510870014,1,0.3,ppm,3,MathScience Innovation Center,24,100,42101,Carbon monoxide,554,40060,"Richmond, VA",51,Virginia,87,Henrico,37.55652,-77.40027
9/30/2023,AQS,510870014,1,0.3,ppm,3,MathScience Innovation Center,24,100,42101,Carbon monoxide,554,40060,"Richmond, VA",51,Virginia,87,Henrico,37.55652,-77.40027
10/1/2023,AQS,510870014,1,0.4,ppm,5,MathScience Innovation Center,24,100,42101,Carbon monoxide,554,40060,"Richmond, VA",51,Virginia,87,Henrico,37.55652,-77.40027
10/2/2023,AQS,510870014,1,0.5,ppm,6,MathScience Innovation Center,24,100,42101,Carbon monoxide,554,40060,"Richmond, VA",51,Virginia,87,Henrico,37.55652,-77.40027
10/3/2023,AQS,510870014,1,0.5,ppm,6,MathScience Innovation Center,20,83,42101,Carbon monoxide,554,40060,"Richmond, VA",51,Virginia,87,Henrico,37.55652,-77.40027
10/4/2023,AQS,510870014,1,0.4,ppm,5,MathScience Innovation Center,24,100,42101,Carbon monoxide,554,40060,"Richmond, VA",51,Virginia,87,Henrico,37.55652,-77.40027
10/5/2023,AQS,510870014,1,0.3,ppm,3,MathScience Innovation Center,24,100,42101,Carbon monoxide,554,40060,"Richmond, VA",51,Virginia,87,Henrico,37.55652,-77.40027
10/6/2023,AQS,510870014,1,0.3,ppm,3,MathScience Innovation Center,19,79,42101,Carbon monoxide,554,40060,"Richmond, VA",51,Virginia,87,Henrico,37.55652,-77.40027
10/7/2023,AQS,510870014,1,0.4,ppm,5,MathScience Innovation Center,24,100,42101,Carbon monoxide,554,40060,"Richmond, VA",51,Virginia,87,Henrico,37.55652,-77.40027
10/8/2023,AQS,510870014,1,0.3,ppm,3,MathScience Innovation Center,24,100,42101,Carbon monoxide,554,40060,"Richmond, VA",51,Virginia,87,Henrico,37.55652,-77.40027
10/9/2023,AQS,510870014,1,0.3,ppm,3,MathScience Innovation Center,24,100,42101,Carbon monoxide,554,40060,"Richmond, VA",51,Virginia,87,Henrico,37.55652,-77.40027
10/10/2023,AQS,510870014,1,0.3,ppm,3,MathScience Innovation Center,24,100,42101,Carbon monoxide,554,40060,"Richmond, VA",51,Virginia,87,Henrico,37.55652,-77.40027
10/11/2023,AQS,510870014,1,0.4,ppm,5,MathScience Innovation Center,24,100,42101,Carbon monoxide,554,40060,"Richmond, VA",51,Virginia,87,Henrico,37.55652,-77.40027
10/12/2023,AQS,510870014,1,0.4,ppm,5,MathScience Innovation Center,20,83,42101,Carbon monoxide,554,40060,"Richmond, VA",51,Virginia,87,Henrico,37.55652,-77.40027
10/13/2023,AQS,510870014,1,0.4,ppm,5,MathScience Innovation Center,24,100,42101,Carbon monoxide,554,40060,"Richmond, VA",51,Virginia,87,Henrico,37.55652,-77.40027
10/14/2023,AQS,510870014,1,0.3,ppm,3,MathScience Innovation Center,24,100,42101,Carbon monoxide,554,40060,"Richmond, VA",51,Virginia,87,Henrico,37.55652,-77.40027
10/15/2023,AQS,510870014,1,0.3,ppm,3,MathScience Innovation Center,24,100,42101,Carbon monoxide,554,40060,"Richmond, VA",51,Virginia,87,Henrico,37.55652,-77.40027
10/16/2023,AQS,510870014,1,0.3,ppm,3,MathScience Innovation Center,24,100,42101,Carbon monoxide,554,40060,"Richmond, VA",51,Virginia,87,Henrico,37.55652,-77.40027
10/17/2023,AQS,510870014,1,0.2,ppm,2,MathScience Innovation Center,24,100,42101,Carbon monoxide,554,40060,"Richmond, VA",51,Virginia,87,Henrico,37.55652,-77.40027
10/18/2023,AQS,510870014,1,0.3,ppm,3,MathScience Innovation Center,20,83,42101,Carbon monoxide,554,40060,"Richmond, VA",51,Virginia,87,Henrico,37.55652,-77.40027
10/19/2023,AQS,510870014,1,0.3,ppm,3,MathScience Innovation Center,24,100,42101,Carbon monoxide,554,40060,"Richmond, VA",51,Virginia,87,Henrico,37.55652,-77.40027
10/20/2023,AQS,510870014,1,0.3,ppm,3,MathScience Innovation Center,24,100,42101,Carbon monoxide,554,40060,"Richmond, VA",51,Virginia,87,Henrico,37.55652,-77.40027
10/21/2023,AQS,510870014,1,0.3,ppm,3,MathScience Innovation Center,24,100,42101,Carbon monoxide,554,40060,"Richmond, VA",51,Virginia,87,Henrico,37.55652,-77.40027
10/22/2023,AQS,510870014,1,0.3,ppm,3,MathScience Innovation Center,24,100,42101,Carbon monoxide,554,40060,"Richmond, VA",51,Virginia,87,Henrico,37.55652,-77.40027
10/23/2023,AQS,510870014,1,0.4,ppm,5,MathScience Innovation Center,24,100,42101,Carbon monoxide,554,40060,"Richmond, VA",51,Virginia,87,Henrico,37.55652,-77.40027
10/24/2023,AQS,510870014,1,0.6,ppm,7,MathScience Innovation Center,20,83,42101,Carbon monoxide,554,40060,"Richmond, VA",51,Virginia,87,Henrico,37.55652,-77.40027
10/25/2023,AQS,510870014,1,0.4,ppm,5,MathScience Innovation Center,24,100,42101,Carbon monoxide,554,40060,"Richmond, VA",51,Virginia,87,Henrico,37.55652,-77.40027
10/26/2023,AQS,510870014,1,0.3,ppm,3,MathScience Innovation Center,24,100,42101,Carbon monoxide,554,40060,"Richmond, VA",51,Virginia,87,Henrico,37.55652,-77.40027
10/27/2023,AQS,510870014,1,0.4,ppm,5,MathScience Innovation Center,24,100,42101,Carbon monoxide,554,40060,"Richmond, VA",51,Virginia,87,Henrico,37.55652,-77.40027
10/28/2023,AQS,510870014,1,0.4,ppm,5,MathScience Innovation Center,24,100,42101,Carbon monoxide,554,40060,"Richmond, VA",51,Virginia,87,Henrico,37.55652,-77.40027
10/29/2023,AQS,510870014,1,0.5,ppm,6,MathScience Innovation Center,24,100,42101,Carbon monoxide,554,40060,"Richmond, VA",51,Virginia,87,Henrico,37.55652,-77.40027
10/30/2023,AQS,510870014,1,0.3,ppm,3,MathScience Innovation Center,24,100,42101,Carbon monoxide,554,40060,"Richmond, VA",51,Virginia,87,Henrico,37.55652,-77.40027
10/31/2023,AQS,510870014,1,0.3,ppm,3,MathScience Innovation Center,24,100,42101,Carbon monoxide,554,40060,"Richmond, VA",51,Virginia,87,Henrico,37.55652,-77.40027
11/1/2023,AQS,510870014,1,0.2,ppm,2,MathScience Innovation Center,24,100,42101,Carbon monoxide,554,40060,"Richmond, VA",51,Virginia,87,Henrico,37.55652,-77.40027
11/2/2023,AQS,510870014,1,0.4,ppm,5,MathScience Innovation Center,22,92,42101,Carbon monoxide,554,40060,"Richmond, VA",51,Virginia,87,Henrico,37.55652,-77.40027
11/3/2023,AQS,510870014,1,0.4,ppm,5,MathScience Innovation Center,24,100,42101,Carbon monoxide,554,40060,"Richmond, VA",51,Virginia,87,Henrico,37.55652,-77.40027
11/4/2023,AQS,510870014,1,0.6,ppm,7,MathScience Innovation Center,24,100,42101,Carbon monoxide,554,40060,"Richmond, VA",51,Virginia,87,Henrico,37.55652,-77.40027
11/5/2023,AQS,510870014,1,0.7,ppm,8,MathScience Innovation Center,24,100,42101,Carbon monoxide,554,40060,"Richmond, VA",51,Virginia,87,Henrico,37.55652,-77.40027
11/6/2023,AQS,510870014,1,0.6,ppm,7,MathScience Innovation Center,24,100,42101,Carbon monoxide,554,40060,"Richmond, VA",51,Virginia,87,Henrico,37.55652,-77.40027
11/7/2023,AQS,510870014,1,0.4,ppm,5,MathScience Innovation Center,24,100,42101,Carbon monoxide,554,40060,"Richmond, VA",51,Virginia,87,Henrico,37.55652,-77.40027
11/8/2023,AQS,510870014,1,0.4,ppm,5,MathScience Innovation Center,21,88,42101,Carbon monoxide,554,40060,"Richmond, VA",51,Virginia,87,Henrico,37.55652,-77.40027
11/9/2023,AQS,510870014,1,0.3,ppm,3,MathScience Innovation Center,24,100,42101,Carbon monoxide,554,40060,"Richmond, VA",51,Virginia,87,Henrico,37.55652,-77.40027
11/10/2023,AQS,510870014,1,0.3,ppm,3,MathScience Innovation Center,24,100,42101,Carbon monoxide,554,40060,"Richmond, VA",51,Virginia,87,Henrico,37.55652,-77.40027
11/11/2023,AQS,510870014,1,0.4,ppm,5,MathScience Innovation Center,24,100,42101,Carbon monoxide,554,40060,"Richmond, VA",51,Virginia,87,Henrico,37.55652,-77.40027
11/12/2023,AQS,510870014,1,0.4,ppm,5,MathScience Innovation Center,24,100,42101,Carbon monoxide,554,40060,"Richmond, VA",51,Virginia,87,Henrico,37.55652,-77.40027
11/13/2023,AQS,510870014,1,0.5,ppm,6,MathScience Innovation Center,24,100,42101,Carbon monoxide,554,40060,"Richmond, VA",51,Virginia,87,Henrico,37.55652,-77.40027
11/14/2023,AQS,510870014,1,0.6,ppm,7,MathScience Innovation Center,24,100,42101,Carbon monoxide,554,40060,"Richmond, VA",51,Virginia,87,Henrico,37.55652,-77.40027
11/15/2023,AQS,510870014,1,0.7,ppm,8,MathScience Innovation Center,24,100,42101,Carbon monoxide,554,40060,"Richmond, VA",51,Virginia,87,Henrico,37.55652,-77.40027
11/16/2023,AQS,510870014,1,0.5,ppm,6,MathScience Innovation Center,24,100,42101,Carbon monoxide,554,40060,"Richmond, VA",51,Virginia,87,Henrico,37.55652,-77.40027
11/17/2023,AQS,510870014,1,0.4,ppm,5,MathScience Innovation Center,24,100,42101,Carbon monoxide,554,40060,"Richmond, VA",51,Virginia,87,Henrico,37.55652,-77.40027
11/18/2023,AQS,510870014,1,0.5,ppm,6,MathScience Innovation Center,24,100,42101,Carbon monoxide,554,40060,"Richmond, VA",51,Virginia,87,Henrico,37.55652,-77.40027
11/19/2023,AQS,510870014,1,0.4,ppm,5,MathScience Innovation Center,24,100,42101,Carbon monoxide,554,40060,"Richmond, VA",51,Virginia,87,Henrico,37.55652,-77.40027
11/20/2023,AQS,510870014,1,0.6,ppm,7,MathScience Innovation Center,24,100,42101,Carbon monoxide,554,40060,"Richmond, VA",51,Virginia,87,Henrico,37.55652,-77.40027
11/21/2023,AQS,510870014,1,0.2,ppm,2,MathScience Innovation Center,24,100,42101,Carbon monoxide,554,40060,"Richmond, VA",51,Virginia,87,Henrico,37.55652,-77.40027
11/22/2023,AQS,510870014,1,0.3,ppm,3,MathScience Innovation Center,24,100,42101,Carbon monoxide,554,40060,"Richmond, VA",51,Virginia,87,Henrico,37.55652,-77.40027
11/23/2023,AQS,510870014,1,0.4,ppm,5,MathScience Innovation Center,24,100,42101,Carbon monoxide,554,40060,"Richmond, VA",51,Virginia,87,Henrico,37.55652,-77.40027
11/24/2023,AQS,510870014,1,0.5,ppm,6,MathScience Innovation Center,24,100,42101,Carbon monoxide,554,40060,"Richmond, VA",51,Virginia,87,Henrico,37.55652,-77.40027
11/25/2023,AQS,510870014,1,0.4,ppm,5,MathScience Innovation Center,24,100,42101,Carbon monoxide,554,40060,"Richmond, VA",51,Virginia,87,Henrico,37.55652,-77.40027
11/26/2023,AQS,510870014,1,0.3,ppm,3,MathScience Innovation Center,24,100,42101,Carbon monoxide,554,40060,"Richmond, VA",51,Virginia,87,Henrico,37.55652,-77.40027
11/27/2023,AQS,510870014,1,0.3,ppm,3,MathScience Innovation Center,24,100,42101,Carbon monoxide,554,40060,"Richmond, VA",51,Virginia,87,Henrico,37.55652,-77.40027
11/28/2023,AQS,510870014,1,0.2,ppm,2,MathScience Innovation Center,16,67,42101,Carbon monoxide,554,40060,"Richmond, VA",51,Virginia,87,Henrico,37.55652,-77.40027
11/29/2023,AQS,510870014,1,0.4,ppm,5,MathScience Innovation Center,15,63,42101,Carbon monoxide,554,40060,"Richmond, VA",51,Virginia,87,Henrico,37.55652,-77.40027
11/30/2023,AQS,510870014,1,0.4,ppm,5,MathScience Innovation Center,24,100,42101,Carbon monoxide,554,40060,"Richmond, VA",51,Virginia,87,Henrico,37.55652,-77.40027
12/1/2023,AQS,510870014,1,0.5,ppm,6,MathScience Innovation Center,24,100,42101,Carbon monoxide,554,40060,"Richmond, VA",51,Virginia,87,Henrico,37.55652,-77.40027
12/2/2023,AQS,510870014,1,0.6,ppm,7,MathScience Innovation Center,24,100,42101,Carbon monoxide,554,40060,"Richmond, VA",51,Virginia,87,Henrico,37.55652,-77.40027
12/3/2023,AQS,510870014,1,0.5,ppm,6,MathScience Innovation Center,24,100,42101,Carbon monoxide,554,40060,"Richmond, VA",51,Virginia,87,Henrico,37.55652,-77.40027
12/4/2023,AQS,510870014,1,0.4,ppm,5,MathScience Innovation Center,24,100,42101,Carbon monoxide,554,40060,"Richmond, VA",51,Virginia,87,Henrico,37.55652,-77.40027
12/5/2023,AQS,510870014,1,0.7,ppm,8,MathScience Innovation Center,24,100,42101,Carbon monoxide,554,40060,"Richmond, VA",51,Virginia,87,Henrico,37.55652,-77.40027
12/6/2023,AQS,510870014,1,0.3,ppm,3,MathScience Innovation Center,24,100,42101,Carbon monoxide,554,40060,"Richmond, VA",51,Virginia,87,Henrico,37.55652,-77.40027
12/7/2023,AQS,510870014,1,0.7,ppm,8,MathScience Innovation Center,24,100,42101,Carbon monoxide,554,40060,"Richmond, VA",51,Virginia,87,Henrico,37.55652,-77.40027
12/8/2023,AQS,510870014,1,0.5,ppm,6,MathScience Innovation Center,24,100,42101,Carbon monoxide,554,40060,"Richmond, VA",51,Virginia,87,Henrico,37.55652,-77.40027
12/9/2023,AQS,510870014,1,0.5,ppm,6,MathScience Innovation Center,24,100,42101,Carbon monoxide,554,40060,"Richmond, VA",51,Virginia,87,Henrico,37.55652,-77.40027
12/10/2023,AQS,510870014,1,0.5,ppm,6,MathScience Innovation Center,24,100,42101,Carbon monoxide,554,40060,"Richmond, VA",51,Virginia,87,Henrico,37.55652,-77.40027
12/11/2023,AQS,510870014,1,0.4,ppm,5,MathScience Innovation Center,24,100,42101,Carbon monoxide,554,40060,"Richmond, VA",51,Virginia,87,Henrico,37.55652,-77.40027
12/12/2023,AQS,510870014,1,0.9,ppm,10,MathScience Innovation Center,24,100,42101,Carbon monoxide,554,40060,"Richmond, VA",51,Virginia,87,Henrico,37.55652,-77.40027
12/13/2023,AQS,510870014,1,0.5,ppm,6,MathScience Innovation Center,24,100,42101,Carbon monoxide,554,40060,"Richmond, VA",51,Virginia,87,Henrico,37.55652,-77.40027
12/14/2023,AQS,510870014,1,0.6,ppm,7,MathScience Innovation Center,24,100,42101,Carbon monoxide,554,40060,"Richmond, VA",51,Virginia,87,Henrico,37.55652,-77.40027
12/15/2023,AQS,510870014,1,1,ppm,11,MathScience Innovation Center,24,100,42101,Carbon monoxide,554,40060,"Richmond, VA",51,Virginia,87,Henrico,37.55652,-77.40027
12/16/2023,AQS,510870014,1,1.3,ppm,15,MathScience Innovation Center,24,100,42101,Carbon monoxide,554,40060,"Richmond, VA",51,Virginia,87,Henrico,37.55652,-77.40027
12/17/2023,AQS,510870014,1,0.3,ppm,3,MathScience Innovation Center,24,100,42101,Carbon monoxide,554,40060,"Richmond, VA",51,Virginia,87,Henrico,37.55652,-77.40027
12/18/2023,AQS,510870014,1,0.2,ppm,2,MathScience Innovation Center,24,100,42101,Carbon monoxide,554,40060,"Richmond, VA",51,Virginia,87,Henrico,37.55652,-77.40027
12/19/2023,AQS,510870014,1,0.2,ppm,2,MathScience Innovation Center,24,100,42101,Carbon monoxide,554,40060,"Richmond, VA",51,Virginia,87,Henrico,37.55652,-77.40027
12/20/2023,AQS,510870014,1,0.7,ppm,8,MathScience Innovation Center,24,100,42101,Carbon monoxide,554,40060,"Richmond, VA",51,Virginia,87,Henrico,37.55652,-77.40027
12/21/2023,AQS,510870014,1,1.1,ppm,13,MathScience Innovation Center,24,100,42101,Carbon monoxide,554,40060,"Richmond, VA",51,Virginia,87,Henrico,37.55652,-77.40027
12/22/2023,AQS,510870014,1,0.7,ppm,8,MathScience Innovation Center,24,100,42101,Carbon monoxide,554,40060,"Richmond, VA",51,Virginia,87,Henrico,37.55652,-77.40027
12/23/2023,AQS,510870014,1,0.5,ppm,6,MathScience Innovation Center,24,100,42101,Carbon monoxide,554,40060,"Richmond, VA",51,Virginia,87,Henrico,37.55652,-77.40027
12/24/2023,AQS,510870014,1,0.7,ppm,8,MathScience Innovation Center,24,100,42101,Carbon monoxide,554,40060,"Richmond, VA",51,Virginia,87,Henrico,37.55652,-77.40027
12/25/2023,AQS,510870014,1,0.7,ppm,8,MathScience Innovation Center,24,100,42101,Carbon monoxide,554,40060,"Richmond, VA",51,Virginia,87,Henrico,37.55652,-77.40027
12/26/2023,AQS,510870014,1,0.3,ppm,3,MathScience Innovation Center,4,17,42101,Carbon monoxide,554,40060,"Richmond, VA",51,Virginia,87,Henrico,37.55652,-77.40027
12/29/2023,AQS,510870014,1,0.2,ppm,2,MathScience Innovation Center,9,38,42101,Carbon monoxide,554,40060,"Richmond, VA",51,Virginia,87,Henrico,37.55652,-77.40027
12/30/2023,AQS,510870014,1,0.3,ppm,3,MathScience Innovation Center,24,100,42101,Carbon monoxide,554,40060,"Richmond, VA",51,Virginia,87,Henrico,37.55652,-77.40027
12/31/2023,AQS,510870014,1,0.4,ppm,5,MathScience Innovation Center,24,100,42101,Carbon monoxide,554,40060,"Richmond, VA",51,Virginia,87,Henrico,37.55652,-77.40027
1/1/2023,AQS,511611004,1,0.1,ppm,1,East Vinton Elementary School,19,79,42101,Carbon monoxide,54,40220,"Roanoke, VA",51,Virginia,161,Roanoke,37.28342,-79.88452
1/2/2023,AQS,511611004,1,0.2,ppm,2,East Vinton Elementary School,24,100,42101,Carbon monoxide,54,40220,"Roanoke, VA",51,Virginia,161,Roanoke,37.28342,-79.88452
1/3/2023,AQS,511611004,1,0.2,ppm,2,East Vinton Elementary School,24,100,42101,Carbon monoxide,54,40220,"Roanoke, VA",51,Virginia,161,Roanoke,37.28342,-79.88452
1/4/2023,AQS,511611004,1,0.1,ppm,1,East Vinton Elementary School,24,100,42101,Carbon monoxide,54,40220,"Roanoke, VA",51,Virginia,161,Roanoke,37.28342,-79.88452
1/5/2023,AQS,511611004,1,0.1,ppm,1,East Vinton Elementary School,24,100,42101,Carbon monoxide,54,40220,"Roanoke, VA",51,Virginia,161,Roanoke,37.28342,-79.88452
1/6/2023,AQS,511611004,1,0.2,ppm,2,East Vinton Elementary School,24,100,42101,Carbon monoxide,54,40220,"Roanoke, VA",51,Virginia,161,Roanoke,37.28342,-79.88452
1/7/2023,AQS,511611004,1,0.3,ppm,3,East Vinton Elementary School,24,100,42101,Carbon monoxide,54,40220,"Roanoke, VA",51,Virginia,161,Roanoke,37.28342,-79.88452
1/8/2023,AQS,511611004,1,0.2,ppm,2,East Vinton Elementary School,24,100,42101,Carbon monoxide,54,40220,"Roanoke, VA",51,Virginia,161,Roanoke,37.28342,-79.88452
1/9/2023,AQS,511611004,1,0.2,ppm,2,East Vinton Elementary School,24,100,42101,Carbon monoxide,54,40220,"Roanoke, VA",51,Virginia,161,Roanoke,37.28342,-79.88452
1/10/2023,AQS,511611004,1,0.3,ppm,3,East Vinton Elementary School,24,100,42101,Carbon monoxide,54,40220,"Roanoke, VA",51,Virginia,161,Roanoke,37.28342,-79.88452
1/11/2023,AQS,511611004,1,0.5,ppm,6,East Vinton Elementary School,24,100,42101,Carbon monoxide,54,40220,"Roanoke, VA",51,Virginia,161,Roanoke,37.28342,-79.88452
1/12/2023,AQS,511611004,1,0.3,ppm,3,East Vinton Elementary School,24,100,42101,Carbon monoxide,54,40220,"Roanoke, VA",51,Virginia,161,Roanoke,37.28342,-79.88452
1/13/2023,AQS,511611004,1,0.3,ppm,3,East Vinton Elementary School,24,100,42101,Carbon monoxide,54,40220,"Roanoke, VA",51,Virginia,161,Roanoke,37.28342,-79.88452
1/14/2023,AQS,511611004,1,0.1,ppm,1,East Vinton Elementary School,24,100,42101,Carbon monoxide,54,40220,"Roanoke, VA",51,Virginia,161,Roanoke,37.28342,-79.88452
1/15/2023,AQS,511611004,1,0.1,ppm,1,East Vinton Elementary School,24,100,42101,Carbon monoxide,54,40220,"Roanoke, VA",51,Virginia,161,Roanoke,37.28342,-79.88452
1/16/2023,AQS,511611004,1,0.2,ppm,2,East Vinton Elementary School,24,100,42101,Carbon monoxide,54,40220,"Roanoke, VA",51,Virginia,161,Roanoke,37.28342,-79.88452
1/17/2023,AQS,511611004,1,0.3,ppm,3,East Vinton Elementary School,24,100,42101,Carbon monoxide,54,40220,"Roanoke, VA",51,Virginia,161,Roanoke,37.28342,-79.88452
1/18/2023,AQS,511611004,1,0.1,ppm,1,East Vinton Elementary School,24,100,42101,Carbon monoxide,54,40220,"Roanoke, VA",51,Virginia,161,Roanoke,37.28342,-79.88452
1/19/2023,AQS,511611004,1,0.4,ppm,5,East Vinton Elementary School,24,100,42101,Carbon monoxide,54,40220,"Roanoke, VA",51,Virginia,161,Roanoke,37.28342,-79.88452
1/20/2023,AQS,511611004,1,0.3,ppm,3,East Vinton Elementary School,24,100,42101,Carbon monoxide,54,40220,"Roanoke, VA",51,Virginia,161,Roanoke,37.28342,-79.88452
1/21/2023,AQS,511611004,1,0.2,ppm,2,East Vinton Elementary School,24,100,42101,Carbon monoxide,54,40220,"Roanoke, VA",51,Virginia,161,Roanoke,37.28342,-79.88452
1/22/2023,AQS,511611004,1,0.3,ppm,3,East Vinton Elementary School,24,100,42101,Carbon monoxide,54,40220,"Roanoke, VA",51,Virginia,161,Roanoke,37.28342,-79.88452
1/23/2023,AQS,511611004,1,0.2,ppm,2,East Vinton Elementary School,24,100,42101,Carbon monoxide,54,40220,"Roanoke, VA",51,Virginia,161,Roanoke,37.28342,-79.88452
1/24/2023,AQS,511611004,1,0.2,ppm,2,East Vinton Elementary School,24,100,42101,Carbon monoxide,54,40220,"Roanoke, VA",51,Virginia,161,Roanoke,37.28342,-79.88452
1/25/2023,AQS,511611004,1,0.3,ppm,3,East Vinton Elementary School,24,100,42101,Carbon monoxide,54,40220,"Roanoke, VA",51,Virginia,161,Roanoke,37.28342,-79.88452
1/26/2023,AQS,511611004,1,0.2,ppm,2,East Vinton Elementary School,24,100,42101,Carbon monoxide,54,40220,"Roanoke, VA",51,Virginia,161,Roanoke,37.28342,-79.88452
1/27/2023,AQS,511611004,1,0.2,ppm,2,East Vinton Elementary School,24,100,42101,Carbon monoxide,54,40220,"Roanoke, VA",51,Virginia,161,Roanoke,37.28342,-79.88452
1/28/2023,AQS,511611004,1,0.2,ppm,2,East Vinton Elementary School,24,100,42101,Carbon monoxide,54,40220,"Roanoke, VA",51,Virginia,161,Roanoke,37.28342,-79.88452
1/29/2023,AQS,511611004,1,0.5,ppm,6,East Vinton Elementary School,24,100,42101,Carbon monoxide,54,40220,"Roanoke, VA",51,Virginia,161,Roanoke,37.28342,-79.88452
1/30/2023,AQS,511611004,1,0.3,ppm,3,East Vinton Elementary School,24,100,42101,Carbon monoxide,54,40220,"Roanoke, VA",51,Virginia,161,Roanoke,37.28342,-79.88452
1/31/2023,AQS,511611004,1,0.3,ppm,3,East Vinton Elementary School,24,100,42101,Carbon monoxide,54,40220,"Roanoke, VA",51,Virginia,161,Roanoke,37.28342,-79.88452
2/1/2023,AQS,511611004,1,0.3,ppm,3,East Vinton Elementary School,24,100,42101,Carbon monoxide,54,40220,"Roanoke, VA",51,Virginia,161,Roanoke,37.28342,-79.88452
2/2/2023,AQS,511611004,1,0.3,ppm,3,East Vinton Elementary School,24,100,42101,Carbon monoxide,54,40220,"Roanoke, VA",51,Virginia,161,Roanoke,37.28342,-79.88452
2/3/2023,AQS,511611004,1,0.2,ppm,2,East Vinton Elementary School,24,100,42101,Carbon monoxide,54,40220,"Roanoke, VA",51,Virginia,161,Roanoke,37.28342,-79.88452
2/4/2023,AQS,511611004,1,0.2,ppm,2,East Vinton Elementary School,24,100,42101,Carbon monoxide,54,40220,"Roanoke, VA",51,Virginia,161,Roanoke,37.28342,-79.88452
2/5/2023,AQS,511611004,1,0.3,ppm,3,East Vinton Elementary School,24,100,42101,Carbon monoxide,54,40220,"Roanoke, VA",51,Virginia,161,Roanoke,37.28342,-79.88452
2/6/2023,AQS,511611004,1,0.3,ppm,3,East Vinton Elementary School,24,100,42101,Carbon monoxide,54,40220,"Roanoke, VA",51,Virginia,161,Roanoke,37.28342,-79.88452
2/7/2023,AQS,511611004,1,0.4,ppm,5,East Vinton Elementary School,24,100,42101,Carbon monoxide,54,40220,"Roanoke, VA",51,Virginia,161,Roanoke,37.28342,-79.88452
2/8/2023,AQS,511611004,1,0.2,ppm,2,East Vinton Elementary School,24,100,42101,Carbon monoxide,54,40220,"Roanoke, VA",51,Virginia,161,Roanoke,37.28342,-79.88452
2/9/2023,AQS,511611004,1,0.2,ppm,2,East Vinton Elementary School,24,100,42101,Carbon monoxide,54,40220,"Roanoke, VA",51,Virginia,161,Roanoke,37.28342,-79.88452
2/10/2023,AQS,511611004,1,0.2,ppm,2,East Vinton Elementary School,24,100,42101,Carbon monoxide,54,40220,"Roanoke, VA",51,Virginia,161,Roanoke,37.28342,-79.88452
2/11/2023,AQS,511611004,1,0.2,ppm,2,East Vinton Elementary School,24,100,42101,Carbon monoxide,54,40220,"Roanoke, VA",51,Virginia,161,Roanoke,37.28342,-79.88452
2/12/2023,AQS,511611004,1,0.2,ppm,2,East Vinton Elementary School,24,100,42101,Carbon monoxide,54,40220,"Roanoke, VA",51,Virginia,161,Roanoke,37.28342,-79.88452
2/13/2023,AQS,511611004,1,0.2,ppm,2,East Vinton Elementary School,24,100,42101,Carbon monoxide,54,40220,"Roanoke, VA",51,Virginia,161,Roanoke,37.28342,-79.88452
2/14/2023,AQS,511611004,1,0.3,ppm,3,East Vinton Elementary School,24,100,42101,Carbon monoxide,54,40220,"Roanoke, VA",51,Virginia,161,Roanoke,37.28342,-79.88452
2/15/2023,AQS,511611004,1,0.2,ppm,2,East Vinton Elementary School,24,100,42101,Carbon monoxide,54,40220,"Roanoke, VA",51,Virginia,161,Roanoke,37.28342,-79.88452
2/16/2023,AQS,511611004,1,0.3,ppm,3,East Vinton Elementary School,24,100,42101,Carbon monoxide,54,40220,"Roanoke, VA",51,Virginia,161,Roanoke,37.28342,-79.88452
2/17/2023,AQS,511611004,1,0.3,ppm,3,East Vinton Elementary School,24,100,42101,Carbon monoxide,54,40220,"Roanoke, VA",51,Virginia,161,Roanoke,37.28342,-79.88452
2/18/2023,AQS,511611004,1,0.3,ppm,3,East Vinton Elementary School,24,100,42101,Carbon monoxide,54,40220,"Roanoke, VA",51,Virginia,161,Roanoke,37.28342,-79.88452
2/19/2023,AQS,511611004,1,0.5,ppm,6,East Vinton Elementary School,24,100,42101,Carbon monoxide,54,40220,"Roanoke, VA",51,Virginia,161,Roanoke,37.28342,-79.88452
2/20/2023,AQS,511611004,1,0.3,ppm,3,East Vinton Elementary School,24,100,42101,Carbon monoxide,54,40220,"Roanoke, VA",51,Virginia,161,Roanoke,37.28342,-79.88452
2/21/2023,AQS,511611004,1,0.3,ppm,3,East Vinton Elementary School,24,100,42101,Carbon monoxide,54,40220,"Roanoke, VA",51,Virginia,161,Roanoke,37.28342,-79.88452
2/22/2023,AQS,511611004,1,0.3,ppm,3,East Vinton Elementary School,24,100,42101,Carbon monoxide,54,40220,"Roanoke, VA",51,Virginia,161,Roanoke,37.28342,-79.88452
2/23/2023,AQS,511611004,1,0.3,ppm,3,East Vinton Elementary School,24,100,42101,Carbon monoxide,54,40220,"Roanoke, VA",51,Virginia,161,Roanoke,37.28342,-79.88452
2/24/2023,AQS,511611004,1,0.2,ppm,2,East Vinton Elementary School,24,100,42101,Carbon monoxide,54,40220,"Roanoke, VA",51,Virginia,161,Roanoke,37.28342,-79.88452
2/25/2023,AQS,511611004,1,0.3,ppm,3,East Vinton Elementary School,24,100,42101,Carbon monoxide,54,40220,"Roanoke, VA",51,Virginia,161,Roanoke,37.28342,-79.88452
2/26/2023,AQS,511611004,1,0.3,ppm,3,East Vinton Elementary School,24,100,42101,Carbon monoxide,54,40220,"Roanoke, VA",51,Virginia,161,Roanoke,37.28342,-79.88452
2/27/2023,AQS,511611004,1,0.2,ppm,2,East Vinton Elementary School,24,100,42101,Carbon monoxide,54,40220,"Roanoke, VA",51,Virginia,161,Roanoke,37.28342,-79.88452
2/28/2023,AQS,511611004,1,0.2,ppm,2,East Vinton Elementary School,24,100,42101,Carbon monoxide,54,40220,"Roanoke, VA",51,Virginia,161,Roanoke,37.28342,-79.88452
3/1/2023,AQS,511611004,1,0.2,ppm,2,East Vinton Elementary School,24,100,42101,Carbon monoxide,54,40220,"Roanoke, VA",51,Virginia,161,Roanoke,37.28342,-79.88452
3/2/2023,AQS,511611004,1,0.3,ppm,3,East Vinton Elementary School,24,100,42101,Carbon monoxide,54,40220,"Roanoke, VA",51,Virginia,161,Roanoke,37.28342,-79.88452
3/3/2023,AQS,511611004,1,0.3,ppm,3,East Vinton Elementary School,24,100,42101,Carbon monoxide,54,40220,"Roanoke, VA",51,Virginia,161,Roanoke,37.28342,-79.88452
3/4/2023,AQS,511611004,1,0.3,ppm,3,East Vinton Elementary School,24,100,42101,Carbon monoxide,54,40220,"Roanoke, VA",51,Virginia,161,Roanoke,37.28342,-79.88452
3/5/2023,AQS,511611004,1,0.3,ppm,3,East Vinton Elementary School,24,100,42101,Carbon monoxide,54,40220,"Roanoke, VA",51,Virginia,161,Roanoke,37.28342,-79.88452
3/6/2023,AQS,511611004,1,0.4,ppm,5,East Vinton Elementary School,24,100,42101,Carbon monoxide,54,40220,"Roanoke, VA",51,Virginia,161,Roanoke,37.28342,-79.88452
3/7/2023,AQS,511611004,1,0.2,ppm,2,East Vinton Elementary School,24,100,42101,Carbon monoxide,54,40220,"Roanoke, VA",51,Virginia,161,Roanoke,37.28342,-79.88452
3/8/2023,AQS,511611004,1,0.2,ppm,2,East Vinton Elementary School,24,100,42101,Carbon monoxide,54,40220,"Roanoke, VA",51,Virginia,161,Roanoke,37.28342,-79.88452
3/9/2023,AQS,511611004,1,0.1,ppm,1,East Vinton Elementary School,24,100,42101,Carbon monoxide,54,40220,"Roanoke, VA",51,Virginia,161,Roanoke,37.28342,-79.88452
3/10/2023,AQS,511611004,1,0.2,ppm,2,East Vinton Elementary School,24,100,42101,Carbon monoxide,54,40220,"Roanoke, VA",51,Virginia,161,Roanoke,37.28342,-79.88452
3/11/2023,AQS,511611004,1,0.1,ppm,1,East Vinton Elementary School,24,100,42101,Carbon monoxide,54,40220,"Roanoke, VA",51,Virginia,161,Roanoke,37.28342,-79.88452
3/12/2023,AQS,511611004,1,0.1,ppm,1,East Vinton Elementary School,24,100,42101,Carbon monoxide,54,40220,"Roanoke, VA",51,Virginia,161,Roanoke,37.28342,-79.88452
3/13/2023,AQS,511611004,1,0.2,ppm,2,East Vinton Elementary School,24,100,42101,Carbon monoxide,54,40220,"Roanoke, VA",51,Virginia,161,Roanoke,37.28342,-79.88452
3/14/2023,AQS,511611004,1,0.1,ppm,1,East Vinton Elementary School,24,100,42101,Carbon monoxide,54,40220,"Roanoke, VA",51,Virginia,161,Roanoke,37.28342,-79.88452
3/15/2023,AQS,511611004,1,0.2,ppm,2,East Vinton Elementary School,24,100,42101,Carbon monoxide,54,40220,"Roanoke, VA",51,Virginia,161,Roanoke,37.28342,-79.88452
3/16/2023,AQS,511611004,1,0.3,ppm,3,East Vinton Elementary School,24,100,42101,Carbon monoxide,54,40220,"Roanoke, VA",51,Virginia,161,Roanoke,37.28342,-79.88452
3/17/2023,AQS,511611004,1,0.3,ppm,3,East Vinton Elementary School,24,100,42101,Carbon monoxide,54,40220,"Roanoke, VA",51,Virginia,161,Roanoke,37.28342,-79.88452
3/18/2023,AQS,511611004,1,0.2,ppm,2,East Vinton Elementary School,24,100,42101,Carbon monoxide,54,40220,"Roanoke, VA",51,Virginia,161,Roanoke,37.28342,-79.88452
3/19/2023,AQS,511611004,1,0.2,ppm,2,East Vinton Elementary School,24,100,42101,Carbon monoxide,54,40220,"Roanoke, VA",51,Virginia,161,Roanoke,37.28342,-79.88452
3/20/2023,AQS,511611004,1,0.3,ppm,3,East Vinton Elementary School,24,100,42101,Carbon monoxide,54,40220,"Roanoke, VA",51,Virginia,161,Roanoke,37.28342,-79.88452
3/21/2023,AQS,511611004,1,0.3,ppm,3,East Vinton Elementary School,24,100,42101,Carbon monoxide,54,40220,"Roanoke, VA",51,Virginia,161,Roanoke,37.28342,-79.88452
3/22/2023,AQS,511611004,1,0.2,ppm,2,East Vinton Elementary School,24,100,42101,Carbon monoxide,54,40220,"Roanoke, VA",51,Virginia,161,Roanoke,37.28342,-79.88452
3/23/2023,AQS,511611004,1,0.2,ppm,2,East Vinton Elementary School,24,100,42101,Carbon monoxide,54,40220,"Roanoke, VA",51,Virginia,161,Roanoke,37.28342,-79.88452
3/24/2023,AQS,511611004,1,0.2,ppm,2,East Vinton Elementary School,24,100,42101,Carbon monoxide,54,40220,"Roanoke, VA",51,Virginia,161,Roanoke,37.28342,-79.88452
3/25/2023,AQS,511611004,1,0.2,ppm,2,East Vinton Elementary School,24,100,42101,Carbon monoxide,54,40220,"Roanoke, VA",51,Virginia,161,Roanoke,37.28342,-79.88452
3/26/2023,AQS,511611004,1,0.1,ppm,1,East Vinton Elementary School,24,100,42101,Carbon monoxide,54,40220,"Roanoke, VA",51,Virginia,161,Roanoke,37.28342,-79.88452
3/27/2023,AQS,511611004,1,0.2,ppm,2,East Vinton Elementary School,24,100,42101,Carbon monoxide,54,40220,"Roanoke, VA",51,Virginia,161,Roanoke,37.28342,-79.88452
3/28/2023,AQS,511611004,1,0.1,ppm,1,East Vinton Elementary School,24,100,42101,Carbon monoxide,54,40220,"Roanoke, VA",51,Virginia,161,Roanoke,37.28342,-79.88452
3/29/2023,AQS,511611004,1,0.2,ppm,2,East Vinton Elementary School,16,67,42101,Carbon monoxide,54,40220,"Roanoke, VA",51,Virginia,161,Roanoke,37.28342,-79.88452
3/30/2023,AQS,511611004,1,0.3,ppm,3,East Vinton Elementary School,24,100,42101,Carbon monoxide,54,40220,"Roanoke, VA",51,Virginia,161,Roanoke,37.28342,-79.88452
3/31/2023,AQS,511611004,1,0.2,ppm,2,East Vinton Elementary School,24,100,42101,Carbon monoxide,54,40220,"Roanoke, VA",51,Virginia,161,Roanoke,37.28342,-79.88452
4/1/2023,AQS,511611004,1,0.2,ppm,2,East Vinton Elementary School,24,100,42101,Carbon monoxide,54,40220,"Roanoke, VA",51,Virginia,161,Roanoke,37.28342,-79.88452
4/2/2023,AQS,511611004,1,0.2,ppm,2,East Vinton Elementary School,24,100,42101,Carbon monoxide,54,40220,"Roanoke, VA",51,Virginia,161,Roanoke,37.28342,-79.88452
4/3/2023,AQS,511611004,1,0.3,ppm,3,East Vinton Elementary School,24,100,42101,Carbon monoxide,54,40220,"Roanoke, VA",51,Virginia,161,Roanoke,37.28342,-79.88452
4/4/2023,AQS,511611004,1,0.3,ppm,3,East Vinton Elementary School,24,100,42101,Carbon monoxide,54,40220,"Roanoke, VA",51,Virginia,161,Roanoke,37.28342,-79.88452
4/5/2023,AQS,511611004,1,0.3,ppm,3,East Vinton Elementary School,24,100,42101,Carbon monoxide,54,40220,"Roanoke, VA",51,Virginia,161,Roanoke,37.28342,-79.88452
4/6/2023,AQS,511611004,1,0.2,ppm,2,East Vinton Elementary School,24,100,42101,Carbon monoxide,54,40220,"Roanoke, VA",51,Virginia,161,Roanoke,37.28342,-79.88452
4/7/2023,AQS,511611004,1,0.2,ppm,2,East Vinton Elementary School,24,100,42101,Carbon monoxide,54,40220,"Roanoke, VA",51,Virginia,161,Roanoke,37.28342,-79.88452
4/8/2023,AQS,511611004,1,0.2,ppm,2,East Vinton Elementary School,24,100,42101,Carbon monoxide,54,40220,"Roanoke, VA",51,Virginia,161,Roanoke,37.28342,-79.88452
4/9/2023,AQS,511611004,1,0.3,ppm,3,East Vinton Elementary School,24,100,42101,Carbon monoxide,54,40220,"Roanoke, VA",51,Virginia,161,Roanoke,37.28342,-79.88452
4/10/2023,AQS,511611004,1,0.3,ppm,3,East Vinton Elementary School,24,100,42101,Carbon monoxide,54,40220,"Roanoke, VA",51,Virginia,161,Roanoke,37.28342,-79.88452
4/11/2023,AQS,511611004,1,0.2,ppm,2,East Vinton Elementary School,24,100,42101,Carbon monoxide,54,40220,"Roanoke, VA",51,Virginia,161,Roanoke,37.28342,-79.88452
4/12/2023,AQS,511611004,1,0.2,ppm,2,East Vinton Elementary School,24,100,42101,Carbon monoxide,54,40220,"Roanoke, VA",51,Virginia,161,Roanoke,37.28342,-79.88452
4/13/2023,AQS,511611004,1,0.2,ppm,2,East Vinton Elementary School,24,100,42101,Carbon monoxide,54,40220,"Roanoke, VA",51,Virginia,161,Roanoke,37.28342,-79.88452
4/14/2023,AQS,511611004,1,0.2,ppm,2,East Vinton Elementary School,24,100,42101,Carbon monoxide,54,40220,"Roanoke, VA",51,Virginia,161,Roanoke,37.28342,-79.88452
4/15/2023,AQS,511611004,1,0.2,ppm,2,East Vinton Elementary School,24,100,42101,Carbon monoxide,54,40220,"Roanoke, VA",51,Virginia,161,Roanoke,37.28342,-79.88452
4/16/2023,AQS,511611004,1,0.2,ppm,2,East Vinton Elementary School,24,100,42101,Carbon monoxide,54,40220,"Roanoke, VA",51,Virginia,161,Roanoke,37.28342,-79.88452
4/17/2023,AQS,511611004,1,0.1,ppm,1,East Vinton Elementary School,24,100,42101,Carbon monoxide,54,40220,"Roanoke, VA",51,Virginia,161,Roanoke,37.28342,-79.88452
4/18/2023,AQS,511611004,1,0.1,ppm,1,East Vinton Elementary School,24,100,42101,Carbon monoxide,54,40220,"Roanoke, VA",51,Virginia,161,Roanoke,37.28342,-79.88452
4/19/2023,AQS,511611004,1,0.2,ppm,2,East Vinton Elementary School,24,100,42101,Carbon monoxide,54,40220,"Roanoke, VA",51,Virginia,161,Roanoke,37.28342,-79.88452
4/20/2023,AQS,511611004,1,0.2,ppm,2,East Vinton Elementary School,24,100,42101,Carbon monoxide,54,40220,"Roanoke, VA",51,Virginia,161,Roanoke,37.28342,-79.88452
4/21/2023,AQS,511611004,1,0.2,ppm,2,East Vinton Elementary School,24,100,42101,Carbon monoxide,54,40220,"Roanoke, VA",51,Virginia,161,Roanoke,37.28342,-79.88452
4/22/2023,AQS,511611004,1,0.2,ppm,2,East Vinton Elementary School,24,100,42101,Carbon monoxide,54,40220,"Roanoke, VA",51,Virginia,161,Roanoke,37.28342,-79.88452
4/23/2023,AQS,511611004,1,0.2,ppm,2,East Vinton Elementary School,24,100,42101,Carbon monoxide,54,40220,"Roanoke, VA",51,Virginia,161,Roanoke,37.28342,-79.88452
4/24/2023,AQS,511611004,1,0.2,ppm,2,East Vinton Elementary School,24,100,42101,Carbon monoxide,54,40220,"Roanoke, VA",51,Virginia,161,Roanoke,37.28342,-79.88452
4/25/2023,AQS,511611004,1,0.2,ppm,2,East Vinton Elementary School,24,100,42101,Carbon monoxide,54,40220,"Roanoke, VA",51,Virginia,161,Roanoke,37.28342,-79.88452
4/26/2023,AQS,511611004,1,0.3,ppm,3,East Vinton Elementary School,24,100,42101,Carbon monoxide,54,40220,"Roanoke, VA",51,Virginia,161,Roanoke,37.28342,-79.88452
4/27/2023,AQS,511611004,1,0.2,ppm,2,East Vinton Elementary School,24,100,42101,Carbon monoxide,54,40220,"Roanoke, VA",51,Virginia,161,Roanoke,37.28342,-79.88452
4/28/2023,AQS,511611004,1,0.2,ppm,2,East Vinton Elementary School,24,100,42101,Carbon monoxide,54,40220,"Roanoke, VA",51,Virginia,161,Roanoke,37.28342,-79.88452
4/29/2023,AQS,511611004,1,0.2,ppm,2,East Vinton Elementary School,24,100,42101,Carbon monoxide,54,40220,"Roanoke, VA",51,Virginia,161,Roanoke,37.28342,-79.88452
4/30/2023,AQS,511611004,1,0.2,ppm,2,East Vinton Elementary School,24,100,42101,Carbon monoxide,54,40220,"Roanoke, VA",51,Virginia,161,Roanoke,37.28342,-79.88452
5/1/2023,AQS,511611004,1,0.2,ppm,2,East Vinton Elementary School,24,100,42101,Carbon monoxide,54,40220,"Roanoke, VA",51,Virginia,161,Roanoke,37.28342,-79.88452
5/2/2023,AQS,511611004,1,0.1,ppm,1,East Vinton Elementary School,24,100,42101,Carbon monoxide,54,40220,"Roanoke, VA",51,Virginia,161,Roanoke,37.28342,-79.88452
5/3/2023,AQS,511611004,1,0.1,ppm,1,East Vinton Elementary School,24,100,42101,Carbon monoxide,54,40220,"Roanoke, VA",51,Virginia,161,Roanoke,37.28342,-79.88452
5/4/2023,AQS,511611004,1,0.1,ppm,1,East Vinton Elementary School,24,100,42101,Carbon monoxide,54,40220,"Roanoke, VA",51,Virginia,161,Roanoke,37.28342,-79.88452
5/5/2023,AQS,511611004,1,0.2,ppm,2,East Vinton Elementary School,24,100,42101,Carbon monoxide,54,40220,"Roanoke, VA",51,Virginia,161,Roanoke,37.28342,-79.88452
5/6/2023,AQS,511611004,1,0.2,ppm,2,East Vinton Elementary School,24,100,42101,Carbon monoxide,54,40220,"Roanoke, VA",51,Virginia,161,Roanoke,37.28342,-79.88452
5/7/2023,AQS,511611004,1,0.2,ppm,2,East Vinton Elementary School,24,100,42101,Carbon monoxide,54,40220,"Roanoke, VA",51,Virginia,161,Roanoke,37.28342,-79.88452
5/8/2023,AQS,511611004,1,0.2,ppm,2,East Vinton Elementary School,24,100,42101,Carbon monoxide,54,40220,"Roanoke, VA",51,Virginia,161,Roanoke,37.28342,-79.88452
5/9/2023,AQS,511611004,1,0.2,ppm,2,East Vinton Elementary School,24,100,42101,Carbon monoxide,54,40220,"Roanoke, VA",51,Virginia,161,Roanoke,37.28342,-79.88452
5/10/2023,AQS,511611004,1,0.2,ppm,2,East Vinton Elementary School,24,100,42101,Carbon monoxide,54,40220,"Roanoke, VA",51,Virginia,161,Roanoke,37.28342,-79.88452
5/11/2023,AQS,511611004,1,0.3,ppm,3,East Vinton Elementary School,24,100,42101,Carbon monoxide,54,40220,"Roanoke, VA",51,Virginia,161,Roanoke,37.28342,-79.88452
5/12/2023,AQS,511611004,1,0.3,ppm,3,East Vinton Elementary School,24,100,42101,Carbon monoxide,54,40220,"Roanoke, VA",51,Virginia,161,Roanoke,37.28342,-79.88452
5/13/2023,AQS,511611004,1,0.3,ppm,3,East Vinton Elementary School,24,100,42101,Carbon monoxide,54,40220,"Roanoke, VA",51,Virginia,161,Roanoke,37.28342,-79.88452
5/14/2023,AQS,511611004,1,0.3,ppm,3,East Vinton Elementary School,24,100,42101,Carbon monoxide,54,40220,"Roanoke, VA",51,Virginia,161,Roanoke,37.28342,-79.88452
5/15/2023,AQS,511611004,1,0.3,ppm,3,East Vinton Elementary School,24,100,42101,Carbon monoxide,54,40220,"Roanoke, VA",51,Virginia,161,Roanoke,37.28342,-79.88452
5/16/2023,AQS,511611004,1,0.3,ppm,3,East Vinton Elementary School,24,100,42101,Carbon monoxide,54,40220,"Roanoke, VA",51,Virginia,161,Roanoke,37.28342,-79.88452
5/17/2023,AQS,511611004,1,0.3,ppm,3,East Vinton Elementary School,24,100,42101,Carbon monoxide,54,40220,"Roanoke, VA",51,Virginia,161,Roanoke,37.28342,-79.88452
5/18/2023,AQS,511611004,1,0.2,ppm,2,East Vinton Elementary School,24,100,42101,Carbon monoxide,54,40220,"Roanoke, VA",51,Virginia,161,Roanoke,37.28342,-79.88452
5/19/2023,AQS,511611004,1,0.2,ppm,2,East Vinton Elementary School,24,100,42101,Carbon monoxide,54,40220,"Roanoke, VA",51,Virginia,161,Roanoke,37.28342,-79.88452
5/20/2023,AQS,511611004,1,0.2,ppm,2,East Vinton Elementary School,24,100,42101,Carbon monoxide,54,40220,"Roanoke, VA",51,Virginia,161,Roanoke,37.28342,-79.88452
5/21/2023,AQS,511611004,1,0.3,ppm,3,East Vinton Elementary School,24,100,42101,Carbon monoxide,54,40220,"Roanoke, VA",51,Virginia,161,Roanoke,37.28342,-79.88452
5/22/2023,AQS,511611004,1,0.3,ppm,3,East Vinton Elementary School,24,100,42101,Carbon monoxide,54,40220,"Roanoke, VA",51,Virginia,161,Roanoke,37.28342,-79.88452
5/23/2023,AQS,511611004,1,0.3,ppm,3,East Vinton Elementary School,24,100,42101,Carbon monoxide,54,40220,"Roanoke, VA",51,Virginia,161,Roanoke,37.28342,-79.88452
5/24/2023,AQS,511611004,1,0.3,ppm,3,East Vinton Elementary School,24,100,42101,Carbon monoxide,54,40220,"Roanoke, VA",51,Virginia,161,Roanoke,37.28342,-79.88452
5/25/2023,AQS,511611004,1,0.3,ppm,3,East Vinton Elementary School,24,100,42101,Carbon monoxide,54,40220,"Roanoke, VA",51,Virginia,161,Roanoke,37.28342,-79.88452
5/26/2023,AQS,511611004,1,0.2,ppm,2,East Vinton Elementary School,24,100,42101,Carbon monoxide,54,40220,"Roanoke, VA",51,Virginia,161,Roanoke,37.28342,-79.88452
5/27/2023,AQS,511611004,1,0.1,ppm,1,East Vinton Elementary School,24,100,42101,Carbon monoxide,54,40220,"Roanoke, VA",51,Virginia,161,Roanoke,37.28342,-79.88452
5/28/2023,AQS,511611004,1,0.1,ppm,1,East Vinton Elementary School,24,100,42101,Carbon monoxide,54,40220,"Roanoke, VA",51,Virginia,161,Roanoke,37.28342,-79.88452
5/29/2023,AQS,511611004,1,0.2,ppm,2,East Vinton Elementary School,24,100,42101,Carbon monoxide,54,40220,"Roanoke, VA",51,Virginia,161,Roanoke,37.28342,-79.88452
5/30/2023,AQS,511611004,1,0.2,ppm,2,East Vinton Elementary School,24,100,42101,Carbon monoxide,54,40220,"Roanoke, VA",51,Virginia,161,Roanoke,37.28342,-79.88452
5/31/2023,AQS,511611004,1,0.3,ppm,3,East Vinton Elementary School,17,71,42101,Carbon monoxide,54,40220,"Roanoke, VA",51,Virginia,161,Roanoke,37.28342,-79.88452
6/1/2023,AQS,511611004,1,0.3,ppm,3,East Vinton Elementary School,24,100,42101,Carbon monoxide,54,40220,"Roanoke, VA",51,Virginia,161,Roanoke,37.28342,-79.88452
6/2/2023,AQS,511611004,1,0.3,ppm,3,East Vinton Elementary School,24,100,42101,Carbon monoxide,54,40220,"Roanoke, VA",51,Virginia,161,Roanoke,37.28342,-79.88452
6/3/2023,AQS,511611004,1,0.5,ppm,6,East Vinton Elementary School,24,100,42101,Carbon monoxide,54,40220,"Roanoke, VA",51,Virginia,161,Roanoke,37.28342,-79.88452
6/4/2023,AQS,511611004,1,0.5,ppm,6,East Vinton Elementary School,24,100,42101,Carbon monoxide,54,40220,"Roanoke, VA",51,Virginia,161,Roanoke,37.28342,-79.88452
6/5/2023,AQS,511611004,1,0.3,ppm,3,East Vinton Elementary School,24,100,42101,Carbon monoxide,54,40220,"Roanoke, VA",51,Virginia,161,Roanoke,37.28342,-79.88452
6/6/2023,AQS,511611004,1,0.3,ppm,3,East Vinton Elementary School,24,100,42101,Carbon monoxide,54,40220,"Roanoke, VA",51,Virginia,161,Roanoke,37.28342,-79.88452
6/7/2023,AQS,511611004,1,0.3,ppm,3,East Vinton Elementary School,24,100,42101,Carbon monoxide,54,40220,"Roanoke, VA",51,Virginia,161,Roanoke,37.28342,-79.88452
6/8/2023,AQS,511611004,1,0.3,ppm,3,East Vinton Elementary School,24,100,42101,Carbon monoxide,54,40220,"Roanoke, VA",51,Virginia,161,Roanoke,37.28342,-79.88452
6/9/2023,AQS,511611004,1,0.2,ppm,2,East Vinton Elementary School,24,100,42101,Carbon monoxide,54,40220,"Roanoke, VA",51,Virginia,161,Roanoke,37.28342,-79.88452
6/10/2023,AQS,511611004,1,0.2,ppm,2,East Vinton Elementary School,24,100,42101,Carbon monoxide,54,40220,"Roanoke, VA",51,Virginia,161,Roanoke,37.28342,-79.88452
6/11/2023,AQS,511611004,1,0.2,ppm,2,East Vinton Elementary School,24,100,42101,Carbon monoxide,54,40220,"Roanoke, VA",51,Virginia,161,Roanoke,37.28342,-79.88452
6/12/2023,AQS,511611004,1,0.2,ppm,2,East Vinton Elementary School,24,100,42101,Carbon monoxide,54,40220,"Roanoke, VA",51,Virginia,161,Roanoke,37.28342,-79.88452
6/13/2023,AQS,511611004,1,0.1,ppm,1,East Vinton Elementary School,24,100,42101,Carbon monoxide,54,40220,"Roanoke, VA",51,Virginia,161,Roanoke,37.28342,-79.88452
6/14/2023,AQS,511611004,1,0.1,ppm,1,East Vinton Elementary School,24,100,42101,Carbon monoxide,54,40220,"Roanoke, VA",51,Virginia,161,Roanoke,37.28342,-79.88452
6/15/2023,AQS,511611004,1,0.4,ppm,5,East Vinton Elementary School,24,100,42101,Carbon monoxide,54,40220,"Roanoke, VA",51,Virginia,161,Roanoke,37.28342,-79.88452
6/16/2023,AQS,511611004,1,0.4,ppm,5,East Vinton Elementary School,24,100,42101,Carbon monoxide,54,40220,"Roanoke, VA",51,Virginia,161,Roanoke,37.28342,-79.88452
6/17/2023,AQS,511611004,1,0.3,ppm,3,East Vinton Elementary School,24,100,42101,Carbon monoxide,54,40220,"Roanoke, VA",51,Virginia,161,Roanoke,37.28342,-79.88452
6/18/2023,AQS,511611004,1,0.4,ppm,5,East Vinton Elementary School,24,100,42101,Carbon monoxide,54,40220,"Roanoke, VA",51,Virginia,161,Roanoke,37.28342,-79.88452
6/19/2023,AQS,511611004,1,0.4,ppm,5,East Vinton Elementary School,24,100,42101,Carbon monoxide,54,40220,"Roanoke, VA",51,Virginia,161,Roanoke,37.28342,-79.88452
6/20/2023,AQS,511611004,1,0.4,ppm,5,East Vinton Elementary School,24,100,42101,Carbon monoxide,54,40220,"Roanoke, VA",51,Virginia,161,Roanoke,37.28342,-79.88452
6/21/2023,AQS,511611004,1,0.3,ppm,3,East Vinton Elementary School,24,100,42101,Carbon monoxide,54,40220,"Roanoke, VA",51,Virginia,161,Roanoke,37.28342,-79.88452
6/22/2023,AQS,511611004,1,0.3,ppm,3,East Vinton Elementary School,24,100,42101,Carbon monoxide,54,40220,"Roanoke, VA",51,Virginia,161,Roanoke,37.28342,-79.88452
6/23/2023,AQS,511611004,1,0.4,ppm,5,East Vinton Elementary School,24,100,42101,Carbon monoxide,54,40220,"Roanoke, VA",51,Virginia,161,Roanoke,37.28342,-79.88452
6/24/2023,AQS,511611004,1,0.4,ppm,5,East Vinton Elementary School,24,100,42101,Carbon monoxide,54,40220,"Roanoke, VA",51,Virginia,161,Roanoke,37.28342,-79.88452
6/25/2023,AQS,511611004,1,0.3,ppm,3,East Vinton Elementary School,24,100,42101,Carbon monoxide,54,40220,"Roanoke, VA",51,Virginia,161,Roanoke,37.28342,-79.88452
6/26/2023,AQS,511611004,1,0.3,ppm,3,East Vinton Elementary School,24,100,42101,Carbon monoxide,54,40220,"Roanoke, VA",51,Virginia,161,Roanoke,37.28342,-79.88452
6/27/2023,AQS,511611004,1,0.6,ppm,7,East Vinton Elementary School,24,100,42101,Carbon monoxide,54,40220,"Roanoke, VA",51,Virginia,161,Roanoke,37.28342,-79.88452
6/28/2023,AQS,511611004,1,0.7,ppm,8,East Vinton Elementary School,24,100,42101,Carbon monoxide,54,40220,"Roanoke, VA",51,Virginia,161,Roanoke,37.28342,-79.88452
6/29/2023,AQS,511611004,1,0.9,ppm,10,East Vinton Elementary School,24,100,42101,Carbon monoxide,54,40220,"Roanoke, VA",51,Virginia,161,Roanoke,37.28342,-79.88452
6/30/2023,AQS,511611004,1,0.8,ppm,9,East Vinton Elementary School,24,100,42101,Carbon monoxide,54,40220,"Roanoke, VA",51,Virginia,161,Roanoke,37.28342,-79.88452
7/1/2023,AQS,511611004,1,0.6,ppm,7,East Vinton Elementary School,24,100,42101,Carbon monoxide,54,40220,"Roanoke, VA",51,Virginia,161,Roanoke,37.28342,-79.88452
7/2/2023,AQS,511611004,1,0.3,ppm,3,East Vinton Elementary School,24,100,42101,Carbon monoxide,54,40220,"Roanoke, VA",51,Virginia,161,Roanoke,37.28342,-79.88452
7/3/2023,AQS,511611004,1,0.3,ppm,3,East Vinton Elementary School,24,100,42101,Carbon monoxide,54,40220,"Roanoke, VA",51,Virginia,161,Roanoke,37.28342,-79.88452
7/4/2023,AQS,511611004,1,0.4,ppm,5,East Vinton Elementary School,24,100,42101,Carbon monoxide,54,40220,"Roanoke, VA",51,Virginia,161,Roanoke,37.28342,-79.88452
7/5/2023,AQS,511611004,1,0.4,ppm,5,East Vinton Elementary School,24,100,42101,Carbon monoxide,54,40220,"Roanoke, VA",51,Virginia,161,Roanoke,37.28342,-79.88452
7/6/2023,AQS,511611004,1,0.3,ppm,3,East Vinton Elementary School,24,100,42101,Carbon monoxide,54,40220,"Roanoke, VA",51,Virginia,161,Roanoke,37.28342,-79.88452
7/7/2023,AQS,511611004,1,0.3,ppm,3,East Vinton Elementary School,24,100,42101,Carbon monoxide,54,40220,"Roanoke, VA",51,Virginia,161,Roanoke,37.28342,-79.88452
7/8/2023,AQS,511611004,1,0.3,ppm,3,East Vinton Elementary School,24,100,42101,Carbon monoxide,54,40220,"Roanoke, VA",51,Virginia,161,Roanoke,37.28342,-79.88452
7/9/2023,AQS,511611004,1,0.3,ppm,3,East Vinton Elementary School,24,100,42101,Carbon monoxide,54,40220,"Roanoke, VA",51,Virginia,161,Roanoke,37.28342,-79.88452
7/10/2023,AQS,511611004,1,0.3,ppm,3,East Vinton Elementary School,24,100,42101,Carbon monoxide,54,40220,"Roanoke, VA",51,Virginia,161,Roanoke,37.28342,-79.88452
7/11/2023,AQS,511611004,1,0.3,ppm,3,East Vinton Elementary School,24,100,42101,Carbon monoxide,54,40220,"Roanoke, VA",51,Virginia,161,Roanoke,37.28342,-79.88452
7/12/2023,AQS,511611004,1,0.4,ppm,5,East Vinton Elementary School,24,100,42101,Carbon monoxide,54,40220,"Roanoke, VA",51,Virginia,161,Roanoke,37.28342,-79.88452
7/13/2023,AQS,511611004,1,0.4,ppm,5,East Vinton Elementary School,24,100,42101,Carbon monoxide,54,40220,"Roanoke, VA",51,Virginia,161,Roanoke,37.28342,-79.88452
7/14/2023,AQS,511611004,1,0.3,ppm,3,East Vinton Elementary School,24,100,42101,Carbon monoxide,54,40220,"Roanoke, VA",51,Virginia,161,Roanoke,37.28342,-79.88452
7/15/2023,AQS,511611004,1,0.3,ppm,3,East Vinton Elementary School,24,100,42101,Carbon monoxide,54,40220,"Roanoke, VA",51,Virginia,161,Roanoke,37.28342,-79.88452
7/16/2023,AQS,511611004,1,0.3,ppm,3,East Vinton Elementary School,24,100,42101,Carbon monoxide,54,40220,"Roanoke, VA",51,Virginia,161,Roanoke,37.28342,-79.88452
7/17/2023,AQS,511611004,1,0.5,ppm,6,East Vinton Elementary School,24,100,42101,Carbon monoxide,54,40220,"Roanoke, VA",51,Virginia,161,Roanoke,37.28342,-79.88452
7/18/2023,AQS,511611004,1,0.5,ppm,6,East Vinton Elementary School,24,100,42101,Carbon monoxide,54,40220,"Roanoke, VA",51,Virginia,161,Roanoke,37.28342,-79.88452
7/19/2023,AQS,511611004,1,0.4,ppm,5,East Vinton Elementary School,24,100,42101,Carbon monoxide,54,40220,"Roanoke, VA",51,Virginia,161,Roanoke,37.28342,-79.88452
7/20/2023,AQS,511611004,1,0.3,ppm,3,East Vinton Elementary School,24,100,42101,Carbon monoxide,54,40220,"Roanoke, VA",51,Virginia,161,Roanoke,37.28342,-79.88452
7/21/2023,AQS,511611004,1,0.3,ppm,3,East Vinton Elementary School,24,100,42101,Carbon monoxide,54,40220,"Roanoke, VA",51,Virginia,161,Roanoke,37.28342,-79.88452
7/22/2023,AQS,511611004,1,0.3,ppm,3,East Vinton Elementary School,24,100,42101,Carbon monoxide,54,40220,"Roanoke, VA",51,Virginia,161,Roanoke,37.28342,-79.88452
7/23/2023,AQS,511611004,1,0.3,ppm,3,East Vinton Elementary School,24,100,42101,Carbon monoxide,54,40220,"Roanoke, VA",51,Virginia,161,Roanoke,37.28342,-79.88452
7/24/2023,AQS,511611004,1,0.4,ppm,5,East Vinton Elementary School,24,100,42101,Carbon monoxide,54,40220,"Roanoke, VA",51,Virginia,161,Roanoke,37.28342,-79.88452
7/25/2023,AQS,511611004,1,0.4,ppm,5,East Vinton Elementary School,24,100,42101,Carbon monoxide,54,40220,"Roanoke, VA",51,Virginia,161,Roanoke,37.28342,-79.88452
7/26/2023,AQS,511611004,1,0.4,ppm,5,East Vinton Elementary School,24,100,42101,Carbon monoxide,54,40220,"Roanoke, VA",51,Virginia,161,Roanoke,37.28342,-79.88452
7/27/2023,AQS,511611004,1,0.4,ppm,5,East Vinton Elementary School,24,100,42101,Carbon monoxide,54,40220,"Roanoke, VA",51,Virginia,161,Roanoke,37.28342,-79.88452
7/28/2023,AQS,511611004,1,0.4,ppm,5,East Vinton Elementary School,24,100,42101,Carbon monoxide,54,40220,"Roanoke, VA",51,Virginia,161,Roanoke,37.28342,-79.88452
7/29/2023,AQS,511611004,1,0.3,ppm,3,East Vinton Elementary School,24,100,42101,Carbon monoxide,54,40220,"Roanoke, VA",51,Virginia,161,Roanoke,37.28342,-79.88452
7/30/2023,AQS,511611004,1,0.3,ppm,3,East Vinton Elementary School,24,100,42101,Carbon monoxide,54,40220,"Roanoke, VA",51,Virginia,161,Roanoke,37.28342,-79.88452
7/31/2023,AQS,511611004,1,0.3,ppm,3,East Vinton Elementary School,24,100,42101,Carbon monoxide,54,40220,"Roanoke, VA",51,Virginia,161,Roanoke,37.28342,-79.88452
8/1/2023,AQS,511611004,1,0.3,ppm,3,East Vinton Elementary School,24,100,42101,Carbon monoxide,54,40220,"Roanoke, VA",51,Virginia,161,Roanoke,37.28342,-79.88452
8/2/2023,AQS,511611004,1,0.4,ppm,5,East Vinton Elementary School,24,100,42101,Carbon monoxide,54,40220,"Roanoke, VA",51,Virginia,161,Roanoke,37.28342,-79.88452
8/3/2023,AQS,511611004,1,0.4,ppm,5,East Vinton Elementary School,24,100,42101,Carbon monoxide,54,40220,"Roanoke, VA",51,Virginia,161,Roanoke,37.28342,-79.88452
8/4/2023,AQS,511611004,1,0.4,ppm,5,East Vinton Elementary School,24,100,42101,Carbon monoxide,54,40220,"Roanoke, VA",51,Virginia,161,Roanoke,37.28342,-79.88452
8/5/2023,AQS,511611004,1,0.4,ppm,5,East Vinton Elementary School,24,100,42101,Carbon monoxide,54,40220,"Roanoke, VA",51,Virginia,161,Roanoke,37.28342,-79.88452
8/6/2023,AQS,511611004,1,0.4,ppm,5,East Vinton Elementary School,24,100,42101,Carbon monoxide,54,40220,"Roanoke, VA",51,Virginia,161,Roanoke,37.28342,-79.88452
8/7/2023,AQS,511611004,1,0.3,ppm,3,East Vinton Elementary School,24,100,42101,Carbon monoxide,54,40220,"Roanoke, VA",51,Virginia,161,Roanoke,37.28342,-79.88452
8/8/2023,AQS,511611004,1,0.3,ppm,3,East Vinton Elementary School,24,100,42101,Carbon monoxide,54,40220,"Roanoke, VA",51,Virginia,161,Roanoke,37.28342,-79.88452
8/9/2023,AQS,511611004,1,0.4,ppm,5,East Vinton Elementary School,24,100,42101,Carbon monoxide,54,40220,"Roanoke, VA",51,Virginia,161,Roanoke,37.28342,-79.88452
8/10/2023,AQS,511611004,1,0.4,ppm,5,East Vinton Elementary School,24,100,42101,Carbon monoxide,54,40220,"Roanoke, VA",51,Virginia,161,Roanoke,37.28342,-79.88452
8/11/2023,AQS,511611004,1,0.4,ppm,5,East Vinton Elementary School,24,100,42101,Carbon monoxide,54,40220,"Roanoke, VA",51,Virginia,161,Roanoke,37.28342,-79.88452
8/12/2023,AQS,511611004,1,0.4,ppm,5,East Vinton Elementary School,24,100,42101,Carbon monoxide,54,40220,"Roanoke, VA",51,Virginia,161,Roanoke,37.28342,-79.88452
8/13/2023,AQS,511611004,1,0.3,ppm,3,East Vinton Elementary School,24,100,42101,Carbon monoxide,54,40220,"Roanoke, VA",51,Virginia,161,Roanoke,37.28342,-79.88452
8/14/2023,AQS,511611004,1,0.3,ppm,3,East Vinton Elementary School,24,100,42101,Carbon monoxide,54,40220,"Roanoke, VA",51,Virginia,161,Roanoke,37.28342,-79.88452
8/15/2023,AQS,511611004,1,0.3,ppm,3,East Vinton Elementary School,24,100,42101,Carbon monoxide,54,40220,"Roanoke, VA",51,Virginia,161,Roanoke,37.28342,-79.88452
8/16/2023,AQS,511611004,1,0.3,ppm,3,East Vinton Elementary School,24,100,42101,Carbon monoxide,54,40220,"Roanoke, VA",51,Virginia,161,Roanoke,37.28342,-79.88452
8/17/2023,AQS,511611004,1,0.3,ppm,3,East Vinton Elementary School,24,100,42101,Carbon monoxide,54,40220,"Roanoke, VA",51,Virginia,161,Roanoke,37.28342,-79.88452
8/18/2023,AQS,511611004,1,0.4,ppm,5,East Vinton Elementary School,24,100,42101,Carbon monoxide,54,40220,"Roanoke, VA",51,Virginia,161,Roanoke,37.28342,-79.88452
8/19/2023,AQS,511611004,1,0.4,ppm,5,East Vinton Elementary School,24,100,42101,Carbon monoxide,54,40220,"Roanoke, VA",51,Virginia,161,Roanoke,37.28342,-79.88452
8/20/2023,AQS,511611004,1,0.4,ppm,5,East Vinton Elementary School,24,100,42101,Carbon monoxide,54,40220,"Roanoke, VA",51,Virginia,161,Roanoke,37.28342,-79.88452
8/21/2023,AQS,511611004,1,0.4,ppm,5,East Vinton Elementary School,24,100,42101,Carbon monoxide,54,40220,"Roanoke, VA",51,Virginia,161,Roanoke,37.28342,-79.88452
8/22/2023,AQS,511611004,1,0.4,ppm,5,East Vinton Elementary School,24,100,42101,Carbon monoxide,54,40220,"Roanoke, VA",51,Virginia,161,Roanoke,37.28342,-79.88452
8/23/2023,AQS,511611004,1,0.4,ppm,5,East Vinton Elementary School,24,100,42101,Carbon monoxide,54,40220,"Roanoke, VA",51,Virginia,161,Roanoke,37.28342,-79.88452
8/24/2023,AQS,511611004,1,0.4,ppm,5,East Vinton Elementary School,24,100,42101,Carbon monoxide,54,40220,"Roanoke, VA",51,Virginia,161,Roanoke,37.28342,-79.88452
8/25/2023,AQS,511611004,1,0.4,ppm,5,East Vinton Elementary School,24,100,42101,Carbon monoxide,54,40220,"Roanoke, VA",51,Virginia,161,Roanoke,37.28342,-79.88452
8/26/2023,AQS,511611004,1,0.4,ppm,5,East Vinton Elementary School,24,100,42101,Carbon monoxide,54,40220,"Roanoke, VA",51,Virginia,161,Roanoke,37.28342,-79.88452
8/27/2023,AQS,511611004,1,0.4,ppm,5,East Vinton Elementary School,24,100,42101,Carbon monoxide,54,40220,"Roanoke, VA",51,Virginia,161,Roanoke,37.28342,-79.88452
8/28/2023,AQS,511611004,1,0.4,ppm,5,East Vinton Elementary School,24,100,42101,Carbon monoxide,54,40220,"Roanoke, VA",51,Virginia,161,Roanoke,37.28342,-79.88452
8/29/2023,AQS,511611004,1,0.3,ppm,3,East Vinton Elementary School,24,100,42101,Carbon monoxide,54,40220,"Roanoke, VA",51,Virginia,161,Roanoke,37.28342,-79.88452
8/30/2023,AQS,511611004,1,0.3,ppm,3,East Vinton Elementary School,24,100,42101,Carbon monoxide,54,40220,"Roanoke, VA",51,Virginia,161,Roanoke,37.28342,-79.88452
8/31/2023,AQS,511611004,1,0.3,ppm,3,East Vinton Elementary School,24,100,42101,Carbon monoxide,54,40220,"Roanoke, VA",51,Virginia,161,Roanoke,37.28342,-79.88452
9/1/2023,AQS,511611004,1,0.3,ppm,3,East Vinton Elementary School,24,100,42101,Carbon monoxide,54,40220,"Roanoke, VA",51,Virginia,161,Roanoke,37.28342,-79.88452
9/2/2023,AQS,511611004,1,0.3,ppm,3,East Vinton Elementary School,24,100,42101,Carbon monoxide,54,40220,"Roanoke, VA",51,Virginia,161,Roanoke,37.28342,-79.88452
9/3/2023,AQS,511611004,1,0.4,ppm,5,East Vinton Elementary School,24,100,42101,Carbon monoxide,54,40220,"Roanoke, VA",51,Virginia,161,Roanoke,37.28342,-79.88452
9/4/2023,AQS,511611004,1,0.4,ppm,5,East Vinton Elementary School,24,100,42101,Carbon monoxide,54,40220,"Roanoke, VA",51,Virginia,161,Roanoke,37.28342,-79.88452
9/5/2023,AQS,511611004,1,0.4,ppm,5,East Vinton Elementary School,24,100,42101,Carbon monoxide,54,40220,"Roanoke, VA",51,Virginia,161,Roanoke,37.28342,-79.88452
9/6/2023,AQS,511611004,1,0.4,ppm,5,East Vinton Elementary School,24,100,42101,Carbon monoxide,54,40220,"Roanoke, VA",51,Virginia,161,Roanoke,37.28342,-79.88452
9/7/2023,AQS,511611004,1,0.4,ppm,5,East Vinton Elementary School,24,100,42101,Carbon monoxide,54,40220,"Roanoke, VA",51,Virginia,161,Roanoke,37.28342,-79.88452
9/8/2023,AQS,511611004,1,0.3,ppm,3,East Vinton Elementary School,24,100,42101,Carbon monoxide,54,40220,"Roanoke, VA",51,Virginia,161,Roanoke,37.28342,-79.88452
9/9/2023,AQS,511611004,1,0.3,ppm,3,East Vinton Elementary School,24,100,42101,Carbon monoxide,54,40220,"Roanoke, VA",51,Virginia,161,Roanoke,37.28342,-79.88452
9/10/2023,AQS,511611004,1,0.3,ppm,3,East Vinton Elementary School,24,100,42101,Carbon monoxide,54,40220,"Roanoke, VA",51,Virginia,161,Roanoke,37.28342,-79.88452
9/11/2023,AQS,511611004,1,0.3,ppm,3,East Vinton Elementary School,24,100,42101,Carbon monoxide,54,40220,"Roanoke, VA",51,Virginia,161,Roanoke,37.28342,-79.88452
9/12/2023,AQS,511611004,1,0.3,ppm,3,East Vinton Elementary School,24,100,42101,Carbon monoxide,54,40220,"Roanoke, VA",51,Virginia,161,Roanoke,37.28342,-79.88452
9/13/2023,AQS,511611004,1,0.4,ppm,5,East Vinton Elementary School,24,100,42101,Carbon monoxide,54,40220,"Roanoke, VA",51,Virginia,161,Roanoke,37.28342,-79.88452
9/14/2023,AQS,511611004,1,0.3,ppm,3,East Vinton Elementary School,24,100,42101,Carbon monoxide,54,40220,"Roanoke, VA",51,Virginia,161,Roanoke,37.28342,-79.88452
9/15/2023,AQS,511611004,1,0.3,ppm,3,East Vinton Elementary School,24,100,42101,Carbon monoxide,54,40220,"Roanoke, VA",51,Virginia,161,Roanoke,37.28342,-79.88452
9/16/2023,AQS,511611004,1,0.4,ppm,5,East Vinton Elementary School,24,100,42101,Carbon monoxide,54,40220,"Roanoke, VA",51,Virginia,161,Roanoke,37.28342,-79.88452
9/17/2023,AQS,511611004,1,0.4,ppm,5,East Vinton Elementary School,24,100,42101,Carbon monoxide,54,40220,"Roanoke, VA",51,Virginia,161,Roanoke,37.28342,-79.88452
9/18/2023,AQS,511611004,1,0.3,ppm,3,East Vinton Elementary School,24,100,42101,Carbon monoxide,54,40220,"Roanoke, VA",51,Virginia,161,Roanoke,37.28342,-79.88452
9/19/2023,AQS,511611004,1,0.4,ppm,5,East Vinton Elementary School,24,100,42101,Carbon monoxide,54,40220,"Roanoke, VA",51,Virginia,161,Roanoke,37.28342,-79.88452
9/20/2023,AQS,511611004,1,0.4,ppm,5,East Vinton Elementary School,24,100,42101,Carbon monoxide,54,40220,"Roanoke, VA",51,Virginia,161,Roanoke,37.28342,-79.88452
9/21/2023,AQS,511611004,1,0.4,ppm,5,East Vinton Elementary School,24,100,42101,Carbon monoxide,54,40220,"Roanoke, VA",51,Virginia,161,Roanoke,37.28342,-79.88452
9/22/2023,AQS,511611004,1,0.3,ppm,3,East Vinton Elementary School,24,100,42101,Carbon monoxide,54,40220,"Roanoke, VA",51,Virginia,161,Roanoke,37.28342,-79.88452
9/23/2023,AQS,511611004,1,0.2,ppm,2,East Vinton Elementary School,24,100,42101,Carbon monoxide,54,40220,"Roanoke, VA",51,Virginia,161,Roanoke,37.28342,-79.88452
9/24/2023,AQS,511611004,1,0.2,ppm,2,East Vinton Elementary School,24,100,42101,Carbon monoxide,54,40220,"Roanoke, VA",51,Virginia,161,Roanoke,37.28342,-79.88452
9/25/2023,AQS,511611004,1,0.3,ppm,3,East Vinton Elementary School,24,100,42101,Carbon monoxide,54,40220,"Roanoke, VA",51,Virginia,161,Roanoke,37.28342,-79.88452
9/26/2023,AQS,511611004,1,0.3,ppm,3,East Vinton Elementary School,24,100,42101,Carbon monoxide,54,40220,"Roanoke, VA",51,Virginia,161,Roanoke,37.28342,-79.88452
9/27/2023,AQS,511611004,1,0.3,ppm,3,East Vinton Elementary School,24,100,42101,Carbon monoxide,54,40220,"Roanoke, VA",51,Virginia,161,Roanoke,37.28342,-79.88452
9/28/2023,AQS,511611004,1,0.3,ppm,3,East Vinton Elementary School,24,100,42101,Carbon monoxide,54,40220,"Roanoke, VA",51,Virginia,161,Roanoke,37.28342,-79.88452
9/29/2023,AQS,511611004,1,0.3,ppm,3,East Vinton Elementary School,24,100,42101,Carbon monoxide,54,40220,"Roanoke, VA",51,Virginia,161,Roanoke,37.28342,-79.88452
9/30/2023,AQS,511611004,1,0.3,ppm,3,East Vinton Elementary School,24,100,42101,Carbon monoxide,54,40220,"Roanoke, VA",51,Virginia,161,Roanoke,37.28342,-79.88452
10/1/2023,AQS,511611004,1,0.3,ppm,3,East Vinton Elementary School,24,100,42101,Carbon monoxide,54,40220,"Roanoke, VA",51,Virginia,161,Roanoke,37.28342,-79.88452
10/2/2023,AQS,511611004,1,0.3,ppm,3,East Vinton Elementary School,24,100,42101,Carbon monoxide,54,40220,"Roanoke, VA",51,Virginia,161,Roanoke,37.28342,-79.88452
10/3/2023,AQS,511611004,1,0.3,ppm,3,East Vinton Elementary School,24,100,42101,Carbon monoxide,54,40220,"Roanoke, VA",51,Virginia,161,Roanoke,37.28342,-79.88452
10/4/2023,AQS,511611004,1,0.3,ppm,3,East Vinton Elementary School,24,100,42101,Carbon monoxide,54,40220,"Roanoke, VA",51,Virginia,161,Roanoke,37.28342,-79.88452
10/5/2023,AQS,511611004,1,0.4,ppm,5,East Vinton Elementary School,24,100,42101,Carbon monoxide,54,40220,"Roanoke, VA",51,Virginia,161,Roanoke,37.28342,-79.88452
10/6/2023,AQS,511611004,1,0.5,ppm,6,East Vinton Elementary School,24,100,42101,Carbon monoxide,54,40220,"Roanoke, VA",51,Virginia,161,Roanoke,37.28342,-79.88452
10/7/2023,AQS,511611004,1,0.4,ppm,5,East Vinton Elementary School,24,100,42101,Carbon monoxide,54,40220,"Roanoke, VA",51,Virginia,161,Roanoke,37.28342,-79.88452
10/8/2023,AQS,511611004,1,0.4,ppm,5,East Vinton Elementary School,24,100,42101,Carbon monoxide,54,40220,"Roanoke, VA",51,Virginia,161,Roanoke,37.28342,-79.88452
10/9/2023,AQS,511611004,1,0.4,ppm,5,East Vinton Elementary School,24,100,42101,Carbon monoxide,54,40220,"Roanoke, VA",51,Virginia,161,Roanoke,37.28342,-79.88452
10/10/2023,AQS,511611004,1,0.4,ppm,5,East Vinton Elementary School,24,100,42101,Carbon monoxide,54,40220,"Roanoke, VA",51,Virginia,161,Roanoke,37.28342,-79.88452
10/11/2023,AQS,511611004,1,0.4,ppm,5,East Vinton Elementary School,24,100,42101,Carbon monoxide,54,40220,"Roanoke, VA",51,Virginia,161,Roanoke,37.28342,-79.88452
10/12/2023,AQS,511611004,1,0.3,ppm,3,East Vinton Elementary School,24,100,42101,Carbon monoxide,54,40220,"Roanoke, VA",51,Virginia,161,Roanoke,37.28342,-79.88452
10/13/2023,AQS,511611004,1,0.3,ppm,3,East Vinton Elementary School,24,100,42101,Carbon monoxide,54,40220,"Roanoke, VA",51,Virginia,161,Roanoke,37.28342,-79.88452
10/14/2023,AQS,511611004,1,0.2,ppm,2,East Vinton Elementary School,24,100,42101,Carbon monoxide,54,40220,"Roanoke, VA",51,Virginia,161,Roanoke,37.28342,-79.88452
10/15/2023,AQS,511611004,1,0.2,ppm,2,East Vinton Elementary School,24,100,42101,Carbon monoxide,54,40220,"Roanoke, VA",51,Virginia,161,Roanoke,37.28342,-79.88452
10/16/2023,AQS,511611004,1,0.2,ppm,2,East Vinton Elementary School,24,100,42101,Carbon monoxide,54,40220,"Roanoke, VA",51,Virginia,161,Roanoke,37.28342,-79.88452
10/17/2023,AQS,511611004,1,0.2,ppm,2,East Vinton Elementary School,24,100,42101,Carbon monoxide,54,40220,"Roanoke, VA",51,Virginia,161,Roanoke,37.28342,-79.88452
10/18/2023,AQS,511611004,1,0.2,ppm,2,East Vinton Elementary School,24,100,42101,Carbon monoxide,54,40220,"Roanoke, VA",51,Virginia,161,Roanoke,37.28342,-79.88452
10/19/2023,AQS,511611004,1,0.3,ppm,3,East Vinton Elementary School,24,100,42101,Carbon monoxide,54,40220,"Roanoke, VA",51,Virginia,161,Roanoke,37.28342,-79.88452
10/20/2023,AQS,511611004,1,0.2,ppm,2,East Vinton Elementary School,24,100,42101,Carbon monoxide,54,40220,"Roanoke, VA",51,Virginia,161,Roanoke,37.28342,-79.88452
10/21/2023,AQS,511611004,1,0.1,ppm,1,East Vinton Elementary School,24,100,42101,Carbon monoxide,54,40220,"Roanoke, VA",51,Virginia,161,Roanoke,37.28342,-79.88452
10/22/2023,AQS,511611004,1,0.1,ppm,1,East Vinton Elementary School,24,100,42101,Carbon monoxide,54,40220,"Roanoke, VA",51,Virginia,161,Roanoke,37.28342,-79.88452
10/23/2023,AQS,511611004,1,0.2,ppm,2,East Vinton Elementary School,24,100,42101,Carbon monoxide,54,40220,"Roanoke, VA",51,Virginia,161,Roanoke,37.28342,-79.88452
10/24/2023,AQS,511611004,1,0.3,ppm,3,East Vinton Elementary School,24,100,42101,Carbon monoxide,54,40220,"Roanoke, VA",51,Virginia,161,Roanoke,37.28342,-79.88452
10/25/2023,AQS,511611004,1,0.3,ppm,3,East Vinton Elementary School,24,100,42101,Carbon monoxide,54,40220,"Roanoke, VA",51,Virginia,161,Roanoke,37.28342,-79.88452
10/26/2023,AQS,511611004,1,0.3,ppm,3,East Vinton Elementary School,24,100,42101,Carbon monoxide,54,40220,"Roanoke, VA",51,Virginia,161,Roanoke,37.28342,-79.88452
10/27/2023,AQS,511611004,1,0.3,ppm,3,East Vinton Elementary School,24,100,42101,Carbon monoxide,54,40220,"Roanoke, VA",51,Virginia,161,Roanoke,37.28342,-79.88452
10/28/2023,AQS,511611004,1,0.3,ppm,3,East Vinton Elementary School,24,100,42101,Carbon monoxide,54,40220,"Roanoke, VA",51,Virginia,161,Roanoke,37.28342,-79.88452
10/29/2023,AQS,511611004,1,0.3,ppm,3,East Vinton Elementary School,24,100,42101,Carbon monoxide,54,40220,"Roanoke, VA",51,Virginia,161,Roanoke,37.28342,-79.88452
10/30/2023,AQS,511611004,1,0.2,ppm,2,East Vinton Elementary School,24,100,42101,Carbon monoxide,54,40220,"Roanoke, VA",51,Virginia,161,Roanoke,37.28342,-79.88452
10/31/2023,AQS,511611004,1,0.2,ppm,2,East Vinton Elementary School,24,100,42101,Carbon monoxide,54,40220,"Roanoke, VA",51,Virginia,161,Roanoke,37.28342,-79.88452
11/1/2023,AQS,511611004,1,0.2,ppm,2,East Vinton Elementary School,24,100,42101,Carbon monoxide,54,40220,"Roanoke, VA",51,Virginia,161,Roanoke,37.28342,-79.88452
11/2/2023,AQS,511611004,1,0.2,ppm,2,East Vinton Elementary School,24,100,42101,Carbon monoxide,54,40220,"Roanoke, VA",51,Virginia,161,Roanoke,37.28342,-79.88452
11/3/2023,AQS,511611004,1,0.3,ppm,3,East Vinton Elementary School,24,100,42101,Carbon monoxide,54,40220,"Roanoke, VA",51,Virginia,161,Roanoke,37.28342,-79.88452
11/4/2023,AQS,511611004,1,0.3,ppm,3,East Vinton Elementary School,24,100,42101,Carbon monoxide,54,40220,"Roanoke, VA",51,Virginia,161,Roanoke,37.28342,-79.88452
11/5/2023,AQS,511611004,1,0.3,ppm,3,East Vinton Elementary School,24,100,42101,Carbon monoxide,54,40220,"Roanoke, VA",51,Virginia,161,Roanoke,37.28342,-79.88452
11/6/2023,AQS,511611004,1,0.3,ppm,3,East Vinton Elementary School,24,100,42101,Carbon monoxide,54,40220,"Roanoke, VA",51,Virginia,161,Roanoke,37.28342,-79.88452
11/7/2023,AQS,511611004,1,0.3,ppm,3,East Vinton Elementary School,24,100,42101,Carbon monoxide,54,40220,"Roanoke, VA",51,Virginia,161,Roanoke,37.28342,-79.88452
11/8/2023,AQS,511611004,1,0.3,ppm,3,East Vinton Elementary School,24,100,42101,Carbon monoxide,54,40220,"Roanoke, VA",51,Virginia,161,Roanoke,37.28342,-79.88452
11/9/2023,AQS,511611004,1,0.2,ppm,2,East Vinton Elementary School,24,100,42101,Carbon monoxide,54,40220,"Roanoke, VA",51,Virginia,161,Roanoke,37.28342,-79.88452
11/10/2023,AQS,511611004,1,0.2,ppm,2,East Vinton Elementary School,24,100,42101,Carbon monoxide,54,40220,"Roanoke, VA",51,Virginia,161,Roanoke,37.28342,-79.88452
11/11/2023,AQS,511611004,1,0.3,ppm,3,East Vinton Elementary School,24,100,42101,Carbon monoxide,54,40220,"Roanoke, VA",51,Virginia,161,Roanoke,37.28342,-79.88452
11/12/2023,AQS,511611004,1,0.4,ppm,5,East Vinton Elementary School,24,100,42101,Carbon monoxide,54,40220,"Roanoke, VA",51,Virginia,161,Roanoke,37.28342,-79.88452
11/13/2023,AQS,511611004,1,0.4,ppm,5,East Vinton Elementary School,24,100,42101,Carbon monoxide,54,40220,"Roanoke, VA",51,Virginia,161,Roanoke,37.28342,-79.88452
11/14/2023,AQS,511611004,1,0.2,ppm,2,East Vinton Elementary School,24,100,42101,Carbon monoxide,54,40220,"Roanoke, VA",51,Virginia,161,Roanoke,37.28342,-79.88452
11/15/2023,AQS,511611004,1,0.5,ppm,6,East Vinton Elementary School,24,100,42101,Carbon monoxide,54,40220,"Roanoke, VA",51,Virginia,161,Roanoke,37.28342,-79.88452
11/16/2023,AQS,511611004,1,0.3,ppm,3,East Vinton Elementary School,24,100,42101,Carbon monoxide,54,40220,"Roanoke, VA",51,Virginia,161,Roanoke,37.28342,-79.88452
11/17/2023,AQS,511611004,1,0.3,ppm,3,East Vinton Elementary School,24,100,42101,Carbon monoxide,54,40220,"Roanoke, VA",51,Virginia,161,Roanoke,37.28342,-79.88452
11/18/2023,AQS,511611004,1,0.2,ppm,2,East Vinton Elementary School,24,100,42101,Carbon monoxide,54,40220,"Roanoke, VA",51,Virginia,161,Roanoke,37.28342,-79.88452
11/19/2023,AQS,511611004,1,0.1,ppm,1,East Vinton Elementary School,24,100,42101,Carbon monoxide,54,40220,"Roanoke, VA",51,Virginia,161,Roanoke,37.28342,-79.88452
11/20/2023,AQS,511611004,1,0.4,ppm,5,East Vinton Elementary School,24,100,42101,Carbon monoxide,54,40220,"Roanoke, VA",51,Virginia,161,Roanoke,37.28342,-79.88452
11/21/2023,AQS,511611004,1,0.3,ppm,3,East Vinton Elementary School,24,100,42101,Carbon monoxide,54,40220,"Roanoke, VA",51,Virginia,161,Roanoke,37.28342,-79.88452
11/22/2023,AQS,511611004,1,0.3,ppm,3,East Vinton Elementary School,24,100,42101,Carbon monoxide,54,40220,"Roanoke, VA",51,Virginia,161,Roanoke,37.28342,-79.88452
11/23/2023,AQS,511611004,1,0.2,ppm,2,East Vinton Elementary School,24,100,42101,Carbon monoxide,54,40220,"Roanoke, VA",51,Virginia,161,Roanoke,37.28342,-79.88452
11/24/2023,AQS,511611004,1,0.2,ppm,2,East Vinton Elementary School,24,100,42101,Carbon monoxide,54,40220,"Roanoke, VA",51,Virginia,161,Roanoke,37.28342,-79.88452
11/25/2023,AQS,511611004,1,0.3,ppm,3,East Vinton Elementary School,24,100,42101,Carbon monoxide,54,40220,"Roanoke, VA",51,Virginia,161,Roanoke,37.28342,-79.88452
11/26/2023,AQS,511611004,1,0.3,ppm,3,East Vinton Elementary School,24,100,42101,Carbon monoxide,54,40220,"Roanoke, VA",51,Virginia,161,Roanoke,37.28342,-79.88452
11/27/2023,AQS,511611004,1,0.2,ppm,2,East Vinton Elementary School,24,100,42101,Carbon monoxide,54,40220,"Roanoke, VA",51,Virginia,161,Roanoke,37.28342,-79.88452
11/28/2023,AQS,511611004,1,0.1,ppm,1,East Vinton Elementary School,24,100,42101,Carbon monoxide,54,40220,"Roanoke, VA",51,Virginia,161,Roanoke,37.28342,-79.88452
11/29/2023,AQS,511611004,1,0.2,ppm,2,East Vinton Elementary School,24,100,42101,Carbon monoxide,54,40220,"Roanoke, VA",51,Virginia,161,Roanoke,37.28342,-79.88452
11/30/2023,AQS,511611004,1,0.3,ppm,3,East Vinton Elementary School,24,100,42101,Carbon monoxide,54,40220,"Roanoke, VA",51,Virginia,161,Roanoke,37.28342,-79.88452
12/1/2023,AQS,511611004,1,0.5,ppm,6,East Vinton Elementary School,24,100,42101,Carbon monoxide,54,40220,"Roanoke, VA",51,Virginia,161,Roanoke,37.28342,-79.88452
12/2/2023,AQS,511611004,1,0.5,ppm,6,East Vinton Elementary School,24,100,42101,Carbon monoxide,54,40220,"Roanoke, VA",51,Virginia,161,Roanoke,37.28342,-79.88452
12/3/2023,AQS,511611004,1,0.3,ppm,3,East Vinton Elementary School,24,100,42101,Carbon monoxide,54,40220,"Roanoke, VA",51,Virginia,161,Roanoke,37.28342,-79.88452
12/4/2023,AQS,511611004,1,0.1,ppm,1,East Vinton Elementary School,24,100,42101,Carbon monoxide,54,40220,"Roanoke, VA",51,Virginia,161,Roanoke,37.28342,-79.88452
12/5/2023,AQS,511611004,1,0.3,ppm,3,East Vinton Elementary School,24,100,42101,Carbon monoxide,54,40220,"Roanoke, VA",51,Virginia,161,Roanoke,37.28342,-79.88452
12/6/2023,AQS,511611004,1,0.2,ppm,2,East Vinton Elementary School,24,100,42101,Carbon monoxide,54,40220,"Roanoke, VA",51,Virginia,161,Roanoke,37.28342,-79.88452
12/7/2023,AQS,511611004,1,0.1,ppm,1,East Vinton Elementary School,24,100,42101,Carbon monoxide,54,40220,"Roanoke, VA",51,Virginia,161,Roanoke,37.28342,-79.88452
12/8/2023,AQS,511611004,1,0.2,ppm,2,East Vinton Elementary School,24,100,42101,Carbon monoxide,54,40220,"Roanoke, VA",51,Virginia,161,Roanoke,37.28342,-79.88452
12/9/2023,AQS,511611004,1,0.4,ppm,5,East Vinton Elementary School,24,100,42101,Carbon monoxide,54,40220,"Roanoke, VA",51,Virginia,161,Roanoke,37.28342,-79.88452
12/10/2023,AQS,511611004,1,0.2,ppm,2,East Vinton Elementary School,24,100,42101,Carbon monoxide,54,40220,"Roanoke, VA",51,Virginia,161,Roanoke,37.28342,-79.88452
12/11/2023,AQS,511611004,1,0.2,ppm,2,East Vinton Elementary School,24,100,42101,Carbon monoxide,54,40220,"Roanoke, VA",51,Virginia,161,Roanoke,37.28342,-79.88452
12/12/2023,AQS,511611004,1,0.2,ppm,2,East Vinton Elementary School,24,100,42101,Carbon monoxide,54,40220,"Roanoke, VA",51,Virginia,161,Roanoke,37.28342,-79.88452
12/13/2023,AQS,511611004,1,0.2,ppm,2,East Vinton Elementary School,24,100,42101,Carbon monoxide,54,40220,"Roanoke, VA",51,Virginia,161,Roanoke,37.28342,-79.88452
12/14/2023,AQS,511611004,1,0.3,ppm,3,East Vinton Elementary School,24,100,42101,Carbon monoxide,54,40220,"Roanoke, VA",51,Virginia,161,Roanoke,37.28342,-79.88452
12/15/2023,AQS,511611004,1,0.3,ppm,3,East Vinton Elementary School,24,100,42101,Carbon monoxide,54,40220,"Roanoke, VA",51,Virginia,161,Roanoke,37.28342,-79.88452
12/16/2023,AQS,511611004,1,0.5,ppm,6,East Vinton Elementary School,24,100,42101,Carbon monoxide,54,40220,"Roanoke, VA",51,Virginia,161,Roanoke,37.28342,-79.88452
12/17/2023,AQS,511611004,1,0.3,ppm,3,East Vinton Elementary School,24,100,42101,Carbon monoxide,54,40220,"Roanoke, VA",51,Virginia,161,Roanoke,37.28342,-79.88452
12/18/2023,AQS,511611004,1,0.2,ppm,2,East Vinton Elementary School,24,100,42101,Carbon monoxide,54,40220,"Roanoke, VA",51,Virginia,161,Roanoke,37.28342,-79.88452
12/19/2023,AQS,511611004,1,0.1,ppm,1,East Vinton Elementary School,17,71,42101,Carbon monoxide,54,40220,"Roanoke, VA",51,Virginia,161,Roanoke,37.28342,-79.88452
12/20/2023,AQS,511611004,1,0.4,ppm,5,East Vinton Elementary School,24,100,42101,Carbon monoxide,54,40220,"Roanoke, VA",51,Virginia,161,Roanoke,37.28342,-79.88452
12/21/2023,AQS,511611004,1,0.4,ppm,5,East Vinton Elementary School,24,100,42101,Carbon monoxide,54,40220,"Roanoke, VA",51,Virginia,161,Roanoke,37.28342,-79.88452
12/22/2023,AQS,511611004,1,0.5,ppm,6,East Vinton Elementary School,24,100,42101,Carbon monoxide,54,40220,"Roanoke, VA",51,Virginia,161,Roanoke,37.28342,-79.88452
12/23/2023,AQS,511611004,1,0.4,ppm,5,East Vinton Elementary School,24,100,42101,Carbon monoxide,54,40220,"Roanoke, VA",51,Virginia,161,Roanoke,37.28342,-79.88452
12/24/2023,AQS,511611004,1,0.4,ppm,5,East Vinton Elementary School,24,100,42101,Carbon monoxide,54,40220,"Roanoke, VA",51,Virginia,161,Roanoke,37.28342,-79.88452
12/25/2023,AQS,511611004,1,0.4,ppm,5,East Vinton Elementary School,24,100,42101,Carbon monoxide,54,40220,"Roanoke, VA",51,Virginia,161,Roanoke,37.28342,-79.88452
12/26/2023,AQS,511611004,1,0.2,ppm,2,East Vinton Elementary School,24,100,42101,Carbon monoxide,54,40220,"Roanoke, VA",51,Virginia,161,Roanoke,37.28342,-79.88452
12/27/2023,AQS,511611004,1,0.3,ppm,3,East Vinton Elementary School,24,100,42101,Carbon monoxide,54,40220,"Roanoke, VA",51,Virginia,161,Roanoke,37.28342,-79.88452
12/28/2023,AQS,511611004,1,0.3,ppm,3,East Vinton Elementary School,24,100,42101,Carbon monoxide,54,40220,"Roanoke, VA",51,Virginia,161,Roanoke,37.28342,-79.88452
12/29/2023,AQS,511611004,1,0.3,ppm,3,East Vinton Elementary School,24,100,42101,Carbon monoxide,54,40220,"Roanoke, VA",51,Virginia,161,Roanoke,37.28342,-79.88452
12/30/2023,AQS,511611004,1,0.2,ppm,2,East Vinton Elementary School,24,100,42101,Carbon monoxide,54,40220,"Roanoke, VA",51,Virginia,161,Roanoke,37.28342,-79.88452
12/31/2023,AQS,511611004,1,0.2,ppm,2,East Vinton Elementary School,24,100,42101,Carbon monoxide,54,40220,"Roanoke, VA",51,Virginia,161,Roanoke,37.28342,-79.88452
1/4/2023,AQS,516500008,1,0.1,ppm,1,NASA Langley Research Center,5,21,42101,Carbon monoxide,54,47260,"Virginia Beach-Norfolk-Newport News, VA-NC",51,Virginia,650,Hampton City,37.103733,-76.3870167
1/5/2023,AQS,516500008,1,0.1,ppm,1,NASA Langley Research Center,1,4,42101,Carbon monoxide,54,47260,"Virginia Beach-Norfolk-Newport News, VA-NC",51,Virginia,650,Hampton City,37.103733,-76.3870167
1/6/2023,AQS,516500008,1,0.1,ppm,1,NASA Langley Research Center,5,21,42101,Carbon monoxide,54,47260,"Virginia Beach-Norfolk-Newport News, VA-NC",51,Virginia,650,Hampton City,37.103733,-76.3870167
1/7/2023,AQS,516500008,1,0.2,ppm,2,NASA Langley Research Center,24,100,42101,Carbon monoxide,54,47260,"Virginia Beach-Norfolk-Newport News, VA-NC",51,Virginia,650,Hampton City,37.103733,-76.3870167
1/8/2023,AQS,516500008,1,0.2,ppm,2,NASA Langley Research Center,24,100,42101,Carbon monoxide,54,47260,"Virginia Beach-Norfolk-Newport News, VA-NC",51,Virginia,650,Hampton City,37.103733,-76.3870167
1/9/2023,AQS,516500008,1,0.3,ppm,3,NASA Langley Research Center,24,100,42101,Carbon monoxide,54,47260,"Virginia Beach-Norfolk-Newport News, VA-NC",51,Virginia,650,Hampton City,37.103733,-76.3870167
1/10/2023,AQS,516500008,1,0.4,ppm,5,NASA Langley Research Center,24,100,42101,Carbon monoxide,54,47260,"Virginia Beach-Norfolk-Newport News, VA-NC",51,Virginia,650,Hampton City,37.103733,-76.3870167
1/11/2023,AQS,516500008,1,0.3,ppm,3,NASA Langley Research Center,24,100,42101,Carbon monoxide,54,47260,"Virginia Beach-Norfolk-Newport News, VA-NC",51,Virginia,650,Hampton City,37.103733,-76.3870167
1/12/2023,AQS,516500008,1,0.2,ppm,2,NASA Langley Research Center,24,100,42101,Carbon monoxide,54,47260,"Virginia Beach-Norfolk-Newport News, VA-NC",51,Virginia,650,Hampton City,37.103733,-76.3870167
1/13/2023,AQS,516500008,1,0.2,ppm,2,NASA Langley Research Center,24,100,42101,Carbon monoxide,54,47260,"Virginia Beach-Norfolk-Newport News, VA-NC",51,Virginia,650,Hampton City,37.103733,-76.3870167
1/14/2023,AQS,516500008,1,0.2,ppm,2,NASA Langley Research Center,24,100,42101,Carbon monoxide,54,47260,"Virginia Beach-Norfolk-Newport News, VA-NC",51,Virginia,650,Hampton City,37.103733,-76.3870167
1/15/2023,AQS,516500008,1,0.2,ppm,2,NASA Langley Research Center,24,100,42101,Carbon monoxide,54,47260,"Virginia Beach-Norfolk-Newport News, VA-NC",51,Virginia,650,Hampton City,37.103733,-76.3870167
1/16/2023,AQS,516500008,1,0.3,ppm,3,NASA Langley Research Center,24,100,42101,Carbon monoxide,54,47260,"Virginia Beach-Norfolk-Newport News, VA-NC",51,Virginia,650,Hampton City,37.103733,-76.3870167
1/17/2023,AQS,516500008,1,0.3,ppm,3,NASA Langley Research Center,24,100,42101,Carbon monoxide,54,47260,"Virginia Beach-Norfolk-Newport News, VA-NC",51,Virginia,650,Hampton City,37.103733,-76.3870167
1/18/2023,AQS,516500008,1,0.3,ppm,3,NASA Langley Research Center,24,100,42101,Carbon monoxide,54,47260,"Virginia Beach-Norfolk-Newport News, VA-NC",51,Virginia,650,Hampton City,37.103733,-76.3870167
1/19/2023,AQS,516500008,1,0.2,ppm,2,NASA Langley Research Center,24,100,42101,Carbon monoxide,54,47260,"Virginia Beach-Norfolk-Newport News, VA-NC",51,Virginia,650,Hampton City,37.103733,-76.3870167
1/20/2023,AQS,516500008,1,0.2,ppm,2,NASA Langley Research Center,24,100,42101,Carbon monoxide,54,47260,"Virginia Beach-Norfolk-Newport News, VA-NC",51,Virginia,650,Hampton City,37.103733,-76.3870167
1/21/2023,AQS,516500008,1,0.3,ppm,3,NASA Langley Research Center,24,100,42101,Carbon monoxide,54,47260,"Virginia Beach-Norfolk-Newport News, VA-NC",51,Virginia,650,Hampton City,37.103733,-76.3870167
1/22/2023,AQS,516500008,1,0.3,ppm,3,NASA Langley Research Center,24,100,42101,Carbon monoxide,54,47260,"Virginia Beach-Norfolk-Newport News, VA-NC",51,Virginia,650,Hampton City,37.103733,-76.3870167
1/23/2023,AQS,516500008,1,0.2,ppm,2,NASA Langley Research Center,24,100,42101,Carbon monoxide,54,47260,"Virginia Beach-Norfolk-Newport News, VA-NC",51,Virginia,650,Hampton City,37.103733,-76.3870167
1/24/2023,AQS,516500008,1,0.2,ppm,2,NASA Langley Research Center,24,100,42101,Carbon monoxide,54,47260,"Virginia Beach-Norfolk-Newport News, VA-NC",51,Virginia,650,Hampton City,37.103733,-76.3870167
1/25/2023,AQS,516500008,1,0.3,ppm,3,NASA Langley Research Center,24,100,42101,Carbon monoxide,54,47260,"Virginia Beach-Norfolk-Newport News, VA-NC",51,Virginia,650,Hampton City,37.103733,-76.3870167
1/26/2023,AQS,516500008,1,0.2,ppm,2,NASA Langley Research Center,24,100,42101,Carbon monoxide,54,47260,"Virginia Beach-Norfolk-Newport News, VA-NC",51,Virginia,650,Hampton City,37.103733,-76.3870167
1/27/2023,AQS,516500008,1,0.4,ppm,5,NASA Langley Research Center,24,100,42101,Carbon monoxide,54,47260,"Virginia Beach-Norfolk-Newport News, VA-NC",51,Virginia,650,Hampton City,37.103733,-76.3870167
1/28/2023,AQS,516500008,1,0.4,ppm,5,NASA Langley Research Center,24,100,42101,Carbon monoxide,54,47260,"Virginia Beach-Norfolk-Newport News, VA-NC",51,Virginia,650,Hampton City,37.103733,-76.3870167
1/29/2023,AQS,516500008,1,0.3,ppm,3,NASA Langley Research Center,24,100,42101,Carbon monoxide,54,47260,"Virginia Beach-Norfolk-Newport News, VA-NC",51,Virginia,650,Hampton City,37.103733,-76.3870167
1/30/2023,AQS,516500008,1,0.4,ppm,5,NASA Langley Research Center,24,100,42101,Carbon monoxide,54,47260,"Virginia Beach-Norfolk-Newport News, VA-NC",51,Virginia,650,Hampton City,37.103733,-76.3870167
1/31/2023,AQS,516500008,1,0.4,ppm,5,NASA Langley Research Center,24,100,42101,Carbon monoxide,54,47260,"Virginia Beach-Norfolk-Newport News, VA-NC",51,Virginia,650,Hampton City,37.103733,-76.3870167
2/1/2023,AQS,516500008,1,0.2,ppm,2,NASA Langley Research Center,13,54,42101,Carbon monoxide,54,47260,"Virginia Beach-Norfolk-Newport News, VA-NC",51,Virginia,650,Hampton City,37.103733,-76.3870167
2/2/2023,AQS,516500008,1,0.2,ppm,2,NASA Langley Research Center,11,46,42101,Carbon monoxide,54,47260,"Virginia Beach-Norfolk-Newport News, VA-NC",51,Virginia,650,Hampton City,37.103733,-76.3870167
2/3/2023,AQS,516500008,1,0.2,ppm,2,NASA Langley Research Center,24,100,42101,Carbon monoxide,54,47260,"Virginia Beach-Norfolk-Newport News, VA-NC",51,Virginia,650,Hampton City,37.103733,-76.3870167
2/4/2023,AQS,516500008,1,0.2,ppm,2,NASA Langley Research Center,24,100,42101,Carbon monoxide,54,47260,"Virginia Beach-Norfolk-Newport News, VA-NC",51,Virginia,650,Hampton City,37.103733,-76.3870167
2/5/2023,AQS,516500008,1,0.3,ppm,3,NASA Langley Research Center,24,100,42101,Carbon monoxide,54,47260,"Virginia Beach-Norfolk-Newport News, VA-NC",51,Virginia,650,Hampton City,37.103733,-76.3870167
2/6/2023,AQS,516500008,1,0.3,ppm,3,NASA Langley Research Center,24,100,42101,Carbon monoxide,54,47260,"Virginia Beach-Norfolk-Newport News, VA-NC",51,Virginia,650,Hampton City,37.103733,-76.3870167
2/7/2023,AQS,516500008,1,0.4,ppm,5,NASA Langley Research Center,24,100,42101,Carbon monoxide,54,47260,"Virginia Beach-Norfolk-Newport News, VA-NC",51,Virginia,650,Hampton City,37.103733,-76.3870167
2/8/2023,AQS,516500008,1,0.3,ppm,3,NASA Langley Research Center,24,100,42101,Carbon monoxide,54,47260,"Virginia Beach-Norfolk-Newport News, VA-NC",51,Virginia,650,Hampton City,37.103733,-76.3870167
2/9/2023,AQS,516500008,1,0.4,ppm,5,NASA Langley Research Center,24,100,42101,Carbon monoxide,54,47260,"Virginia Beach-Norfolk-Newport News, VA-NC",51,Virginia,650,Hampton City,37.103733,-76.3870167
2/10/2023,AQS,516500008,1,0.3,ppm,3,NASA Langley Research Center,24,100,42101,Carbon monoxide,54,47260,"Virginia Beach-Norfolk-Newport News, VA-NC",51,Virginia,650,Hampton City,37.103733,-76.3870167
2/11/2023,AQS,516500008,1,0.3,ppm,3,NASA Langley Research Center,24,100,42101,Carbon monoxide,54,47260,"Virginia Beach-Norfolk-Newport News, VA-NC",51,Virginia,650,Hampton City,37.103733,-76.3870167
2/12/2023,AQS,516500008,1,0.3,ppm,3,NASA Langley Research Center,24,100,42101,Carbon monoxide,54,47260,"Virginia Beach-Norfolk-Newport News, VA-NC",51,Virginia,650,Hampton City,37.103733,-76.3870167
2/13/2023,AQS,516500008,1,0.3,ppm,3,NASA Langley Research Center,24,100,42101,Carbon monoxide,54,47260,"Virginia Beach-Norfolk-Newport News, VA-NC",51,Virginia,650,Hampton City,37.103733,-76.3870167
2/14/2023,AQS,516500008,1,0.5,ppm,6,NASA Langley Research Center,24,100,42101,Carbon monoxide,54,47260,"Virginia Beach-Norfolk-Newport News, VA-NC",51,Virginia,650,Hampton City,37.103733,-76.3870167
2/15/2023,AQS,516500008,1,0.2,ppm,2,NASA Langley Research Center,24,100,42101,Carbon monoxide,54,47260,"Virginia Beach-Norfolk-Newport News, VA-NC",51,Virginia,650,Hampton City,37.103733,-76.3870167
2/16/2023,AQS,516500008,1,0.2,ppm,2,NASA Langley Research Center,24,100,42101,Carbon monoxide,54,47260,"Virginia Beach-Norfolk-Newport News, VA-NC",51,Virginia,650,Hampton City,37.103733,-76.3870167
2/17/2023,AQS,516500008,1,0.2,ppm,2,NASA Langley Research Center,24,100,42101,Carbon monoxide,54,47260,"Virginia Beach-Norfolk-Newport News, VA-NC",51,Virginia,650,Hampton City,37.103733,-76.3870167
2/18/2023,AQS,516500008,1,0.3,ppm,3,NASA Langley Research Center,24,100,42101,Carbon monoxide,54,47260,"Virginia Beach-Norfolk-Newport News, VA-NC",51,Virginia,650,Hampton City,37.103733,-76.3870167
2/19/2023,AQS,516500008,1,0.3,ppm,3,NASA Langley Research Center,24,100,42101,Carbon monoxide,54,47260,"Virginia Beach-Norfolk-Newport News, VA-NC",51,Virginia,650,Hampton City,37.103733,-76.3870167
2/20/2023,AQS,516500008,1,0.3,ppm,3,NASA Langley Research Center,24,100,42101,Carbon monoxide,54,47260,"Virginia Beach-Norfolk-Newport News, VA-NC",51,Virginia,650,Hampton City,37.103733,-76.3870167
2/21/2023,AQS,516500008,1,0.3,ppm,3,NASA Langley Research Center,24,100,42101,Carbon monoxide,54,47260,"Virginia Beach-Norfolk-Newport News, VA-NC",51,Virginia,650,Hampton City,37.103733,-76.3870167
2/22/2023,AQS,516500008,1,0.3,ppm,3,NASA Langley Research Center,24,100,42101,Carbon monoxide,54,47260,"Virginia Beach-Norfolk-Newport News, VA-NC",51,Virginia,650,Hampton City,37.103733,-76.3870167
2/23/2023,AQS,516500008,1,0.3,ppm,3,NASA Langley Research Center,24,100,42101,Carbon monoxide,54,47260,"Virginia Beach-Norfolk-Newport News, VA-NC",51,Virginia,650,Hampton City,37.103733,-76.3870167
2/24/2023,AQS,516500008,1,0.2,ppm,2,NASA Langley Research Center,24,100,42101,Carbon monoxide,54,47260,"Virginia Beach-Norfolk-Newport News, VA-NC",51,Virginia,650,Hampton City,37.103733,-76.3870167
2/25/2023,AQS,516500008,1,0.1,ppm,1,NASA Langley Research Center,24,100,42101,Carbon monoxide,54,47260,"Virginia Beach-Norfolk-Newport News, VA-NC",51,Virginia,650,Hampton City,37.103733,-76.3870167
2/26/2023,AQS,516500008,1,0.2,ppm,2,NASA Langley Research Center,24,100,42101,Carbon monoxide,54,47260,"Virginia Beach-Norfolk-Newport News, VA-NC",51,Virginia,650,Hampton City,37.103733,-76.3870167
2/27/2023,AQS,516500008,1,0.2,ppm,2,NASA Langley Research Center,24,100,42101,Carbon monoxide,54,47260,"Virginia Beach-Norfolk-Newport News, VA-NC",51,Virginia,650,Hampton City,37.103733,-76.3870167
2/28/2023,AQS,516500008,1,0.2,ppm,2,NASA Langley Research Center,24,100,42101,Carbon monoxide,54,47260,"Virginia Beach-Norfolk-Newport News, VA-NC",51,Virginia,650,Hampton City,37.103733,-76.3870167
3/1/2023,AQS,516500008,1,0.2,ppm,2,NASA Langley Research Center,24,100,42101,Carbon monoxide,54,47260,"Virginia Beach-Norfolk-Newport News, VA-NC",51,Virginia,650,Hampton City,37.103733,-76.3870167
3/2/2023,AQS,516500008,1,0.3,ppm,3,NASA Langley Research Center,24,100,42101,Carbon monoxide,54,47260,"Virginia Beach-Norfolk-Newport News, VA-NC",51,Virginia,650,Hampton City,37.103733,-76.3870167
3/3/2023,AQS,516500008,1,0.3,ppm,3,NASA Langley Research Center,24,100,42101,Carbon monoxide,54,47260,"Virginia Beach-Norfolk-Newport News, VA-NC",51,Virginia,650,Hampton City,37.103733,-76.3870167
3/4/2023,AQS,516500008,1,0.2,ppm,2,NASA Langley Research Center,24,100,42101,Carbon monoxide,54,47260,"Virginia Beach-Norfolk-Newport News, VA-NC",51,Virginia,650,Hampton City,37.103733,-76.3870167
3/5/2023,AQS,516500008,1,0.3,ppm,3,NASA Langley Research Center,24,100,42101,Carbon monoxide,54,47260,"Virginia Beach-Norfolk-Newport News, VA-NC",51,Virginia,650,Hampton City,37.103733,-76.3870167
3/6/2023,AQS,516500008,1,0.3,ppm,3,NASA Langley Research Center,24,100,42101,Carbon monoxide,54,47260,"Virginia Beach-Norfolk-Newport News, VA-NC",51,Virginia,650,Hampton City,37.103733,-76.3870167
3/7/2023,AQS,516500008,1,0.2,ppm,2,NASA Langley Research Center,24,100,42101,Carbon monoxide,54,47260,"Virginia Beach-Norfolk-Newport News, VA-NC",51,Virginia,650,Hampton City,37.103733,-76.3870167
3/8/2023,AQS,516500008,1,0.1,ppm,1,NASA Langley Research Center,24,100,42101,Carbon monoxide,54,47260,"Virginia Beach-Norfolk-Newport News, VA-NC",51,Virginia,650,Hampton City,37.103733,-76.3870167
3/9/2023,AQS,516500008,1,0.2,ppm,2,NASA Langley Research Center,24,100,42101,Carbon monoxide,54,47260,"Virginia Beach-Norfolk-Newport News, VA-NC",51,Virginia,650,Hampton City,37.103733,-76.3870167
3/10/2023,AQS,516500008,1,0.3,ppm,3,NASA Langley Research Center,24,100,42101,Carbon monoxide,54,47260,"Virginia Beach-Norfolk-Newport News, VA-NC",51,Virginia,650,Hampton City,37.103733,-76.3870167
3/11/2023,AQS,516500008,1,0.2,ppm,2,NASA Langley Research Center,24,100,42101,Carbon monoxide,54,47260,"Virginia Beach-Norfolk-Newport News, VA-NC",51,Virginia,650,Hampton City,37.103733,-76.3870167
3/12/2023,AQS,516500008,1,0.2,ppm,2,NASA Langley Research Center,24,100,42101,Carbon monoxide,54,47260,"Virginia Beach-Norfolk-Newport News, VA-NC",51,Virginia,650,Hampton City,37.103733,-76.3870167
3/13/2023,AQS,516500008,1,0.2,ppm,2,NASA Langley Research Center,24,100,42101,Carbon monoxide,54,47260,"Virginia Beach-Norfolk-Newport News, VA-NC",51,Virginia,650,Hampton City,37.103733,-76.3870167
3/14/2023,AQS,516500008,1,0.2,ppm,2,NASA Langley Research Center,24,100,42101,Carbon monoxide,54,47260,"Virginia Beach-Norfolk-Newport News, VA-NC",51,Virginia,650,Hampton City,37.103733,-76.3870167
3/15/2023,AQS,516500008,1,0.1,ppm,1,NASA Langley Research Center,24,100,42101,Carbon monoxide,54,47260,"Virginia Beach-Norfolk-Newport News, VA-NC",51,Virginia,650,Hampton City,37.103733,-76.3870167
3/16/2023,AQS,516500008,1,0.3,ppm,3,NASA Langley Research Center,24,100,42101,Carbon monoxide,54,47260,"Virginia Beach-Norfolk-Newport News, VA-NC",51,Virginia,650,Hampton City,37.103733,-76.3870167
3/17/2023,AQS,516500008,1,0.2,ppm,2,NASA Langley Research Center,24,100,42101,Carbon monoxide,54,47260,"Virginia Beach-Norfolk-Newport News, VA-NC",51,Virginia,650,Hampton City,37.103733,-76.3870167
3/18/2023,AQS,516500008,1,0.2,ppm,2,NASA Langley Research Center,24,100,42101,Carbon monoxide,54,47260,"Virginia Beach-Norfolk-Newport News, VA-NC",51,Virginia,650,Hampton City,37.103733,-76.3870167
3/19/2023,AQS,516500008,1,0.2,ppm,2,NASA Langley Research Center,24,100,42101,Carbon monoxide,54,47260,"Virginia Beach-Norfolk-Newport News, VA-NC",51,Virginia,650,Hampton City,37.103733,-76.3870167
3/20/2023,AQS,516500008,1,0.2,ppm,2,NASA Langley Research Center,24,100,42101,Carbon monoxide,54,47260,"Virginia Beach-Norfolk-Newport News, VA-NC",51,Virginia,650,Hampton City,37.103733,-76.3870167
3/21/2023,AQS,516500008,1,0.4,ppm,5,NASA Langley Research Center,24,100,42101,Carbon monoxide,54,47260,"Virginia Beach-Norfolk-Newport News, VA-NC",51,Virginia,650,Hampton City,37.103733,-76.3870167
3/22/2023,AQS,516500008,1,0.2,ppm,2,NASA Langley Research Center,24,100,42101,Carbon monoxide,54,47260,"Virginia Beach-Norfolk-Newport News, VA-NC",51,Virginia,650,Hampton City,37.103733,-76.3870167
3/23/2023,AQS,516500008,1,0.2,ppm,2,NASA Langley Research Center,24,100,42101,Carbon monoxide,54,47260,"Virginia Beach-Norfolk-Newport News, VA-NC",51,Virginia,650,Hampton City,37.103733,-76.3870167
3/24/2023,AQS,516500008,1,0.2,ppm,2,NASA Langley Research Center,24,100,42101,Carbon monoxide,54,47260,"Virginia Beach-Norfolk-Newport News, VA-NC",51,Virginia,650,Hampton City,37.103733,-76.3870167
3/25/2023,AQS,516500008,1,0.2,ppm,2,NASA Langley Research Center,24,100,42101,Carbon monoxide,54,47260,"Virginia Beach-Norfolk-Newport News, VA-NC",51,Virginia,650,Hampton City,37.103733,-76.3870167
3/26/2023,AQS,516500008,1,0.2,ppm,2,NASA Langley Research Center,24,100,42101,Carbon monoxide,54,47260,"Virginia Beach-Norfolk-Newport News, VA-NC",51,Virginia,650,Hampton City,37.103733,-76.3870167
3/27/2023,AQS,516500008,1,0.3,ppm,3,NASA Langley Research Center,24,100,42101,Carbon monoxide,54,47260,"Virginia Beach-Norfolk-Newport News, VA-NC",51,Virginia,650,Hampton City,37.103733,-76.3870167
3/28/2023,AQS,516500008,1,0.2,ppm,2,NASA Langley Research Center,24,100,42101,Carbon monoxide,54,47260,"Virginia Beach-Norfolk-Newport News, VA-NC",51,Virginia,650,Hampton City,37.103733,-76.3870167
3/29/2023,AQS,516500008,1,0.2,ppm,2,NASA Langley Research Center,6,25,42101,Carbon monoxide,54,47260,"Virginia Beach-Norfolk-Newport News, VA-NC",51,Virginia,650,Hampton City,37.103733,-76.3870167
3/30/2023,AQS,516500008,1,0.1,ppm,1,NASA Langley Research Center,7,29,42101,Carbon monoxide,54,47260,"Virginia Beach-Norfolk-Newport News, VA-NC",51,Virginia,650,Hampton City,37.103733,-76.3870167
3/31/2023,AQS,516500008,1,0.1,ppm,1,NASA Langley Research Center,24,100,42101,Carbon monoxide,54,47260,"Virginia Beach-Norfolk-Newport News, VA-NC",51,Virginia,650,Hampton City,37.103733,-76.3870167
4/1/2023,AQS,516500008,1,0.1,ppm,1,NASA Langley Research Center,24,100,42101,Carbon monoxide,54,47260,"Virginia Beach-Norfolk-Newport News, VA-NC",51,Virginia,650,Hampton City,37.103733,-76.3870167
4/2/2023,AQS,516500008,1,0.2,ppm,2,NASA Langley Research Center,24,100,42101,Carbon monoxide,54,47260,"Virginia Beach-Norfolk-Newport News, VA-NC",51,Virginia,650,Hampton City,37.103733,-76.3870167
4/3/2023,AQS,516500008,1,0.3,ppm,3,NASA Langley Research Center,24,100,42101,Carbon monoxide,54,47260,"Virginia Beach-Norfolk-Newport News, VA-NC",51,Virginia,650,Hampton City,37.103733,-76.3870167
4/4/2023,AQS,516500008,1,0.2,ppm,2,NASA Langley Research Center,24,100,42101,Carbon monoxide,54,47260,"Virginia Beach-Norfolk-Newport News, VA-NC",51,Virginia,650,Hampton City,37.103733,-76.3870167
4/5/2023,AQS,516500008,1,0.3,ppm,3,NASA Langley Research Center,24,100,42101,Carbon monoxide,54,47260,"Virginia Beach-Norfolk-Newport News, VA-NC",51,Virginia,650,Hampton City,37.103733,-76.3870167
4/6/2023,AQS,516500008,1,0.3,ppm,3,NASA Langley Research Center,24,100,42101,Carbon monoxide,54,47260,"Virginia Beach-Norfolk-Newport News, VA-NC",51,Virginia,650,Hampton City,37.103733,-76.3870167
4/7/2023,AQS,516500008,1,0.3,ppm,3,NASA Langley Research Center,24,100,42101,Carbon monoxide,54,47260,"Virginia Beach-Norfolk-Newport News, VA-NC",51,Virginia,650,Hampton City,37.103733,-76.3870167
4/8/2023,AQS,516500008,1,0.3,ppm,3,NASA Langley Research Center,24,100,42101,Carbon monoxide,54,47260,"Virginia Beach-Norfolk-Newport News, VA-NC",51,Virginia,650,Hampton City,37.103733,-76.3870167
4/9/2023,AQS,516500008,1,0.4,ppm,5,NASA Langley Research Center,24,100,42101,Carbon monoxide,54,47260,"Virginia Beach-Norfolk-Newport News, VA-NC",51,Virginia,650,Hampton City,37.103733,-76.3870167
4/10/2023,AQS,516500008,1,0.4,ppm,5,NASA Langley Research Center,24,100,42101,Carbon monoxide,54,47260,"Virginia Beach-Norfolk-Newport News, VA-NC",51,Virginia,650,Hampton City,37.103733,-76.3870167
4/11/2023,AQS,516500008,1,0.5,ppm,6,NASA Langley Research Center,24,100,42101,Carbon monoxide,54,47260,"Virginia Beach-Norfolk-Newport News, VA-NC",51,Virginia,650,Hampton City,37.103733,-76.3870167
4/12/2023,AQS,516500008,1,0.5,ppm,6,NASA Langley Research Center,4,17,42101,Carbon monoxide,54,47260,"Virginia Beach-Norfolk-Newport News, VA-NC",51,Virginia,650,Hampton City,37.103733,-76.3870167
4/17/2023,AQS,516500008,1,0.2,ppm,2,NASA Langley Research Center,12,50,42101,Carbon monoxide,54,47260,"Virginia Beach-Norfolk-Newport News, VA-NC",51,Virginia,650,Hampton City,37.103733,-76.3870167
4/18/2023,AQS,516500008,1,0.2,ppm,2,NASA Langley Research Center,24,100,42101,Carbon monoxide,54,47260,"Virginia Beach-Norfolk-Newport News, VA-NC",51,Virginia,650,Hampton City,37.103733,-76.3870167
4/19/2023,AQS,516500008,1,0.2,ppm,2,NASA Langley Research Center,24,100,42101,Carbon monoxide,54,47260,"Virginia Beach-Norfolk-Newport News, VA-NC",51,Virginia,650,Hampton City,37.103733,-76.3870167
4/20/2023,AQS,516500008,1,0.3,ppm,3,NASA Langley Research Center,24,100,42101,Carbon monoxide,54,47260,"Virginia Beach-Norfolk-Newport News, VA-NC",51,Virginia,650,Hampton City,37.103733,-76.3870167
4/21/2023,AQS,516500008,1,0.3,ppm,3,NASA Langley Research Center,24,100,42101,Carbon monoxide,54,47260,"Virginia Beach-Norfolk-Newport News, VA-NC",51,Virginia,650,Hampton City,37.103733,-76.3870167
4/22/2023,AQS,516500008,1,0.3,ppm,3,NASA Langley Research Center,24,100,42101,Carbon monoxide,54,47260,"Virginia Beach-Norfolk-Newport News, VA-NC",51,Virginia,650,Hampton City,37.103733,-76.3870167
4/23/2023,AQS,516500008,1,0.3,ppm,3,NASA Langley Research Center,24,100,42101,Carbon monoxide,54,47260,"Virginia Beach-Norfolk-Newport News, VA-NC",51,Virginia,650,Hampton City,37.103733,-76.3870167
4/24/2023,AQS,516500008,1,0.3,ppm,3,NASA Langley Research Center,24,100,42101,Carbon monoxide,54,47260,"Virginia Beach-Norfolk-Newport News, VA-NC",51,Virginia,650,Hampton City,37.103733,-76.3870167
4/25/2023,AQS,516500008,1,0.2,ppm,2,NASA Langley Research Center,24,100,42101,Carbon monoxide,54,47260,"Virginia Beach-Norfolk-Newport News, VA-NC",51,Virginia,650,Hampton City,37.103733,-76.3870167
4/26/2023,AQS,516500008,1,0.2,ppm,2,NASA Langley Research Center,24,100,42101,Carbon monoxide,54,47260,"Virginia Beach-Norfolk-Newport News, VA-NC",51,Virginia,650,Hampton City,37.103733,-76.3870167
4/27/2023,AQS,516500008,1,0.3,ppm,3,NASA Langley Research Center,24,100,42101,Carbon monoxide,54,47260,"Virginia Beach-Norfolk-Newport News, VA-NC",51,Virginia,650,Hampton City,37.103733,-76.3870167
4/28/2023,AQS,516500008,1,0.2,ppm,2,NASA Langley Research Center,24,100,42101,Carbon monoxide,54,47260,"Virginia Beach-Norfolk-Newport News, VA-NC",51,Virginia,650,Hampton City,37.103733,-76.3870167
4/29/2023,AQS,516500008,1,0.3,ppm,3,NASA Langley Research Center,24,100,42101,Carbon monoxide,54,47260,"Virginia Beach-Norfolk-Newport News, VA-NC",51,Virginia,650,Hampton City,37.103733,-76.3870167
4/30/2023,AQS,516500008,1,0.3,ppm,3,NASA Langley Research Center,24,100,42101,Carbon monoxide,54,47260,"Virginia Beach-Norfolk-Newport News, VA-NC",51,Virginia,650,Hampton City,37.103733,-76.3870167
5/1/2023,AQS,516500008,1,0.3,ppm,3,NASA Langley Research Center,24,100,42101,Carbon monoxide,54,47260,"Virginia Beach-Norfolk-Newport News, VA-NC",51,Virginia,650,Hampton City,37.103733,-76.3870167
5/2/2023,AQS,516500008,1,0.3,ppm,3,NASA Langley Research Center,24,100,42101,Carbon monoxide,54,47260,"Virginia Beach-Norfolk-Newport News, VA-NC",51,Virginia,650,Hampton City,37.103733,-76.3870167
5/3/2023,AQS,516500008,1,0.2,ppm,2,NASA Langley Research Center,24,100,42101,Carbon monoxide,54,47260,"Virginia Beach-Norfolk-Newport News, VA-NC",51,Virginia,650,Hampton City,37.103733,-76.3870167
5/4/2023,AQS,516500008,1,0.2,ppm,2,NASA Langley Research Center,24,100,42101,Carbon monoxide,54,47260,"Virginia Beach-Norfolk-Newport News, VA-NC",51,Virginia,650,Hampton City,37.103733,-76.3870167
5/5/2023,AQS,516500008,1,0.3,ppm,3,NASA Langley Research Center,24,100,42101,Carbon monoxide,54,47260,"Virginia Beach-Norfolk-Newport News, VA-NC",51,Virginia,650,Hampton City,37.103733,-76.3870167
5/6/2023,AQS,516500008,1,0.3,ppm,3,NASA Langley Research Center,24,100,42101,Carbon monoxide,54,47260,"Virginia Beach-Norfolk-Newport News, VA-NC",51,Virginia,650,Hampton City,37.103733,-76.3870167
5/7/2023,AQS,516500008,1,0.3,ppm,3,NASA Langley Research Center,24,100,42101,Carbon monoxide,54,47260,"Virginia Beach-Norfolk-Newport News, VA-NC",51,Virginia,650,Hampton City,37.103733,-76.3870167
5/8/2023,AQS,516500008,1,0.3,ppm,3,NASA Langley Research Center,24,100,42101,Carbon monoxide,54,47260,"Virginia Beach-Norfolk-Newport News, VA-NC",51,Virginia,650,Hampton City,37.103733,-76.3870167
5/9/2023,AQS,516500008,1,0.2,ppm,2,NASA Langley Research Center,24,100,42101,Carbon monoxide,54,47260,"Virginia Beach-Norfolk-Newport News, VA-NC",51,Virginia,650,Hampton City,37.103733,-76.3870167
5/10/2023,AQS,516500008,1,0.2,ppm,2,NASA Langley Research Center,24,100,42101,Carbon monoxide,54,47260,"Virginia Beach-Norfolk-Newport News, VA-NC",51,Virginia,650,Hampton City,37.103733,-76.3870167
5/11/2023,AQS,516500008,1,0.2,ppm,2,NASA Langley Research Center,24,100,42101,Carbon monoxide,54,47260,"Virginia Beach-Norfolk-Newport News, VA-NC",51,Virginia,650,Hampton City,37.103733,-76.3870167
5/12/2023,AQS,516500008,1,0.3,ppm,3,NASA Langley Research Center,24,100,42101,Carbon monoxide,54,47260,"Virginia Beach-Norfolk-Newport News, VA-NC",51,Virginia,650,Hampton City,37.103733,-76.3870167
5/13/2023,AQS,516500008,1,0.3,ppm,3,NASA Langley Research Center,24,100,42101,Carbon monoxide,54,47260,"Virginia Beach-Norfolk-Newport News, VA-NC",51,Virginia,650,Hampton City,37.103733,-76.3870167
5/14/2023,AQS,516500008,1,0.3,ppm,3,NASA Langley Research Center,24,100,42101,Carbon monoxide,54,47260,"Virginia Beach-Norfolk-Newport News, VA-NC",51,Virginia,650,Hampton City,37.103733,-76.3870167
5/15/2023,AQS,516500008,1,0.4,ppm,5,NASA Langley Research Center,24,100,42101,Carbon monoxide,54,47260,"Virginia Beach-Norfolk-Newport News, VA-NC",51,Virginia,650,Hampton City,37.103733,-76.3870167
5/16/2023,AQS,516500008,1,0.4,ppm,5,NASA Langley Research Center,24,100,42101,Carbon monoxide,54,47260,"Virginia Beach-Norfolk-Newport News, VA-NC",51,Virginia,650,Hampton City,37.103733,-76.3870167
5/17/2023,AQS,516500008,1,0.2,ppm,2,NASA Langley Research Center,24,100,42101,Carbon monoxide,54,47260,"Virginia Beach-Norfolk-Newport News, VA-NC",51,Virginia,650,Hampton City,37.103733,-76.3870167
5/18/2023,AQS,516500008,1,0.2,ppm,2,NASA Langley Research Center,24,100,42101,Carbon monoxide,54,47260,"Virginia Beach-Norfolk-Newport News, VA-NC",51,Virginia,650,Hampton City,37.103733,-76.3870167
5/19/2023,AQS,516500008,1,0.2,ppm,2,NASA Langley Research Center,24,100,42101,Carbon monoxide,54,47260,"Virginia Beach-Norfolk-Newport News, VA-NC",51,Virginia,650,Hampton City,37.103733,-76.3870167
5/20/2023,AQS,516500008,1,0.2,ppm,2,NASA Langley Research Center,24,100,42101,Carbon monoxide,54,47260,"Virginia Beach-Norfolk-Newport News, VA-NC",51,Virginia,650,Hampton City,37.103733,-76.3870167
5/21/2023,AQS,516500008,1,0.3,ppm,3,NASA Langley Research Center,24,100,42101,Carbon monoxide,54,47260,"Virginia Beach-Norfolk-Newport News, VA-NC",51,Virginia,650,Hampton City,37.103733,-76.3870167
5/22/2023,AQS,516500008,1,0.4,ppm,5,NASA Langley Research Center,24,100,42101,Carbon monoxide,54,47260,"Virginia Beach-Norfolk-Newport News, VA-NC",51,Virginia,650,Hampton City,37.103733,-76.3870167
5/23/2023,AQS,516500008,1,0.2,ppm,2,NASA Langley Research Center,24,100,42101,Carbon monoxide,54,47260,"Virginia Beach-Norfolk-Newport News, VA-NC",51,Virginia,650,Hampton City,37.103733,-76.3870167
5/24/2023,AQS,516500008,1,0.2,ppm,2,NASA Langley Research Center,24,100,42101,Carbon monoxide,54,47260,"Virginia Beach-Norfolk-Newport News, VA-NC",51,Virginia,650,Hampton City,37.103733,-76.3870167
5/25/2023,AQS,516500008,1,0.3,ppm,3,NASA Langley Research Center,24,100,42101,Carbon monoxide,54,47260,"Virginia Beach-Norfolk-Newport News, VA-NC",51,Virginia,650,Hampton City,37.103733,-76.3870167
5/26/2023,AQS,516500008,1,0.2,ppm,2,NASA Langley Research Center,24,100,42101,Carbon monoxide,54,47260,"Virginia Beach-Norfolk-Newport News, VA-NC",51,Virginia,650,Hampton City,37.103733,-76.3870167
5/27/2023,AQS,516500008,1,0.2,ppm,2,NASA Langley Research Center,24,100,42101,Carbon monoxide,54,47260,"Virginia Beach-Norfolk-Newport News, VA-NC",51,Virginia,650,Hampton City,37.103733,-76.3870167
5/28/2023,AQS,516500008,1,0.2,ppm,2,NASA Langley Research Center,24,100,42101,Carbon monoxide,54,47260,"Virginia Beach-Norfolk-Newport News, VA-NC",51,Virginia,650,Hampton City,37.103733,-76.3870167
5/29/2023,AQS,516500008,1,0.2,ppm,2,NASA Langley Research Center,24,100,42101,Carbon monoxide,54,47260,"Virginia Beach-Norfolk-Newport News, VA-NC",51,Virginia,650,Hampton City,37.103733,-76.3870167
5/30/2023,AQS,516500008,1,0.3,ppm,3,NASA Langley Research Center,24,100,42101,Carbon monoxide,54,47260,"Virginia Beach-Norfolk-Newport News, VA-NC",51,Virginia,650,Hampton City,37.103733,-76.3870167
5/31/2023,AQS,516500008,1,0.3,ppm,3,NASA Langley Research Center,24,100,42101,Carbon monoxide,54,47260,"Virginia Beach-Norfolk-Newport News, VA-NC",51,Virginia,650,Hampton City,37.103733,-76.3870167
6/1/2023,AQS,516500008,1,0.3,ppm,3,NASA Langley Research Center,24,100,42101,Carbon monoxide,54,47260,"Virginia Beach-Norfolk-Newport News, VA-NC",51,Virginia,650,Hampton City,37.103733,-76.3870167
6/2/2023,AQS,516500008,1,0.2,ppm,2,NASA Langley Research Center,24,100,42101,Carbon monoxide,54,47260,"Virginia Beach-Norfolk-Newport News, VA-NC",51,Virginia,650,Hampton City,37.103733,-76.3870167
6/3/2023,AQS,516500008,1,0.2,ppm,2,NASA Langley Research Center,24,100,42101,Carbon monoxide,54,47260,"Virginia Beach-Norfolk-Newport News, VA-NC",51,Virginia,650,Hampton City,37.103733,-76.3870167
6/4/2023,AQS,516500008,1,0.2,ppm,2,NASA Langley Research Center,24,100,42101,Carbon monoxide,54,47260,"Virginia Beach-Norfolk-Newport News, VA-NC",51,Virginia,650,Hampton City,37.103733,-76.3870167
6/5/2023,AQS,516500008,1,0.2,ppm,2,NASA Langley Research Center,24,100,42101,Carbon monoxide,54,47260,"Virginia Beach-Norfolk-Newport News, VA-NC",51,Virginia,650,Hampton City,37.103733,-76.3870167
6/6/2023,AQS,516500008,1,0.3,ppm,3,NASA Langley Research Center,24,100,42101,Carbon monoxide,54,47260,"Virginia Beach-Norfolk-Newport News, VA-NC",51,Virginia,650,Hampton City,37.103733,-76.3870167
6/7/2023,AQS,516500008,1,0.6,ppm,7,NASA Langley Research Center,24,100,42101,Carbon monoxide,54,47260,"Virginia Beach-Norfolk-Newport News, VA-NC",51,Virginia,650,Hampton City,37.103733,-76.3870167
6/8/2023,AQS,516500008,1,0.4,ppm,5,NASA Langley Research Center,24,100,42101,Carbon monoxide,54,47260,"Virginia Beach-Norfolk-Newport News, VA-NC",51,Virginia,650,Hampton City,37.103733,-76.3870167
6/9/2023,AQS,516500008,1,0.4,ppm,5,NASA Langley Research Center,24,100,42101,Carbon monoxide,54,47260,"Virginia Beach-Norfolk-Newport News, VA-NC",51,Virginia,650,Hampton City,37.103733,-76.3870167
6/10/2023,AQS,516500008,1,0.3,ppm,3,NASA Langley Research Center,24,100,42101,Carbon monoxide,54,47260,"Virginia Beach-Norfolk-Newport News, VA-NC",51,Virginia,650,Hampton City,37.103733,-76.3870167
6/11/2023,AQS,516500008,1,0.3,ppm,3,NASA Langley Research Center,24,100,42101,Carbon monoxide,54,47260,"Virginia Beach-Norfolk-Newport News, VA-NC",51,Virginia,650,Hampton City,37.103733,-76.3870167
6/12/2023,AQS,516500008,1,0.2,ppm,2,NASA Langley Research Center,24,100,42101,Carbon monoxide,54,47260,"Virginia Beach-Norfolk-Newport News, VA-NC",51,Virginia,650,Hampton City,37.103733,-76.3870167
6/13/2023,AQS,516500008,1,0.2,ppm,2,NASA Langley Research Center,24,100,42101,Carbon monoxide,54,47260,"Virginia Beach-Norfolk-Newport News, VA-NC",51,Virginia,650,Hampton City,37.103733,-76.3870167
6/14/2023,AQS,516500008,1,0.2,ppm,2,NASA Langley Research Center,24,100,42101,Carbon monoxide,54,47260,"Virginia Beach-Norfolk-Newport News, VA-NC",51,Virginia,650,Hampton City,37.103733,-76.3870167
6/15/2023,AQS,516500008,1,0.2,ppm,2,NASA Langley Research Center,24,100,42101,Carbon monoxide,54,47260,"Virginia Beach-Norfolk-Newport News, VA-NC",51,Virginia,650,Hampton City,37.103733,-76.3870167
6/16/2023,AQS,516500008,1,0.3,ppm,3,NASA Langley Research Center,24,100,42101,Carbon monoxide,54,47260,"Virginia Beach-Norfolk-Newport News, VA-NC",51,Virginia,650,Hampton City,37.103733,-76.3870167
6/17/2023,AQS,516500008,1,0.4,ppm,5,NASA Langley Research Center,24,100,42101,Carbon monoxide,54,47260,"Virginia Beach-Norfolk-Newport News, VA-NC",51,Virginia,650,Hampton City,37.103733,-76.3870167
6/18/2023,AQS,516500008,1,0.5,ppm,6,NASA Langley Research Center,24,100,42101,Carbon monoxide,54,47260,"Virginia Beach-Norfolk-Newport News, VA-NC",51,Virginia,650,Hampton City,37.103733,-76.3870167
6/19/2023,AQS,516500008,1,0.3,ppm,3,NASA Langley Research Center,24,100,42101,Carbon monoxide,54,47260,"Virginia Beach-Norfolk-Newport News, VA-NC",51,Virginia,650,Hampton City,37.103733,-76.3870167
6/20/2023,AQS,516500008,1,0.3,ppm,3,NASA Langley Research Center,24,100,42101,Carbon monoxide,54,47260,"Virginia Beach-Norfolk-Newport News, VA-NC",51,Virginia,650,Hampton City,37.103733,-76.3870167
6/21/2023,AQS,516500008,1,0.2,ppm,2,NASA Langley Research Center,24,100,42101,Carbon monoxide,54,47260,"Virginia Beach-Norfolk-Newport News, VA-NC",51,Virginia,650,Hampton City,37.103733,-76.3870167
6/22/2023,AQS,516500008,1,0.2,ppm,2,NASA Langley Research Center,24,100,42101,Carbon monoxide,54,47260,"Virginia Beach-Norfolk-Newport News, VA-NC",51,Virginia,650,Hampton City,37.103733,-76.3870167
6/23/2023,AQS,516500008,1,0.2,ppm,2,NASA Langley Research Center,24,100,42101,Carbon monoxide,54,47260,"Virginia Beach-Norfolk-Newport News, VA-NC",51,Virginia,650,Hampton City,37.103733,-76.3870167
6/24/2023,AQS,516500008,1,0.2,ppm,2,NASA Langley Research Center,24,100,42101,Carbon monoxide,54,47260,"Virginia Beach-Norfolk-Newport News, VA-NC",51,Virginia,650,Hampton City,37.103733,-76.3870167
6/25/2023,AQS,516500008,1,0.2,ppm,2,NASA Langley Research Center,24,100,42101,Carbon monoxide,54,47260,"Virginia Beach-Norfolk-Newport News, VA-NC",51,Virginia,650,Hampton City,37.103733,-76.3870167
6/26/2023,AQS,516500008,1,0.3,ppm,3,NASA Langley Research Center,24,100,42101,Carbon monoxide,54,47260,"Virginia Beach-Norfolk-Newport News, VA-NC",51,Virginia,650,Hampton City,37.103733,-76.3870167
6/27/2023,AQS,516500008,1,0.3,ppm,3,NASA Langley Research Center,24,100,42101,Carbon monoxide,54,47260,"Virginia Beach-Norfolk-Newport News, VA-NC",51,Virginia,650,Hampton City,37.103733,-76.3870167
6/28/2023,AQS,516500008,1,0.4,ppm,5,NASA Langley Research Center,24,100,42101,Carbon monoxide,54,47260,"Virginia Beach-Norfolk-Newport News, VA-NC",51,Virginia,650,Hampton City,37.103733,-76.3870167
6/29/2023,AQS,516500008,1,0.8,ppm,9,NASA Langley Research Center,24,100,42101,Carbon monoxide,54,47260,"Virginia Beach-Norfolk-Newport News, VA-NC",51,Virginia,650,Hampton City,37.103733,-76.3870167
6/30/2023,AQS,516500008,1,0.8,ppm,9,NASA Langley Research Center,24,100,42101,Carbon monoxide,54,47260,"Virginia Beach-Norfolk-Newport News, VA-NC",51,Virginia,650,Hampton City,37.103733,-76.3870167
7/1/2023,AQS,516500008,1,0.6,ppm,7,NASA Langley Research Center,24,100,42101,Carbon monoxide,54,47260,"Virginia Beach-Norfolk-Newport News, VA-NC",51,Virginia,650,Hampton City,37.103733,-76.3870167
7/2/2023,AQS,516500008,1,0.6,ppm,7,NASA Langley Research Center,24,100,42101,Carbon monoxide,54,47260,"Virginia Beach-Norfolk-Newport News, VA-NC",51,Virginia,650,Hampton City,37.103733,-76.3870167
7/3/2023,AQS,516500008,1,0.3,ppm,3,NASA Langley Research Center,24,100,42101,Carbon monoxide,54,47260,"Virginia Beach-Norfolk-Newport News, VA-NC",51,Virginia,650,Hampton City,37.103733,-76.3870167
7/4/2023,AQS,516500008,1,0.2,ppm,2,NASA Langley Research Center,24,100,42101,Carbon monoxide,54,47260,"Virginia Beach-Norfolk-Newport News, VA-NC",51,Virginia,650,Hampton City,37.103733,-76.3870167
7/5/2023,AQS,516500008,1,0.2,ppm,2,NASA Langley Research Center,24,100,42101,Carbon monoxide,54,47260,"Virginia Beach-Norfolk-Newport News, VA-NC",51,Virginia,650,Hampton City,37.103733,-76.3870167
7/6/2023,AQS,516500008,1,0.3,ppm,3,NASA Langley Research Center,24,100,42101,Carbon monoxide,54,47260,"Virginia Beach-Norfolk-Newport News, VA-NC",51,Virginia,650,Hampton City,37.103733,-76.3870167
7/7/2023,AQS,516500008,1,0.2,ppm,2,NASA Langley Research Center,24,100,42101,Carbon monoxide,54,47260,"Virginia Beach-Norfolk-Newport News, VA-NC",51,Virginia,650,Hampton City,37.103733,-76.3870167
7/8/2023,AQS,516500008,1,0.3,ppm,3,NASA Langley Research Center,24,100,42101,Carbon monoxide,54,47260,"Virginia Beach-Norfolk-Newport News, VA-NC",51,Virginia,650,Hampton City,37.103733,-76.3870167
7/9/2023,AQS,516500008,1,0.4,ppm,5,NASA Langley Research Center,24,100,42101,Carbon monoxide,54,47260,"Virginia Beach-Norfolk-Newport News, VA-NC",51,Virginia,650,Hampton City,37.103733,-76.3870167
7/10/2023,AQS,516500008,1,0.2,ppm,2,NASA Langley Research Center,24,100,42101,Carbon monoxide,54,47260,"Virginia Beach-Norfolk-Newport News, VA-NC",51,Virginia,650,Hampton City,37.103733,-76.3870167
7/11/2023,AQS,516500008,1,0.3,ppm,3,NASA Langley Research Center,24,100,42101,Carbon monoxide,54,47260,"Virginia Beach-Norfolk-Newport News, VA-NC",51,Virginia,650,Hampton City,37.103733,-76.3870167
7/12/2023,AQS,516500008,1,0.3,ppm,3,NASA Langley Research Center,24,100,42101,Carbon monoxide,54,47260,"Virginia Beach-Norfolk-Newport News, VA-NC",51,Virginia,650,Hampton City,37.103733,-76.3870167
7/13/2023,AQS,516500008,1,0.2,ppm,2,NASA Langley Research Center,24,100,42101,Carbon monoxide,54,47260,"Virginia Beach-Norfolk-Newport News, VA-NC",51,Virginia,650,Hampton City,37.103733,-76.3870167
7/14/2023,AQS,516500008,1,0.2,ppm,2,NASA Langley Research Center,24,100,42101,Carbon monoxide,54,47260,"Virginia Beach-Norfolk-Newport News, VA-NC",51,Virginia,650,Hampton City,37.103733,-76.3870167
7/15/2023,AQS,516500008,1,0.2,ppm,2,NASA Langley Research Center,24,100,42101,Carbon monoxide,54,47260,"Virginia Beach-Norfolk-Newport News, VA-NC",51,Virginia,650,Hampton City,37.103733,-76.3870167
7/16/2023,AQS,516500008,1,0.2,ppm,2,NASA Langley Research Center,24,100,42101,Carbon monoxide,54,47260,"Virginia Beach-Norfolk-Newport News, VA-NC",51,Virginia,650,Hampton City,37.103733,-76.3870167
7/17/2023,AQS,516500008,1,0.2,ppm,2,NASA Langley Research Center,23,96,42101,Carbon monoxide,54,47260,"Virginia Beach-Norfolk-Newport News, VA-NC",51,Virginia,650,Hampton City,37.103733,-76.3870167
7/18/2023,AQS,516500008,1,0.4,ppm,5,NASA Langley Research Center,24,100,42101,Carbon monoxide,54,47260,"Virginia Beach-Norfolk-Newport News, VA-NC",51,Virginia,650,Hampton City,37.103733,-76.3870167
7/19/2023,AQS,516500008,1,0.4,ppm,5,NASA Langley Research Center,24,100,42101,Carbon monoxide,54,47260,"Virginia Beach-Norfolk-Newport News, VA-NC",51,Virginia,650,Hampton City,37.103733,-76.3870167
7/20/2023,AQS,516500008,1,0.3,ppm,3,NASA Langley Research Center,24,100,42101,Carbon monoxide,54,47260,"Virginia Beach-Norfolk-Newport News, VA-NC",51,Virginia,650,Hampton City,37.103733,-76.3870167
7/21/2023,AQS,516500008,1,0.3,ppm,3,NASA Langley Research Center,24,100,42101,Carbon monoxide,54,47260,"Virginia Beach-Norfolk-Newport News, VA-NC",51,Virginia,650,Hampton City,37.103733,-76.3870167
7/22/2023,AQS,516500008,1,0.3,ppm,3,NASA Langley Research Center,24,100,42101,Carbon monoxide,54,47260,"Virginia Beach-Norfolk-Newport News, VA-NC",51,Virginia,650,Hampton City,37.103733,-76.3870167
7/23/2023,AQS,516500008,1,0.2,ppm,2,NASA Langley Research Center,24,100,42101,Carbon monoxide,54,47260,"Virginia Beach-Norfolk-Newport News, VA-NC",51,Virginia,650,Hampton City,37.103733,-76.3870167
7/24/2023,AQS,516500008,1,0.2,ppm,2,NASA Langley Research Center,24,100,42101,Carbon monoxide,54,47260,"Virginia Beach-Norfolk-Newport News, VA-NC",51,Virginia,650,Hampton City,37.103733,-76.3870167
7/25/2023,AQS,516500008,1,0.3,ppm,3,NASA Langley Research Center,24,100,42101,Carbon monoxide,54,47260,"Virginia Beach-Norfolk-Newport News, VA-NC",51,Virginia,650,Hampton City,37.103733,-76.3870167
7/26/2023,AQS,516500008,1,0.2,ppm,2,NASA Langley Research Center,24,100,42101,Carbon monoxide,54,47260,"Virginia Beach-Norfolk-Newport News, VA-NC",51,Virginia,650,Hampton City,37.103733,-76.3870167
7/27/2023,AQS,516500008,1,0.2,ppm,2,NASA Langley Research Center,24,100,42101,Carbon monoxide,54,47260,"Virginia Beach-Norfolk-Newport News, VA-NC",51,Virginia,650,Hampton City,37.103733,-76.3870167
7/28/2023,AQS,516500008,1,0.2,ppm,2,NASA Langley Research Center,24,100,42101,Carbon monoxide,54,47260,"Virginia Beach-Norfolk-Newport News, VA-NC",51,Virginia,650,Hampton City,37.103733,-76.3870167
7/29/2023,AQS,516500008,1,0.2,ppm,2,NASA Langley Research Center,24,100,42101,Carbon monoxide,54,47260,"Virginia Beach-Norfolk-Newport News, VA-NC",51,Virginia,650,Hampton City,37.103733,-76.3870167
7/30/2023,AQS,516500008,1,0.2,ppm,2,NASA Langley Research Center,24,100,42101,Carbon monoxide,54,47260,"Virginia Beach-Norfolk-Newport News, VA-NC",51,Virginia,650,Hampton City,37.103733,-76.3870167
7/31/2023,AQS,516500008,1,0.2,ppm,2,NASA Langley Research Center,24,100,42101,Carbon monoxide,54,47260,"Virginia Beach-Norfolk-Newport News, VA-NC",51,Virginia,650,Hampton City,37.103733,-76.3870167
8/1/2023,AQS,516500008,1,0.2,ppm,2,NASA Langley Research Center,24,100,42101,Carbon monoxide,54,47260,"Virginia Beach-Norfolk-Newport News, VA-NC",51,Virginia,650,Hampton City,37.103733,-76.3870167
8/2/2023,AQS,516500008,1,0.2,ppm,2,NASA Langley Research Center,24,100,42101,Carbon monoxide,54,47260,"Virginia Beach-Norfolk-Newport News, VA-NC",51,Virginia,650,Hampton City,37.103733,-76.3870167
8/3/2023,AQS,516500008,1,0.2,ppm,2,NASA Langley Research Center,24,100,42101,Carbon monoxide,54,47260,"Virginia Beach-Norfolk-Newport News, VA-NC",51,Virginia,650,Hampton City,37.103733,-76.3870167
8/4/2023,AQS,516500008,1,0.2,ppm,2,NASA Langley Research Center,24,100,42101,Carbon monoxide,54,47260,"Virginia Beach-Norfolk-Newport News, VA-NC",51,Virginia,650,Hampton City,37.103733,-76.3870167
8/5/2023,AQS,516500008,1,0.3,ppm,3,NASA Langley Research Center,24,100,42101,Carbon monoxide,54,47260,"Virginia Beach-Norfolk-Newport News, VA-NC",51,Virginia,650,Hampton City,37.103733,-76.3870167
8/6/2023,AQS,516500008,1,0.5,ppm,6,NASA Langley Research Center,24,100,42101,Carbon monoxide,54,47260,"Virginia Beach-Norfolk-Newport News, VA-NC",51,Virginia,650,Hampton City,37.103733,-76.3870167
8/7/2023,AQS,516500008,1,0.3,ppm,3,NASA Langley Research Center,24,100,42101,Carbon monoxide,54,47260,"Virginia Beach-Norfolk-Newport News, VA-NC",51,Virginia,650,Hampton City,37.103733,-76.3870167
8/8/2023,AQS,516500008,1,0.2,ppm,2,NASA Langley Research Center,24,100,42101,Carbon monoxide,54,47260,"Virginia Beach-Norfolk-Newport News, VA-NC",51,Virginia,650,Hampton City,37.103733,-76.3870167
8/9/2023,AQS,516500008,1,0.3,ppm,3,NASA Langley Research Center,24,100,42101,Carbon monoxide,54,47260,"Virginia Beach-Norfolk-Newport News, VA-NC",51,Virginia,650,Hampton City,37.103733,-76.3870167
8/10/2023,AQS,516500008,1,0.3,ppm,3,NASA Langley Research Center,24,100,42101,Carbon monoxide,54,47260,"Virginia Beach-Norfolk-Newport News, VA-NC",51,Virginia,650,Hampton City,37.103733,-76.3870167
8/11/2023,AQS,516500008,1,0.2,ppm,2,NASA Langley Research Center,24,100,42101,Carbon monoxide,54,47260,"Virginia Beach-Norfolk-Newport News, VA-NC",51,Virginia,650,Hampton City,37.103733,-76.3870167
8/12/2023,AQS,516500008,1,0.4,ppm,5,NASA Langley Research Center,24,100,42101,Carbon monoxide,54,47260,"Virginia Beach-Norfolk-Newport News, VA-NC",51,Virginia,650,Hampton City,37.103733,-76.3870167
8/13/2023,AQS,516500008,1,0.2,ppm,2,NASA Langley Research Center,24,100,42101,Carbon monoxide,54,47260,"Virginia Beach-Norfolk-Newport News, VA-NC",51,Virginia,650,Hampton City,37.103733,-76.3870167
8/14/2023,AQS,516500008,1,0.2,ppm,2,NASA Langley Research Center,24,100,42101,Carbon monoxide,54,47260,"Virginia Beach-Norfolk-Newport News, VA-NC",51,Virginia,650,Hampton City,37.103733,-76.3870167
8/15/2023,AQS,516500008,1,0.2,ppm,2,NASA Langley Research Center,24,100,42101,Carbon monoxide,54,47260,"Virginia Beach-Norfolk-Newport News, VA-NC",51,Virginia,650,Hampton City,37.103733,-76.3870167
8/16/2023,AQS,516500008,1,0.2,ppm,2,NASA Langley Research Center,24,100,42101,Carbon monoxide,54,47260,"Virginia Beach-Norfolk-Newport News, VA-NC",51,Virginia,650,Hampton City,37.103733,-76.3870167
8/17/2023,AQS,516500008,1,0.2,ppm,2,NASA Langley Research Center,24,100,42101,Carbon monoxide,54,47260,"Virginia Beach-Norfolk-Newport News, VA-NC",51,Virginia,650,Hampton City,37.103733,-76.3870167
8/18/2023,AQS,516500008,1,0.2,ppm,2,NASA Langley Research Center,24,100,42101,Carbon monoxide,54,47260,"Virginia Beach-Norfolk-Newport News, VA-NC",51,Virginia,650,Hampton City,37.103733,-76.3870167
8/19/2023,AQS,516500008,1,0.4,ppm,5,NASA Langley Research Center,24,100,42101,Carbon monoxide,54,47260,"Virginia Beach-Norfolk-Newport News, VA-NC",51,Virginia,650,Hampton City,37.103733,-76.3870167
8/20/2023,AQS,516500008,1,0.5,ppm,6,NASA Langley Research Center,24,100,42101,Carbon monoxide,54,47260,"Virginia Beach-Norfolk-Newport News, VA-NC",51,Virginia,650,Hampton City,37.103733,-76.3870167
8/21/2023,AQS,516500008,1,0.3,ppm,3,NASA Langley Research Center,24,100,42101,Carbon monoxide,54,47260,"Virginia Beach-Norfolk-Newport News, VA-NC",51,Virginia,650,Hampton City,37.103733,-76.3870167
8/22/2023,AQS,516500008,1,0.3,ppm,3,NASA Langley Research Center,24,100,42101,Carbon monoxide,54,47260,"Virginia Beach-Norfolk-Newport News, VA-NC",51,Virginia,650,Hampton City,37.103733,-76.3870167
8/23/2023,AQS,516500008,1,0.2,ppm,2,NASA Langley Research Center,24,100,42101,Carbon monoxide,54,47260,"Virginia Beach-Norfolk-Newport News, VA-NC",51,Virginia,650,Hampton City,37.103733,-76.3870167
8/24/2023,AQS,516500008,1,0.3,ppm,3,NASA Langley Research Center,24,100,42101,Carbon monoxide,54,47260,"Virginia Beach-Norfolk-Newport News, VA-NC",51,Virginia,650,Hampton City,37.103733,-76.3870167
8/25/2023,AQS,516500008,1,0.2,ppm,2,NASA Langley Research Center,24,100,42101,Carbon monoxide,54,47260,"Virginia Beach-Norfolk-Newport News, VA-NC",51,Virginia,650,Hampton City,37.103733,-76.3870167
8/26/2023,AQS,516500008,1,0.2,ppm,2,NASA Langley Research Center,24,100,42101,Carbon monoxide,54,47260,"Virginia Beach-Norfolk-Newport News, VA-NC",51,Virginia,650,Hampton City,37.103733,-76.3870167
8/27/2023,AQS,516500008,1,0.2,ppm,2,NASA Langley Research Center,24,100,42101,Carbon monoxide,54,47260,"Virginia Beach-Norfolk-Newport News, VA-NC",51,Virginia,650,Hampton City,37.103733,-76.3870167
8/28/2023,AQS,516500008,1,0.2,ppm,2,NASA Langley Research Center,24,100,42101,Carbon monoxide,54,47260,"Virginia Beach-Norfolk-Newport News, VA-NC",51,Virginia,650,Hampton City,37.103733,-76.3870167
8/29/2023,AQS,516500008,1,0.2,ppm,2,NASA Langley Research Center,24,100,42101,Carbon monoxide,54,47260,"Virginia Beach-Norfolk-Newport News, VA-NC",51,Virginia,650,Hampton City,37.103733,-76.3870167
8/30/2023,AQS,516500008,1,0.2,ppm,2,NASA Langley Research Center,24,100,42101,Carbon monoxide,54,47260,"Virginia Beach-Norfolk-Newport News, VA-NC",51,Virginia,650,Hampton City,37.103733,-76.3870167
8/31/2023,AQS,516500008,1,0.2,ppm,2,NASA Langley Research Center,24,100,42101,Carbon monoxide,54,47260,"Virginia Beach-Norfolk-Newport News, VA-NC",51,Virginia,650,Hampton City,37.103733,-76.3870167
9/1/2023,AQS,516500008,1,0.2,ppm,2,NASA Langley Research Center,24,100,42101,Carbon monoxide,54,47260,"Virginia Beach-Norfolk-Newport News, VA-NC",51,Virginia,650,Hampton City,37.103733,-76.3870167
9/2/2023,AQS,516500008,1,0.3,ppm,3,NASA Langley Research Center,24,100,42101,Carbon monoxide,54,47260,"Virginia Beach-Norfolk-Newport News, VA-NC",51,Virginia,650,Hampton City,37.103733,-76.3870167
9/3/2023,AQS,516500008,1,0.3,ppm,3,NASA Langley Research Center,24,100,42101,Carbon monoxide,54,47260,"Virginia Beach-Norfolk-Newport News, VA-NC",51,Virginia,650,Hampton City,37.103733,-76.3870167
9/4/2023,AQS,516500008,1,0.3,ppm,3,NASA Langley Research Center,24,100,42101,Carbon monoxide,54,47260,"Virginia Beach-Norfolk-Newport News, VA-NC",51,Virginia,650,Hampton City,37.103733,-76.3870167
9/5/2023,AQS,516500008,1,0.3,ppm,3,NASA Langley Research Center,24,100,42101,Carbon monoxide,54,47260,"Virginia Beach-Norfolk-Newport News, VA-NC",51,Virginia,650,Hampton City,37.103733,-76.3870167
9/6/2023,AQS,516500008,1,0.4,ppm,5,NASA Langley Research Center,24,100,42101,Carbon monoxide,54,47260,"Virginia Beach-Norfolk-Newport News, VA-NC",51,Virginia,650,Hampton City,37.103733,-76.3870167
9/7/2023,AQS,516500008,1,0.3,ppm,3,NASA Langley Research Center,24,100,42101,Carbon monoxide,54,47260,"Virginia Beach-Norfolk-Newport News, VA-NC",51,Virginia,650,Hampton City,37.103733,-76.3870167
9/8/2023,AQS,516500008,1,0.3,ppm,3,NASA Langley Research Center,24,100,42101,Carbon monoxide,54,47260,"Virginia Beach-Norfolk-Newport News, VA-NC",51,Virginia,650,Hampton City,37.103733,-76.3870167
9/9/2023,AQS,516500008,1,0.2,ppm,2,NASA Langley Research Center,24,100,42101,Carbon monoxide,54,47260,"Virginia Beach-Norfolk-Newport News, VA-NC",51,Virginia,650,Hampton City,37.103733,-76.3870167
9/10/2023,AQS,516500008,1,0.1,ppm,1,NASA Langley Research Center,24,100,42101,Carbon monoxide,54,47260,"Virginia Beach-Norfolk-Newport News, VA-NC",51,Virginia,650,Hampton City,37.103733,-76.3870167
9/11/2023,AQS,516500008,1,0.2,ppm,2,NASA Langley Research Center,24,100,42101,Carbon monoxide,54,47260,"Virginia Beach-Norfolk-Newport News, VA-NC",51,Virginia,650,Hampton City,37.103733,-76.3870167
9/12/2023,AQS,516500008,1,0.2,ppm,2,NASA Langley Research Center,24,100,42101,Carbon monoxide,54,47260,"Virginia Beach-Norfolk-Newport News, VA-NC",51,Virginia,650,Hampton City,37.103733,-76.3870167
9/13/2023,AQS,516500008,1,0.4,ppm,5,NASA Langley Research Center,24,100,42101,Carbon monoxide,54,47260,"Virginia Beach-Norfolk-Newport News, VA-NC",51,Virginia,650,Hampton City,37.103733,-76.3870167
9/14/2023,AQS,516500008,1,0.2,ppm,2,NASA Langley Research Center,24,100,42101,Carbon monoxide,54,47260,"Virginia Beach-Norfolk-Newport News, VA-NC",51,Virginia,650,Hampton City,37.103733,-76.3870167
9/15/2023,AQS,516500008,1,0.2,ppm,2,NASA Langley Research Center,24,100,42101,Carbon monoxide,54,47260,"Virginia Beach-Norfolk-Newport News, VA-NC",51,Virginia,650,Hampton City,37.103733,-76.3870167
9/16/2023,AQS,516500008,1,0.4,ppm,5,NASA Langley Research Center,24,100,42101,Carbon monoxide,54,47260,"Virginia Beach-Norfolk-Newport News, VA-NC",51,Virginia,650,Hampton City,37.103733,-76.3870167
9/17/2023,AQS,516500008,1,0.5,ppm,6,NASA Langley Research Center,24,100,42101,Carbon monoxide,54,47260,"Virginia Beach-Norfolk-Newport News, VA-NC",51,Virginia,650,Hampton City,37.103733,-76.3870167
9/18/2023,AQS,516500008,1,0.3,ppm,3,NASA Langley Research Center,24,100,42101,Carbon monoxide,54,47260,"Virginia Beach-Norfolk-Newport News, VA-NC",51,Virginia,650,Hampton City,37.103733,-76.3870167
9/19/2023,AQS,516500008,1,0.3,ppm,3,NASA Langley Research Center,24,100,42101,Carbon monoxide,54,47260,"Virginia Beach-Norfolk-Newport News, VA-NC",51,Virginia,650,Hampton City,37.103733,-76.3870167
9/20/2023,AQS,516500008,1,0.3,ppm,3,NASA Langley Research Center,24,100,42101,Carbon monoxide,54,47260,"Virginia Beach-Norfolk-Newport News, VA-NC",51,Virginia,650,Hampton City,37.103733,-76.3870167
9/21/2023,AQS,516500008,1,0.2,ppm,2,NASA Langley Research Center,24,100,42101,Carbon monoxide,54,47260,"Virginia Beach-Norfolk-Newport News, VA-NC",51,Virginia,650,Hampton City,37.103733,-76.3870167
9/22/2023,AQS,516500008,1,0.2,ppm,2,NASA Langley Research Center,24,100,42101,Carbon monoxide,54,47260,"Virginia Beach-Norfolk-Newport News, VA-NC",51,Virginia,650,Hampton City,37.103733,-76.3870167
9/23/2023,AQS,516500008,1,0.1,ppm,1,NASA Langley Research Center,24,100,42101,Carbon monoxide,54,47260,"Virginia Beach-Norfolk-Newport News, VA-NC",51,Virginia,650,Hampton City,37.103733,-76.3870167
9/24/2023,AQS,516500008,1,0.2,ppm,2,NASA Langley Research Center,24,100,42101,Carbon monoxide,54,47260,"Virginia Beach-Norfolk-Newport News, VA-NC",51,Virginia,650,Hampton City,37.103733,-76.3870167
9/25/2023,AQS,516500008,1,0.2,ppm,2,NASA Langley Research Center,24,100,42101,Carbon monoxide,54,47260,"Virginia Beach-Norfolk-Newport News, VA-NC",51,Virginia,650,Hampton City,37.103733,-76.3870167
9/26/2023,AQS,516500008,1,0.2,ppm,2,NASA Langley Research Center,24,100,42101,Carbon monoxide,54,47260,"Virginia Beach-Norfolk-Newport News, VA-NC",51,Virginia,650,Hampton City,37.103733,-76.3870167
9/27/2023,AQS,516500008,1,0.2,ppm,2,NASA Langley Research Center,24,100,42101,Carbon monoxide,54,47260,"Virginia Beach-Norfolk-Newport News, VA-NC",51,Virginia,650,Hampton City,37.103733,-76.3870167
9/28/2023,AQS,516500008,1,0.2,ppm,2,NASA Langley Research Center,24,100,42101,Carbon monoxide,54,47260,"Virginia Beach-Norfolk-Newport News, VA-NC",51,Virginia,650,Hampton City,37.103733,-76.3870167
9/29/2023,AQS,516500008,1,0.2,ppm,2,NASA Langley Research Center,24,100,42101,Carbon monoxide,54,47260,"Virginia Beach-Norfolk-Newport News, VA-NC",51,Virginia,650,Hampton City,37.103733,-76.3870167
9/30/2023,AQS,516500008,1,0.2,ppm,2,NASA Langley Research Center,24,100,42101,Carbon monoxide,54,47260,"Virginia Beach-Norfolk-Newport News, VA-NC",51,Virginia,650,Hampton City,37.103733,-76.3870167
10/1/2023,AQS,516500008,1,0.3,ppm,3,NASA Langley Research Center,24,100,42101,Carbon monoxide,54,47260,"Virginia Beach-Norfolk-Newport News, VA-NC",51,Virginia,650,Hampton City,37.103733,-76.3870167
10/2/2023,AQS,516500008,1,0.4,ppm,5,NASA Langley Research Center,24,100,42101,Carbon monoxide,54,47260,"Virginia Beach-Norfolk-Newport News, VA-NC",51,Virginia,650,Hampton City,37.103733,-76.3870167
10/3/2023,AQS,516500008,1,0.3,ppm,3,NASA Langley Research Center,24,100,42101,Carbon monoxide,54,47260,"Virginia Beach-Norfolk-Newport News, VA-NC",51,Virginia,650,Hampton City,37.103733,-76.3870167
10/4/2023,AQS,516500008,1,0.3,ppm,3,NASA Langley Research Center,24,100,42101,Carbon monoxide,54,47260,"Virginia Beach-Norfolk-Newport News, VA-NC",51,Virginia,650,Hampton City,37.103733,-76.3870167
10/5/2023,AQS,516500008,1,0.2,ppm,2,NASA Langley Research Center,24,100,42101,Carbon monoxide,54,47260,"Virginia Beach-Norfolk-Newport News, VA-NC",51,Virginia,650,Hampton City,37.103733,-76.3870167
10/6/2023,AQS,516500008,1,0.2,ppm,2,NASA Langley Research Center,24,100,42101,Carbon monoxide,54,47260,"Virginia Beach-Norfolk-Newport News, VA-NC",51,Virginia,650,Hampton City,37.103733,-76.3870167
10/7/2023,AQS,516500008,1,0.2,ppm,2,NASA Langley Research Center,24,100,42101,Carbon monoxide,54,47260,"Virginia Beach-Norfolk-Newport News, VA-NC",51,Virginia,650,Hampton City,37.103733,-76.3870167
10/8/2023,AQS,516500008,1,0.3,ppm,3,NASA Langley Research Center,24,100,42101,Carbon monoxide,54,47260,"Virginia Beach-Norfolk-Newport News, VA-NC",51,Virginia,650,Hampton City,37.103733,-76.3870167
10/9/2023,AQS,516500008,1,0.3,ppm,3,NASA Langley Research Center,24,100,42101,Carbon monoxide,54,47260,"Virginia Beach-Norfolk-Newport News, VA-NC",51,Virginia,650,Hampton City,37.103733,-76.3870167
10/10/2023,AQS,516500008,1,0.3,ppm,3,NASA Langley Research Center,24,100,42101,Carbon monoxide,54,47260,"Virginia Beach-Norfolk-Newport News, VA-NC",51,Virginia,650,Hampton City,37.103733,-76.3870167
10/11/2023,AQS,516500008,1,0.3,ppm,3,NASA Langley Research Center,24,100,42101,Carbon monoxide,54,47260,"Virginia Beach-Norfolk-Newport News, VA-NC",51,Virginia,650,Hampton City,37.103733,-76.3870167
10/12/2023,AQS,516500008,1,0.4,ppm,5,NASA Langley Research Center,24,100,42101,Carbon monoxide,54,47260,"Virginia Beach-Norfolk-Newport News, VA-NC",51,Virginia,650,Hampton City,37.103733,-76.3870167
10/13/2023,AQS,516500008,1,0.3,ppm,3,NASA Langley Research Center,24,100,42101,Carbon monoxide,54,47260,"Virginia Beach-Norfolk-Newport News, VA-NC",51,Virginia,650,Hampton City,37.103733,-76.3870167
10/14/2023,AQS,516500008,1,0.3,ppm,3,NASA Langley Research Center,24,100,42101,Carbon monoxide,54,47260,"Virginia Beach-Norfolk-Newport News, VA-NC",51,Virginia,650,Hampton City,37.103733,-76.3870167
10/15/2023,AQS,516500008,1,0.2,ppm,2,NASA Langley Research Center,24,100,42101,Carbon monoxide,54,47260,"Virginia Beach-Norfolk-Newport News, VA-NC",51,Virginia,650,Hampton City,37.103733,-76.3870167
10/16/2023,AQS,516500008,1,0.2,ppm,2,NASA Langley Research Center,24,100,42101,Carbon monoxide,54,47260,"Virginia Beach-Norfolk-Newport News, VA-NC",51,Virginia,650,Hampton City,37.103733,-76.3870167
10/17/2023,AQS,516500008,1,0.2,ppm,2,NASA Langley Research Center,18,75,42101,Carbon monoxide,54,47260,"Virginia Beach-Norfolk-Newport News, VA-NC",51,Virginia,650,Hampton City,37.103733,-76.3870167
10/18/2023,AQS,516500008,1,0.1,ppm,1,NASA Langley Research Center,24,100,42101,Carbon monoxide,54,47260,"Virginia Beach-Norfolk-Newport News, VA-NC",51,Virginia,650,Hampton City,37.103733,-76.3870167
10/19/2023,AQS,516500008,1,0,ppm,0,NASA Langley Research Center,24,100,42101,Carbon monoxide,54,47260,"Virginia Beach-Norfolk-Newport News, VA-NC",51,Virginia,650,Hampton City,37.103733,-76.3870167
10/20/2023,AQS,516500008,1,0.2,ppm,2,NASA Langley Research Center,24,100,42101,Carbon monoxide,54,47260,"Virginia Beach-Norfolk-Newport News, VA-NC",51,Virginia,650,Hampton City,37.103733,-76.3870167
10/21/2023,AQS,516500008,1,0.1,ppm,1,NASA Langley Research Center,24,100,42101,Carbon monoxide,54,47260,"Virginia Beach-Norfolk-Newport News, VA-NC",51,Virginia,650,Hampton City,37.103733,-76.3870167
10/22/2023,AQS,516500008,1,0.1,ppm,1,NASA Langley Research Center,24,100,42101,Carbon monoxide,54,47260,"Virginia Beach-Norfolk-Newport News, VA-NC",51,Virginia,650,Hampton City,37.103733,-76.3870167
10/23/2023,AQS,516500008,1,0.2,ppm,2,NASA Langley Research Center,24,100,42101,Carbon monoxide,54,47260,"Virginia Beach-Norfolk-Newport News, VA-NC",51,Virginia,650,Hampton City,37.103733,-76.3870167
10/24/2023,AQS,516500008,1,0.3,ppm,3,NASA Langley Research Center,24,100,42101,Carbon monoxide,54,47260,"Virginia Beach-Norfolk-Newport News, VA-NC",51,Virginia,650,Hampton City,37.103733,-76.3870167
10/25/2023,AQS,516500008,1,0.2,ppm,2,NASA Langley Research Center,24,100,42101,Carbon monoxide,54,47260,"Virginia Beach-Norfolk-Newport News, VA-NC",51,Virginia,650,Hampton City,37.103733,-76.3870167
10/26/2023,AQS,516500008,1,0.2,ppm,2,NASA Langley Research Center,24,100,42101,Carbon monoxide,54,47260,"Virginia Beach-Norfolk-Newport News, VA-NC",51,Virginia,650,Hampton City,37.103733,-76.3870167
10/27/2023,AQS,516500008,1,0.2,ppm,2,NASA Langley Research Center,24,100,42101,Carbon monoxide,54,47260,"Virginia Beach-Norfolk-Newport News, VA-NC",51,Virginia,650,Hampton City,37.103733,-76.3870167
10/28/2023,AQS,516500008,1,0.3,ppm,3,NASA Langley Research Center,24,100,42101,Carbon monoxide,54,47260,"Virginia Beach-Norfolk-Newport News, VA-NC",51,Virginia,650,Hampton City,37.103733,-76.3870167
10/29/2023,AQS,516500008,1,0.4,ppm,5,NASA Langley Research Center,24,100,42101,Carbon monoxide,54,47260,"Virginia Beach-Norfolk-Newport News, VA-NC",51,Virginia,650,Hampton City,37.103733,-76.3870167
10/30/2023,AQS,516500008,1,0.2,ppm,2,NASA Langley Research Center,24,100,42101,Carbon monoxide,54,47260,"Virginia Beach-Norfolk-Newport News, VA-NC",51,Virginia,650,Hampton City,37.103733,-76.3870167
10/31/2023,AQS,516500008,1,0.2,ppm,2,NASA Langley Research Center,24,100,42101,Carbon monoxide,54,47260,"Virginia Beach-Norfolk-Newport News, VA-NC",51,Virginia,650,Hampton City,37.103733,-76.3870167
11/1/2023,AQS,516500008,1,0.2,ppm,2,NASA Langley Research Center,24,100,42101,Carbon monoxide,54,47260,"Virginia Beach-Norfolk-Newport News, VA-NC",51,Virginia,650,Hampton City,37.103733,-76.3870167
11/2/2023,AQS,516500008,1,0.2,ppm,2,NASA Langley Research Center,24,100,42101,Carbon monoxide,54,47260,"Virginia Beach-Norfolk-Newport News, VA-NC",51,Virginia,650,Hampton City,37.103733,-76.3870167
11/3/2023,AQS,516500008,1,0.4,ppm,5,NASA Langley Research Center,24,100,42101,Carbon monoxide,54,47260,"Virginia Beach-Norfolk-Newport News, VA-NC",51,Virginia,650,Hampton City,37.103733,-76.3870167
11/4/2023,AQS,516500008,1,0.4,ppm,5,NASA Langley Research Center,24,100,42101,Carbon monoxide,54,47260,"Virginia Beach-Norfolk-Newport News, VA-NC",51,Virginia,650,Hampton City,37.103733,-76.3870167
11/5/2023,AQS,516500008,1,0.5,ppm,6,NASA Langley Research Center,24,100,42101,Carbon monoxide,54,47260,"Virginia Beach-Norfolk-Newport News, VA-NC",51,Virginia,650,Hampton City,37.103733,-76.3870167
11/6/2023,AQS,516500008,1,0.4,ppm,5,NASA Langley Research Center,24,100,42101,Carbon monoxide,54,47260,"Virginia Beach-Norfolk-Newport News, VA-NC",51,Virginia,650,Hampton City,37.103733,-76.3870167
11/7/2023,AQS,516500008,1,0.3,ppm,3,NASA Langley Research Center,24,100,42101,Carbon monoxide,54,47260,"Virginia Beach-Norfolk-Newport News, VA-NC",51,Virginia,650,Hampton City,37.103733,-76.3870167
11/8/2023,AQS,516500008,1,0.2,ppm,2,NASA Langley Research Center,24,100,42101,Carbon monoxide,54,47260,"Virginia Beach-Norfolk-Newport News, VA-NC",51,Virginia,650,Hampton City,37.103733,-76.3870167
11/9/2023,AQS,516500008,1,0.3,ppm,3,NASA Langley Research Center,24,100,42101,Carbon monoxide,54,47260,"Virginia Beach-Norfolk-Newport News, VA-NC",51,Virginia,650,Hampton City,37.103733,-76.3870167
11/10/2023,AQS,516500008,1,0.3,ppm,3,NASA Langley Research Center,24,100,42101,Carbon monoxide,54,47260,"Virginia Beach-Norfolk-Newport News, VA-NC",51,Virginia,650,Hampton City,37.103733,-76.3870167
11/11/2023,AQS,516500008,1,0.3,ppm,3,NASA Langley Research Center,24,100,42101,Carbon monoxide,54,47260,"Virginia Beach-Norfolk-Newport News, VA-NC",51,Virginia,650,Hampton City,37.103733,-76.3870167
11/12/2023,AQS,516500008,1,0.3,ppm,3,NASA Langley Research Center,24,100,42101,Carbon monoxide,54,47260,"Virginia Beach-Norfolk-Newport News, VA-NC",51,Virginia,650,Hampton City,37.103733,-76.3870167
11/13/2023,AQS,516500008,1,0.5,ppm,6,NASA Langley Research Center,24,100,42101,Carbon monoxide,54,47260,"Virginia Beach-Norfolk-Newport News, VA-NC",51,Virginia,650,Hampton City,37.103733,-76.3870167
11/14/2023,AQS,516500008,1,0.6,ppm,7,NASA Langley Research Center,24,100,42101,Carbon monoxide,54,47260,"Virginia Beach-Norfolk-Newport News, VA-NC",51,Virginia,650,Hampton City,37.103733,-76.3870167
11/15/2023,AQS,516500008,1,0.4,ppm,5,NASA Langley Research Center,24,100,42101,Carbon monoxide,54,47260,"Virginia Beach-Norfolk-Newport News, VA-NC",51,Virginia,650,Hampton City,37.103733,-76.3870167
11/16/2023,AQS,516500008,1,0.3,ppm,3,NASA Langley Research Center,24,100,42101,Carbon monoxide,54,47260,"Virginia Beach-Norfolk-Newport News, VA-NC",51,Virginia,650,Hampton City,37.103733,-76.3870167
11/17/2023,AQS,516500008,1,0.4,ppm,5,NASA Langley Research Center,24,100,42101,Carbon monoxide,54,47260,"Virginia Beach-Norfolk-Newport News, VA-NC",51,Virginia,650,Hampton City,37.103733,-76.3870167
11/18/2023,AQS,516500008,1,0.3,ppm,3,NASA Langley Research Center,24,100,42101,Carbon monoxide,54,47260,"Virginia Beach-Norfolk-Newport News, VA-NC",51,Virginia,650,Hampton City,37.103733,-76.3870167
11/19/2023,AQS,516500008,1,0.4,ppm,5,NASA Langley Research Center,24,100,42101,Carbon monoxide,54,47260,"Virginia Beach-Norfolk-Newport News, VA-NC",51,Virginia,650,Hampton City,37.103733,-76.3870167
11/20/2023,AQS,516500008,1,0.5,ppm,6,NASA Langley Research Center,24,100,42101,Carbon monoxide,54,47260,"Virginia Beach-Norfolk-Newport News, VA-NC",51,Virginia,650,Hampton City,37.103733,-76.3870167
11/21/2023,AQS,516500008,1,0.2,ppm,2,NASA Langley Research Center,24,100,42101,Carbon monoxide,54,47260,"Virginia Beach-Norfolk-Newport News, VA-NC",51,Virginia,650,Hampton City,37.103733,-76.3870167
11/22/2023,AQS,516500008,1,0.2,ppm,2,NASA Langley Research Center,24,100,42101,Carbon monoxide,54,47260,"Virginia Beach-Norfolk-Newport News, VA-NC",51,Virginia,650,Hampton City,37.103733,-76.3870167
11/23/2023,AQS,516500008,1,0.4,ppm,5,NASA Langley Research Center,24,100,42101,Carbon monoxide,54,47260,"Virginia Beach-Norfolk-Newport News, VA-NC",51,Virginia,650,Hampton City,37.103733,-76.3870167
11/24/2023,AQS,516500008,1,0.4,ppm,5,NASA Langley Research Center,24,100,42101,Carbon monoxide,54,47260,"Virginia Beach-Norfolk-Newport News, VA-NC",51,Virginia,650,Hampton City,37.103733,-76.3870167
11/25/2023,AQS,516500008,1,0.3,ppm,3,NASA Langley Research Center,24,100,42101,Carbon monoxide,54,47260,"Virginia Beach-Norfolk-Newport News, VA-NC",51,Virginia,650,Hampton City,37.103733,-76.3870167
11/26/2023,AQS,516500008,1,0.3,ppm,3,NASA Langley Research Center,24,100,42101,Carbon monoxide,54,47260,"Virginia Beach-Norfolk-Newport News, VA-NC",51,Virginia,650,Hampton City,37.103733,-76.3870167
11/27/2023,AQS,516500008,1,0.3,ppm,3,NASA Langley Research Center,24,100,42101,Carbon monoxide,54,47260,"Virginia Beach-Norfolk-Newport News, VA-NC",51,Virginia,650,Hampton City,37.103733,-76.3870167
11/28/2023,AQS,516500008,1,0.4,ppm,5,NASA Langley Research Center,24,100,42101,Carbon monoxide,54,47260,"Virginia Beach-Norfolk-Newport News, VA-NC",51,Virginia,650,Hampton City,37.103733,-76.3870167
11/29/2023,AQS,516500008,1,0.2,ppm,2,NASA Langley Research Center,24,100,42101,Carbon monoxide,54,47260,"Virginia Beach-Norfolk-Newport News, VA-NC",51,Virginia,650,Hampton City,37.103733,-76.3870167
11/30/2023,AQS,516500008,1,0.3,ppm,3,NASA Langley Research Center,24,100,42101,Carbon monoxide,54,47260,"Virginia Beach-Norfolk-Newport News, VA-NC",51,Virginia,650,Hampton City,37.103733,-76.3870167
12/1/2023,AQS,516500008,1,0.4,ppm,5,NASA Langley Research Center,24,100,42101,Carbon monoxide,54,47260,"Virginia Beach-Norfolk-Newport News, VA-NC",51,Virginia,650,Hampton City,37.103733,-76.3870167
12/2/2023,AQS,516500008,1,0.3,ppm,3,NASA Langley Research Center,24,100,42101,Carbon monoxide,54,47260,"Virginia Beach-Norfolk-Newport News, VA-NC",51,Virginia,650,Hampton City,37.103733,-76.3870167
12/3/2023,AQS,516500008,1,0.3,ppm,3,NASA Langley Research Center,24,100,42101,Carbon monoxide,54,47260,"Virginia Beach-Norfolk-Newport News, VA-NC",51,Virginia,650,Hampton City,37.103733,-76.3870167
12/4/2023,AQS,516500008,1,0.3,ppm,3,NASA Langley Research Center,24,100,42101,Carbon monoxide,54,47260,"Virginia Beach-Norfolk-Newport News, VA-NC",51,Virginia,650,Hampton City,37.103733,-76.3870167
12/5/2023,AQS,516500008,1,0.4,ppm,5,NASA Langley Research Center,24,100,42101,Carbon monoxide,54,47260,"Virginia Beach-Norfolk-Newport News, VA-NC",51,Virginia,650,Hampton City,37.103733,-76.3870167
12/6/2023,AQS,516500008,1,0.3,ppm,3,NASA Langley Research Center,24,100,42101,Carbon monoxide,54,47260,"Virginia Beach-Norfolk-Newport News, VA-NC",51,Virginia,650,Hampton City,37.103733,-76.3870167
12/7/2023,AQS,516500008,1,0.2,ppm,2,NASA Langley Research Center,24,100,42101,Carbon monoxide,54,47260,"Virginia Beach-Norfolk-Newport News, VA-NC",51,Virginia,650,Hampton City,37.103733,-76.3870167
12/8/2023,AQS,516500008,1,0.4,ppm,5,NASA Langley Research Center,24,100,42101,Carbon monoxide,54,47260,"Virginia Beach-Norfolk-Newport News, VA-NC",51,Virginia,650,Hampton City,37.103733,-76.3870167
12/9/2023,AQS,516500008,1,0.3,ppm,3,NASA Langley Research Center,24,100,42101,Carbon monoxide,54,47260,"Virginia Beach-Norfolk-Newport News, VA-NC",51,Virginia,650,Hampton City,37.103733,-76.3870167
12/10/2023,AQS,516500008,1,0.3,ppm,3,NASA Langley Research Center,24,100,42101,Carbon monoxide,54,47260,"Virginia Beach-Norfolk-Newport News, VA-NC",51,Virginia,650,Hampton City,37.103733,-76.3870167
12/11/2023,AQS,516500008,1,0.3,ppm,3,NASA Langley Research Center,24,100,42101,Carbon monoxide,54,47260,"Virginia Beach-Norfolk-Newport News, VA-NC",51,Virginia,650,Hampton City,37.103733,-76.3870167
12/12/2023,AQS,516500008,1,0.4,ppm,5,NASA Langley Research Center,24,100,42101,Carbon monoxide,54,47260,"Virginia Beach-Norfolk-Newport News, VA-NC",51,Virginia,650,Hampton City,37.103733,-76.3870167
12/13/2023,AQS,516500008,1,0.3,ppm,3,NASA Langley Research Center,24,100,42101,Carbon monoxide,54,47260,"Virginia Beach-Norfolk-Newport News, VA-NC",51,Virginia,650,Hampton City,37.103733,-76.3870167
12/14/2023,AQS,516500008,1,0.4,ppm,5,NASA Langley Research Center,24,100,42101,Carbon monoxide,54,47260,"Virginia Beach-Norfolk-Newport News, VA-NC",51,Virginia,650,Hampton City,37.103733,-76.3870167
12/15/2023,AQS,516500008,1,0.5,ppm,6,NASA Langley Research Center,24,100,42101,Carbon monoxide,54,47260,"Virginia Beach-Norfolk-Newport News, VA-NC",51,Virginia,650,Hampton City,37.103733,-76.3870167
12/16/2023,AQS,516500008,1,0.5,ppm,6,NASA Langley Research Center,24,100,42101,Carbon monoxide,54,47260,"Virginia Beach-Norfolk-Newport News, VA-NC",51,Virginia,650,Hampton City,37.103733,-76.3870167
12/17/2023,AQS,516500008,1,0.4,ppm,5,NASA Langley Research Center,24,100,42101,Carbon monoxide,54,47260,"Virginia Beach-Norfolk-Newport News, VA-NC",51,Virginia,650,Hampton City,37.103733,-76.3870167
12/18/2023,AQS,516500008,1,0.3,ppm,3,NASA Langley Research Center,24,100,42101,Carbon monoxide,54,47260,"Virginia Beach-Norfolk-Newport News, VA-NC",51,Virginia,650,Hampton City,37.103733,-76.3870167
12/19/2023,AQS,516500008,1,0.3,ppm,3,NASA Langley Research Center,24,100,42101,Carbon monoxide,54,47260,"Virginia Beach-Norfolk-Newport News, VA-NC",51,Virginia,650,Hampton City,37.103733,-76.3870167
12/20/2023,AQS,516500008,1,0.4,ppm,5,NASA Langley Research Center,24,100,42101,Carbon monoxide,54,47260,"Virginia Beach-Norfolk-Newport News, VA-NC",51,Virginia,650,Hampton City,37.103733,-76.3870167
12/21/2023,AQS,516500008,1,0.4,ppm,5,NASA Langley Research Center,24,100,42101,Carbon monoxide,54,47260,"Virginia Beach-Norfolk-Newport News, VA-NC",51,Virginia,650,Hampton City,37.103733,-76.3870167
12/22/2023,AQS,516500008,1,0.4,ppm,5,NASA Langley Research Center,24,100,42101,Carbon monoxide,54,47260,"Virginia Beach-Norfolk-Newport News, VA-NC",51,Virginia,650,Hampton City,37.103733,-76.3870167
12/23/2023,AQS,516500008,1,0.4,ppm,5,NASA Langley Research Center,24,100,42101,Carbon monoxide,54,47260,"Virginia Beach-Norfolk-Newport News, VA-NC",51,Virginia,650,Hampton City,37.103733,-76.3870167
12/24/2023,AQS,516500008,1,0.4,ppm,5,NASA Langley Research Center,24,100,42101,Carbon monoxide,54,47260,"Virginia Beach-Norfolk-Newport News, VA-NC",51,Virginia,650,Hampton City,37.103733,-76.3870167
12/25/2023,AQS,516500008,1,0.4,ppm,5,NASA Langley Research Center,24,100,42101,Carbon monoxide,54,47260,"Virginia Beach-Norfolk-Newport News, VA-NC",51,Virginia,650,Hampton City,37.103733,-76.3870167
12/26/2023,AQS,516500008,1,0.3,ppm,3,NASA Langley Research Center,24,100,42101,Carbon monoxide,54,47260,"Virginia Beach-Norfolk-Newport News, VA-NC",51,Virginia,650,Hampton City,37.103733,-76.3870167
12/27/2023,AQS,516500008,1,0.1,ppm,1,NASA Langley Research Center,24,100,42101,Carbon monoxide,54,47260,"Virginia Beach-Norfolk-Newport News, VA-NC",51,Virginia,650,Hampton City,37.103733,-76.3870167
12/28/2023,AQS,516500008,1,0.2,ppm,2,NASA Langley Research Center,24,100,42101,Carbon monoxide,54,47260,"Virginia Beach-Norfolk-Newport News, VA-NC",51,Virginia,650,Hampton City,37.103733,-76.3870167
12/29/2023,AQS,516500008,1,0.3,ppm,3,NASA Langley Research Center,24,100,42101,Carbon monoxide,54,47260,"Virginia Beach-Norfolk-Newport News, VA-NC",51,Virginia,650,Hampton City,37.103733,-76.3870167
12/30/2023,AQS,516500008,1,0.2,ppm,2,NASA Langley Research Center,24,100,42101,Carbon monoxide,54,47260,"Virginia Beach-Norfolk-Newport News, VA-NC",51,Virginia,650,Hampton City,37.103733,-76.3870167
12/31/2023,AQS,516500008,1,0.4,ppm,5,NASA Langley Research Center,24,100,42101,Carbon monoxide,54,47260,"Virginia Beach-Norfolk-Newport News, VA-NC",51,Virginia,650,Hampton City,37.103733,-76.3870167
1/5/2023,AQS,517100024,1,0.2,ppm,2,NOAA,5,21,42101,Carbon monoxide,54,47260,"Virginia Beach-Norfolk-Newport News, VA-NC",51,Virginia,710,Norfolk City,36.85555,-76.30135
1/6/2023,AQS,517100024,1,0.2,ppm,2,NOAA,24,100,42101,Carbon monoxide,54,47260,"Virginia Beach-Norfolk-Newport News, VA-NC",51,Virginia,710,Norfolk City,36.85555,-76.30135
1/7/2023,AQS,517100024,1,0.3,ppm,3,NOAA,24,100,42101,Carbon monoxide,54,47260,"Virginia Beach-Norfolk-Newport News, VA-NC",51,Virginia,710,Norfolk City,36.85555,-76.30135
1/8/2023,AQS,517100024,1,0.4,ppm,5,NOAA,24,100,42101,Carbon monoxide,54,47260,"Virginia Beach-Norfolk-Newport News, VA-NC",51,Virginia,710,Norfolk City,36.85555,-76.30135
1/9/2023,AQS,517100024,1,0.3,ppm,3,NOAA,24,100,42101,Carbon monoxide,54,47260,"Virginia Beach-Norfolk-Newport News, VA-NC",51,Virginia,710,Norfolk City,36.85555,-76.30135
1/10/2023,AQS,517100024,1,0.6,ppm,7,NOAA,24,100,42101,Carbon monoxide,54,47260,"Virginia Beach-Norfolk-Newport News, VA-NC",51,Virginia,710,Norfolk City,36.85555,-76.30135
1/11/2023,AQS,517100024,1,0.7,ppm,8,NOAA,24,100,42101,Carbon monoxide,54,47260,"Virginia Beach-Norfolk-Newport News, VA-NC",51,Virginia,710,Norfolk City,36.85555,-76.30135
1/12/2023,AQS,517100024,1,0.3,ppm,3,NOAA,24,100,42101,Carbon monoxide,54,47260,"Virginia Beach-Norfolk-Newport News, VA-NC",51,Virginia,710,Norfolk City,36.85555,-76.30135
1/13/2023,AQS,517100024,1,0.3,ppm,3,NOAA,24,100,42101,Carbon monoxide,54,47260,"Virginia Beach-Norfolk-Newport News, VA-NC",51,Virginia,710,Norfolk City,36.85555,-76.30135
1/14/2023,AQS,517100024,1,0.3,ppm,3,NOAA,24,100,42101,Carbon monoxide,54,47260,"Virginia Beach-Norfolk-Newport News, VA-NC",51,Virginia,710,Norfolk City,36.85555,-76.30135
1/15/2023,AQS,517100024,1,0.4,ppm,5,NOAA,24,100,42101,Carbon monoxide,54,47260,"Virginia Beach-Norfolk-Newport News, VA-NC",51,Virginia,710,Norfolk City,36.85555,-76.30135
1/16/2023,AQS,517100024,1,0.4,ppm,5,NOAA,24,100,42101,Carbon monoxide,54,47260,"Virginia Beach-Norfolk-Newport News, VA-NC",51,Virginia,710,Norfolk City,36.85555,-76.30135
1/17/2023,AQS,517100024,1,0.4,ppm,5,NOAA,24,100,42101,Carbon monoxide,54,47260,"Virginia Beach-Norfolk-Newport News, VA-NC",51,Virginia,710,Norfolk City,36.85555,-76.30135
1/18/2023,AQS,517100024,1,0.6,ppm,7,NOAA,24,100,42101,Carbon monoxide,54,47260,"Virginia Beach-Norfolk-Newport News, VA-NC",51,Virginia,710,Norfolk City,36.85555,-76.30135
1/19/2023,AQS,517100024,1,0.6,ppm,7,NOAA,24,100,42101,Carbon monoxide,54,47260,"Virginia Beach-Norfolk-Newport News, VA-NC",51,Virginia,710,Norfolk City,36.85555,-76.30135
1/20/2023,AQS,517100024,1,0.3,ppm,3,NOAA,24,100,42101,Carbon monoxide,54,47260,"Virginia Beach-Norfolk-Newport News, VA-NC",51,Virginia,710,Norfolk City,36.85555,-76.30135
1/21/2023,AQS,517100024,1,0.5,ppm,6,NOAA,24,100,42101,Carbon monoxide,54,47260,"Virginia Beach-Norfolk-Newport News, VA-NC",51,Virginia,710,Norfolk City,36.85555,-76.30135
1/22/2023,AQS,517100024,1,0.6,ppm,7,NOAA,24,100,42101,Carbon monoxide,54,47260,"Virginia Beach-Norfolk-Newport News, VA-NC",51,Virginia,710,Norfolk City,36.85555,-76.30135
1/23/2023,AQS,517100024,1,0.5,ppm,6,NOAA,24,100,42101,Carbon monoxide,54,47260,"Virginia Beach-Norfolk-Newport News, VA-NC",51,Virginia,710,Norfolk City,36.85555,-76.30135
1/24/2023,AQS,517100024,1,0.4,ppm,5,NOAA,22,92,42101,Carbon monoxide,54,47260,"Virginia Beach-Norfolk-Newport News, VA-NC",51,Virginia,710,Norfolk City,36.85555,-76.30135
1/27/2023,AQS,517100024,1,0.2,ppm,2,NOAA,5,21,42101,Carbon monoxide,54,47260,"Virginia Beach-Norfolk-Newport News, VA-NC",51,Virginia,710,Norfolk City,36.85555,-76.30135
1/28/2023,AQS,517100024,1,0.2,ppm,2,NOAA,24,100,42101,Carbon monoxide,54,47260,"Virginia Beach-Norfolk-Newport News, VA-NC",51,Virginia,710,Norfolk City,36.85555,-76.30135
1/29/2023,AQS,517100024,1,0.1,ppm,1,NOAA,24,100,42101,Carbon monoxide,54,47260,"Virginia Beach-Norfolk-Newport News, VA-NC",51,Virginia,710,Norfolk City,36.85555,-76.30135
1/30/2023,AQS,517100024,1,0.4,ppm,5,NOAA,24,100,42101,Carbon monoxide,54,47260,"Virginia Beach-Norfolk-Newport News, VA-NC",51,Virginia,710,Norfolk City,36.85555,-76.30135
1/31/2023,AQS,517100024,1,0.4,ppm,5,NOAA,18,75,42101,Carbon monoxide,54,47260,"Virginia Beach-Norfolk-Newport News, VA-NC",51,Virginia,710,Norfolk City,36.85555,-76.30135
2/1/2023,AQS,517100024,1,0.4,ppm,5,NOAA,24,100,42101,Carbon monoxide,54,47260,"Virginia Beach-Norfolk-Newport News, VA-NC",51,Virginia,710,Norfolk City,36.85555,-76.30135
2/2/2023,AQS,517100024,1,0.4,ppm,5,NOAA,24,100,42101,Carbon monoxide,54,47260,"Virginia Beach-Norfolk-Newport News, VA-NC",51,Virginia,710,Norfolk City,36.85555,-76.30135
2/3/2023,AQS,517100024,1,0.4,ppm,5,NOAA,24,100,42101,Carbon monoxide,54,47260,"Virginia Beach-Norfolk-Newport News, VA-NC",51,Virginia,710,Norfolk City,36.85555,-76.30135
2/4/2023,AQS,517100024,1,0.3,ppm,3,NOAA,24,100,42101,Carbon monoxide,54,47260,"Virginia Beach-Norfolk-Newport News, VA-NC",51,Virginia,710,Norfolk City,36.85555,-76.30135
2/5/2023,AQS,517100024,1,0.4,ppm,5,NOAA,24,100,42101,Carbon monoxide,54,47260,"Virginia Beach-Norfolk-Newport News, VA-NC",51,Virginia,710,Norfolk City,36.85555,-76.30135
2/6/2023,AQS,517100024,1,0.4,ppm,5,NOAA,24,100,42101,Carbon monoxide,54,47260,"Virginia Beach-Norfolk-Newport News, VA-NC",51,Virginia,710,Norfolk City,36.85555,-76.30135
2/7/2023,AQS,517100024,1,0.5,ppm,6,NOAA,11,46,42101,Carbon monoxide,54,47260,"Virginia Beach-Norfolk-Newport News, VA-NC",51,Virginia,710,Norfolk City,36.85555,-76.30135
2/8/2023,AQS,517100024,1,0.4,ppm,5,NOAA,24,100,42101,Carbon monoxide,54,47260,"Virginia Beach-Norfolk-Newport News, VA-NC",51,Virginia,710,Norfolk City,36.85555,-76.30135
2/9/2023,AQS,517100024,1,0.4,ppm,5,NOAA,24,100,42101,Carbon monoxide,54,47260,"Virginia Beach-Norfolk-Newport News, VA-NC",51,Virginia,710,Norfolk City,36.85555,-76.30135
2/10/2023,AQS,517100024,1,0.4,ppm,5,NOAA,24,100,42101,Carbon monoxide,54,47260,"Virginia Beach-Norfolk-Newport News, VA-NC",51,Virginia,710,Norfolk City,36.85555,-76.30135
2/11/2023,AQS,517100024,1,0.4,ppm,5,NOAA,24,100,42101,Carbon monoxide,54,47260,"Virginia Beach-Norfolk-Newport News, VA-NC",51,Virginia,710,Norfolk City,36.85555,-76.30135
2/12/2023,AQS,517100024,1,0.4,ppm,5,NOAA,24,100,42101,Carbon monoxide,54,47260,"Virginia Beach-Norfolk-Newport News, VA-NC",51,Virginia,710,Norfolk City,36.85555,-76.30135
2/13/2023,AQS,517100024,1,0.4,ppm,5,NOAA,24,100,42101,Carbon monoxide,54,47260,"Virginia Beach-Norfolk-Newport News, VA-NC",51,Virginia,710,Norfolk City,36.85555,-76.30135
2/14/2023,AQS,517100024,1,0.3,ppm,3,NOAA,24,100,42101,Carbon monoxide,54,47260,"Virginia Beach-Norfolk-Newport News, VA-NC",51,Virginia,710,Norfolk City,36.85555,-76.30135
2/15/2023,AQS,517100024,1,0.2,ppm,2,NOAA,24,100,42101,Carbon monoxide,54,47260,"Virginia Beach-Norfolk-Newport News, VA-NC",51,Virginia,710,Norfolk City,36.85555,-76.30135
2/16/2023,AQS,517100024,1,0.2,ppm,2,NOAA,24,100,42101,Carbon monoxide,54,47260,"Virginia Beach-Norfolk-Newport News, VA-NC",51,Virginia,710,Norfolk City,36.85555,-76.30135
2/17/2023,AQS,517100024,1,0.3,ppm,3,NOAA,24,100,42101,Carbon monoxide,54,47260,"Virginia Beach-Norfolk-Newport News, VA-NC",51,Virginia,710,Norfolk City,36.85555,-76.30135
2/18/2023,AQS,517100024,1,0.3,ppm,3,NOAA,24,100,42101,Carbon monoxide,54,47260,"Virginia Beach-Norfolk-Newport News, VA-NC",51,Virginia,710,Norfolk City,36.85555,-76.30135
2/19/2023,AQS,517100024,1,0.3,ppm,3,NOAA,24,100,42101,Carbon monoxide,54,47260,"Virginia Beach-Norfolk-Newport News, VA-NC",51,Virginia,710,Norfolk City,36.85555,-76.30135
2/20/2023,AQS,517100024,1,0.3,ppm,3,NOAA,24,100,42101,Carbon monoxide,54,47260,"Virginia Beach-Norfolk-Newport News, VA-NC",51,Virginia,710,Norfolk City,36.85555,-76.30135
2/21/2023,AQS,517100024,1,0.4,ppm,5,NOAA,24,100,42101,Carbon monoxide,54,47260,"Virginia Beach-Norfolk-Newport News, VA-NC",51,Virginia,710,Norfolk City,36.85555,-76.30135
2/22/2023,AQS,517100024,1,0.3,ppm,3,NOAA,24,100,42101,Carbon monoxide,54,47260,"Virginia Beach-Norfolk-Newport News, VA-NC",51,Virginia,710,Norfolk City,36.85555,-76.30135
2/23/2023,AQS,517100024,1,0.4,ppm,5,NOAA,24,100,42101,Carbon monoxide,54,47260,"Virginia Beach-Norfolk-Newport News, VA-NC",51,Virginia,710,Norfolk City,36.85555,-76.30135
2/24/2023,AQS,517100024,1,0.4,ppm,5,NOAA,24,100,42101,Carbon monoxide,54,47260,"Virginia Beach-Norfolk-Newport News, VA-NC",51,Virginia,710,Norfolk City,36.85555,-76.30135
2/25/2023,AQS,517100024,1,0.3,ppm,3,NOAA,24,100,42101,Carbon monoxide,54,47260,"Virginia Beach-Norfolk-Newport News, VA-NC",51,Virginia,710,Norfolk City,36.85555,-76.30135
2/26/2023,AQS,517100024,1,0.3,ppm,3,NOAA,24,100,42101,Carbon monoxide,54,47260,"Virginia Beach-Norfolk-Newport News, VA-NC",51,Virginia,710,Norfolk City,36.85555,-76.30135
2/27/2023,AQS,517100024,1,0.5,ppm,6,NOAA,24,100,42101,Carbon monoxide,54,47260,"Virginia Beach-Norfolk-Newport News, VA-NC",51,Virginia,710,Norfolk City,36.85555,-76.30135
2/28/2023,AQS,517100024,1,0.3,ppm,3,NOAA,24,100,42101,Carbon monoxide,54,47260,"Virginia Beach-Norfolk-Newport News, VA-NC",51,Virginia,710,Norfolk City,36.85555,-76.30135
3/1/2023,AQS,517100024,1,0.5,ppm,6,NOAA,24,100,42101,Carbon monoxide,54,47260,"Virginia Beach-Norfolk-Newport News, VA-NC",51,Virginia,710,Norfolk City,36.85555,-76.30135
3/2/2023,AQS,517100024,1,0.5,ppm,6,NOAA,9,38,42101,Carbon monoxide,54,47260,"Virginia Beach-Norfolk-Newport News, VA-NC",51,Virginia,710,Norfolk City,36.85555,-76.30135
3/3/2023,AQS,517100024,1,0.2,ppm,2,NOAA,5,21,42101,Carbon monoxide,54,47260,"Virginia Beach-Norfolk-Newport News, VA-NC",51,Virginia,710,Norfolk City,36.85555,-76.30135
3/4/2023,AQS,517100024,1,0.1,ppm,1,NOAA,24,100,42101,Carbon monoxide,54,47260,"Virginia Beach-Norfolk-Newport News, VA-NC",51,Virginia,710,Norfolk City,36.85555,-76.30135
3/5/2023,AQS,517100024,1,-0.1,ppm,0,NOAA,24,100,42101,Carbon monoxide,54,47260,"Virginia Beach-Norfolk-Newport News, VA-NC",51,Virginia,710,Norfolk City,36.85555,-76.30135
3/6/2023,AQS,517100024,1,0.2,ppm,2,NOAA,24,100,42101,Carbon monoxide,54,47260,"Virginia Beach-Norfolk-Newport News, VA-NC",51,Virginia,710,Norfolk City,36.85555,-76.30135
3/7/2023,AQS,517100024,1,0.2,ppm,2,NOAA,24,100,42101,Carbon monoxide,54,47260,"Virginia Beach-Norfolk-Newport News, VA-NC",51,Virginia,710,Norfolk City,36.85555,-76.30135
3/8/2023,AQS,517100024,1,0.2,ppm,2,NOAA,24,100,42101,Carbon monoxide,54,47260,"Virginia Beach-Norfolk-Newport News, VA-NC",51,Virginia,710,Norfolk City,36.85555,-76.30135
3/9/2023,AQS,517100024,1,0.3,ppm,3,NOAA,24,100,42101,Carbon monoxide,54,47260,"Virginia Beach-Norfolk-Newport News, VA-NC",51,Virginia,710,Norfolk City,36.85555,-76.30135
3/10/2023,AQS,517100024,1,0.3,ppm,3,NOAA,24,100,42101,Carbon monoxide,54,47260,"Virginia Beach-Norfolk-Newport News, VA-NC",51,Virginia,710,Norfolk City,36.85555,-76.30135
3/11/2023,AQS,517100024,1,0.2,ppm,2,NOAA,24,100,42101,Carbon monoxide,54,47260,"Virginia Beach-Norfolk-Newport News, VA-NC",51,Virginia,710,Norfolk City,36.85555,-76.30135
3/12/2023,AQS,517100024,1,0.2,ppm,2,NOAA,24,100,42101,Carbon monoxide,54,47260,"Virginia Beach-Norfolk-Newport News, VA-NC",51,Virginia,710,Norfolk City,36.85555,-76.30135
3/13/2023,AQS,517100024,1,0.3,ppm,3,NOAA,24,100,42101,Carbon monoxide,54,47260,"Virginia Beach-Norfolk-Newport News, VA-NC",51,Virginia,710,Norfolk City,36.85555,-76.30135
3/14/2023,AQS,517100024,1,0.3,ppm,3,NOAA,24,100,42101,Carbon monoxide,54,47260,"Virginia Beach-Norfolk-Newport News, VA-NC",51,Virginia,710,Norfolk City,36.85555,-76.30135
3/15/2023,AQS,517100024,1,0.2,ppm,2,NOAA,24,100,42101,Carbon monoxide,54,47260,"Virginia Beach-Norfolk-Newport News, VA-NC",51,Virginia,710,Norfolk City,36.85555,-76.30135
3/16/2023,AQS,517100024,1,0.3,ppm,3,NOAA,24,100,42101,Carbon monoxide,54,47260,"Virginia Beach-Norfolk-Newport News, VA-NC",51,Virginia,710,Norfolk City,36.85555,-76.30135
3/17/2023,AQS,517100024,1,0.2,ppm,2,NOAA,24,100,42101,Carbon monoxide,54,47260,"Virginia Beach-Norfolk-Newport News, VA-NC",51,Virginia,710,Norfolk City,36.85555,-76.30135
3/18/2023,AQS,517100024,1,0.2,ppm,2,NOAA,24,100,42101,Carbon monoxide,54,47260,"Virginia Beach-Norfolk-Newport News, VA-NC",51,Virginia,710,Norfolk City,36.85555,-76.30135
3/19/2023,AQS,517100024,1,0.2,ppm,2,NOAA,24,100,42101,Carbon monoxide,54,47260,"Virginia Beach-Norfolk-Newport News, VA-NC",51,Virginia,710,Norfolk City,36.85555,-76.30135
3/20/2023,AQS,517100024,1,0.3,ppm,3,NOAA,24,100,42101,Carbon monoxide,54,47260,"Virginia Beach-Norfolk-Newport News, VA-NC",51,Virginia,710,Norfolk City,36.85555,-76.30135
3/21/2023,AQS,517100024,1,0.3,ppm,3,NOAA,24,100,42101,Carbon monoxide,54,47260,"Virginia Beach-Norfolk-Newport News, VA-NC",51,Virginia,710,Norfolk City,36.85555,-76.30135
3/22/2023,AQS,517100024,1,0.2,ppm,2,NOAA,8,33,42101,Carbon monoxide,54,47260,"Virginia Beach-Norfolk-Newport News, VA-NC",51,Virginia,710,Norfolk City,36.85555,-76.30135
3/23/2023,AQS,517100024,1,0.2,ppm,2,NOAA,24,100,42101,Carbon monoxide,54,47260,"Virginia Beach-Norfolk-Newport News, VA-NC",51,Virginia,710,Norfolk City,36.85555,-76.30135
3/24/2023,AQS,517100024,1,0.3,ppm,3,NOAA,24,100,42101,Carbon monoxide,54,47260,"Virginia Beach-Norfolk-Newport News, VA-NC",51,Virginia,710,Norfolk City,36.85555,-76.30135
3/25/2023,AQS,517100024,1,0.3,ppm,3,NOAA,24,100,42101,Carbon monoxide,54,47260,"Virginia Beach-Norfolk-Newport News, VA-NC",51,Virginia,710,Norfolk City,36.85555,-76.30135
3/26/2023,AQS,517100024,1,0.3,ppm,3,NOAA,24,100,42101,Carbon monoxide,54,47260,"Virginia Beach-Norfolk-Newport News, VA-NC",51,Virginia,710,Norfolk City,36.85555,-76.30135
3/27/2023,AQS,517100024,1,0.3,ppm,3,NOAA,24,100,42101,Carbon monoxide,54,47260,"Virginia Beach-Norfolk-Newport News, VA-NC",51,Virginia,710,Norfolk City,36.85555,-76.30135
3/28/2023,AQS,517100024,1,0.3,ppm,3,NOAA,24,100,42101,Carbon monoxide,54,47260,"Virginia Beach-Norfolk-Newport News, VA-NC",51,Virginia,710,Norfolk City,36.85555,-76.30135
3/29/2023,AQS,517100024,1,0.3,ppm,3,NOAA,24,100,42101,Carbon monoxide,54,47260,"Virginia Beach-Norfolk-Newport News, VA-NC",51,Virginia,710,Norfolk City,36.85555,-76.30135
3/30/2023,AQS,517100024,1,0.3,ppm,3,NOAA,24,100,42101,Carbon monoxide,54,47260,"Virginia Beach-Norfolk-Newport News, VA-NC",51,Virginia,710,Norfolk City,36.85555,-76.30135
3/31/2023,AQS,517100024,1,0.3,ppm,3,NOAA,24,100,42101,Carbon monoxide,54,47260,"Virginia Beach-Norfolk-Newport News, VA-NC",51,Virginia,710,Norfolk City,36.85555,-76.30135
4/1/2023,AQS,517100024,1,0.3,ppm,3,NOAA,24,100,42101,Carbon monoxide,54,47260,"Virginia Beach-Norfolk-Newport News, VA-NC",51,Virginia,710,Norfolk City,36.85555,-76.30135
4/2/2023,AQS,517100024,1,0.3,ppm,3,NOAA,24,100,42101,Carbon monoxide,54,47260,"Virginia Beach-Norfolk-Newport News, VA-NC",51,Virginia,710,Norfolk City,36.85555,-76.30135
4/3/2023,AQS,517100024,1,0.3,ppm,3,NOAA,24,100,42101,Carbon monoxide,54,47260,"Virginia Beach-Norfolk-Newport News, VA-NC",51,Virginia,710,Norfolk City,36.85555,-76.30135
4/4/2023,AQS,517100024,1,0.3,ppm,3,NOAA,24,100,42101,Carbon monoxide,54,47260,"Virginia Beach-Norfolk-Newport News, VA-NC",51,Virginia,710,Norfolk City,36.85555,-76.30135
4/5/2023,AQS,517100024,1,0.4,ppm,5,NOAA,24,100,42101,Carbon monoxide,54,47260,"Virginia Beach-Norfolk-Newport News, VA-NC",51,Virginia,710,Norfolk City,36.85555,-76.30135
4/6/2023,AQS,517100024,1,0.4,ppm,5,NOAA,24,100,42101,Carbon monoxide,54,47260,"Virginia Beach-Norfolk-Newport News, VA-NC",51,Virginia,710,Norfolk City,36.85555,-76.30135
4/7/2023,AQS,517100024,1,0.4,ppm,5,NOAA,24,100,42101,Carbon monoxide,54,47260,"Virginia Beach-Norfolk-Newport News, VA-NC",51,Virginia,710,Norfolk City,36.85555,-76.30135
4/8/2023,AQS,517100024,1,0.3,ppm,3,NOAA,24,100,42101,Carbon monoxide,54,47260,"Virginia Beach-Norfolk-Newport News, VA-NC",51,Virginia,710,Norfolk City,36.85555,-76.30135
4/9/2023,AQS,517100024,1,0.3,ppm,3,NOAA,24,100,42101,Carbon monoxide,54,47260,"Virginia Beach-Norfolk-Newport News, VA-NC",51,Virginia,710,Norfolk City,36.85555,-76.30135
4/10/2023,AQS,517100024,1,0.3,ppm,3,NOAA,24,100,42101,Carbon monoxide,54,47260,"Virginia Beach-Norfolk-Newport News, VA-NC",51,Virginia,710,Norfolk City,36.85555,-76.30135
4/11/2023,AQS,517100024,1,0.2,ppm,2,NOAA,24,100,42101,Carbon monoxide,54,47260,"Virginia Beach-Norfolk-Newport News, VA-NC",51,Virginia,710,Norfolk City,36.85555,-76.30135
4/12/2023,AQS,517100024,1,0.3,ppm,3,NOAA,24,100,42101,Carbon monoxide,54,47260,"Virginia Beach-Norfolk-Newport News, VA-NC",51,Virginia,710,Norfolk City,36.85555,-76.30135
4/13/2023,AQS,517100024,1,0.2,ppm,2,NOAA,24,100,42101,Carbon monoxide,54,47260,"Virginia Beach-Norfolk-Newport News, VA-NC",51,Virginia,710,Norfolk City,36.85555,-76.30135
4/14/2023,AQS,517100024,1,0.3,ppm,3,NOAA,24,100,42101,Carbon monoxide,54,47260,"Virginia Beach-Norfolk-Newport News, VA-NC",51,Virginia,710,Norfolk City,36.85555,-76.30135
4/15/2023,AQS,517100024,1,0.3,ppm,3,NOAA,24,100,42101,Carbon monoxide,54,47260,"Virginia Beach-Norfolk-Newport News, VA-NC",51,Virginia,710,Norfolk City,36.85555,-76.30135
4/16/2023,AQS,517100024,1,0.3,ppm,3,NOAA,24,100,42101,Carbon monoxide,54,47260,"Virginia Beach-Norfolk-Newport News, VA-NC",51,Virginia,710,Norfolk City,36.85555,-76.30135
4/17/2023,AQS,517100024,1,0.3,ppm,3,NOAA,24,100,42101,Carbon monoxide,54,47260,"Virginia Beach-Norfolk-Newport News, VA-NC",51,Virginia,710,Norfolk City,36.85555,-76.30135
4/18/2023,AQS,517100024,1,0.2,ppm,2,NOAA,24,100,42101,Carbon monoxide,54,47260,"Virginia Beach-Norfolk-Newport News, VA-NC",51,Virginia,710,Norfolk City,36.85555,-76.30135
4/19/2023,AQS,517100024,1,0.2,ppm,2,NOAA,24,100,42101,Carbon monoxide,54,47260,"Virginia Beach-Norfolk-Newport News, VA-NC",51,Virginia,710,Norfolk City,36.85555,-76.30135
4/20/2023,AQS,517100024,1,0.3,ppm,3,NOAA,24,100,42101,Carbon monoxide,54,47260,"Virginia Beach-Norfolk-Newport News, VA-NC",51,Virginia,710,Norfolk City,36.85555,-76.30135
4/21/2023,AQS,517100024,1,0.3,ppm,3,NOAA,24,100,42101,Carbon monoxide,54,47260,"Virginia Beach-Norfolk-Newport News, VA-NC",51,Virginia,710,Norfolk City,36.85555,-76.30135
4/22/2023,AQS,517100024,1,0.3,ppm,3,NOAA,24,100,42101,Carbon monoxide,54,47260,"Virginia Beach-Norfolk-Newport News, VA-NC",51,Virginia,710,Norfolk City,36.85555,-76.30135
4/23/2023,AQS,517100024,1,0.3,ppm,3,NOAA,24,100,42101,Carbon monoxide,54,47260,"Virginia Beach-Norfolk-Newport News, VA-NC",51,Virginia,710,Norfolk City,36.85555,-76.30135
4/24/2023,AQS,517100024,1,0.2,ppm,2,NOAA,24,100,42101,Carbon monoxide,54,47260,"Virginia Beach-Norfolk-Newport News, VA-NC",51,Virginia,710,Norfolk City,36.85555,-76.30135
4/25/2023,AQS,517100024,1,0.4,ppm,5,NOAA,17,71,42101,Carbon monoxide,54,47260,"Virginia Beach-Norfolk-Newport News, VA-NC",51,Virginia,710,Norfolk City,36.85555,-76.30135
4/26/2023,AQS,517100024,1,0.3,ppm,3,NOAA,24,100,42101,Carbon monoxide,54,47260,"Virginia Beach-Norfolk-Newport News, VA-NC",51,Virginia,710,Norfolk City,36.85555,-76.30135
4/27/2023,AQS,517100024,1,0.3,ppm,3,NOAA,24,100,42101,Carbon monoxide,54,47260,"Virginia Beach-Norfolk-Newport News, VA-NC",51,Virginia,710,Norfolk City,36.85555,-76.30135
4/28/2023,AQS,517100024,1,0.3,ppm,3,NOAA,24,100,42101,Carbon monoxide,54,47260,"Virginia Beach-Norfolk-Newport News, VA-NC",51,Virginia,710,Norfolk City,36.85555,-76.30135
4/29/2023,AQS,517100024,1,0.3,ppm,3,NOAA,24,100,42101,Carbon monoxide,54,47260,"Virginia Beach-Norfolk-Newport News, VA-NC",51,Virginia,710,Norfolk City,36.85555,-76.30135
4/30/2023,AQS,517100024,1,0.3,ppm,3,NOAA,24,100,42101,Carbon monoxide,54,47260,"Virginia Beach-Norfolk-Newport News, VA-NC",51,Virginia,710,Norfolk City,36.85555,-76.30135
5/1/2023,AQS,517100024,1,0.3,ppm,3,NOAA,24,100,42101,Carbon monoxide,54,47260,"Virginia Beach-Norfolk-Newport News, VA-NC",51,Virginia,710,Norfolk City,36.85555,-76.30135
5/2/2023,AQS,517100024,1,0.2,ppm,2,NOAA,24,100,42101,Carbon monoxide,54,47260,"Virginia Beach-Norfolk-Newport News, VA-NC",51,Virginia,710,Norfolk City,36.85555,-76.30135
5/3/2023,AQS,517100024,1,0.2,ppm,2,NOAA,24,100,42101,Carbon monoxide,54,47260,"Virginia Beach-Norfolk-Newport News, VA-NC",51,Virginia,710,Norfolk City,36.85555,-76.30135
5/4/2023,AQS,517100024,1,0.2,ppm,2,NOAA,24,100,42101,Carbon monoxide,54,47260,"Virginia Beach-Norfolk-Newport News, VA-NC",51,Virginia,710,Norfolk City,36.85555,-76.30135
5/5/2023,AQS,517100024,1,0.2,ppm,2,NOAA,24,100,42101,Carbon monoxide,54,47260,"Virginia Beach-Norfolk-Newport News, VA-NC",51,Virginia,710,Norfolk City,36.85555,-76.30135
5/6/2023,AQS,517100024,1,0.3,ppm,3,NOAA,24,100,42101,Carbon monoxide,54,47260,"Virginia Beach-Norfolk-Newport News, VA-NC",51,Virginia,710,Norfolk City,36.85555,-76.30135
5/7/2023,AQS,517100024,1,0.2,ppm,2,NOAA,24,100,42101,Carbon monoxide,54,47260,"Virginia Beach-Norfolk-Newport News, VA-NC",51,Virginia,710,Norfolk City,36.85555,-76.30135
5/8/2023,AQS,517100024,1,0.3,ppm,3,NOAA,24,100,42101,Carbon monoxide,54,47260,"Virginia Beach-Norfolk-Newport News, VA-NC",51,Virginia,710,Norfolk City,36.85555,-76.30135
5/9/2023,AQS,517100024,1,0.3,ppm,3,NOAA,24,100,42101,Carbon monoxide,54,47260,"Virginia Beach-Norfolk-Newport News, VA-NC",51,Virginia,710,Norfolk City,36.85555,-76.30135
5/10/2023,AQS,517100024,1,0.3,ppm,3,NOAA,24,100,42101,Carbon monoxide,54,47260,"Virginia Beach-Norfolk-Newport News, VA-NC",51,Virginia,710,Norfolk City,36.85555,-76.30135
5/11/2023,AQS,517100024,1,0.2,ppm,2,NOAA,24,100,42101,Carbon monoxide,54,47260,"Virginia Beach-Norfolk-Newport News, VA-NC",51,Virginia,710,Norfolk City,36.85555,-76.30135
5/12/2023,AQS,517100024,1,0.3,ppm,3,NOAA,24,100,42101,Carbon monoxide,54,47260,"Virginia Beach-Norfolk-Newport News, VA-NC",51,Virginia,710,Norfolk City,36.85555,-76.30135
5/13/2023,AQS,517100024,1,0.3,ppm,3,NOAA,24,100,42101,Carbon monoxide,54,47260,"Virginia Beach-Norfolk-Newport News, VA-NC",51,Virginia,710,Norfolk City,36.85555,-76.30135
5/14/2023,AQS,517100024,1,0.3,ppm,3,NOAA,24,100,42101,Carbon monoxide,54,47260,"Virginia Beach-Norfolk-Newport News, VA-NC",51,Virginia,710,Norfolk City,36.85555,-76.30135
5/15/2023,AQS,517100024,1,0.4,ppm,5,NOAA,24,100,42101,Carbon monoxide,54,47260,"Virginia Beach-Norfolk-Newport News, VA-NC",51,Virginia,710,Norfolk City,36.85555,-76.30135
5/16/2023,AQS,517100024,1,0.3,ppm,3,NOAA,24,100,42101,Carbon monoxide,54,47260,"Virginia Beach-Norfolk-Newport News, VA-NC",51,Virginia,710,Norfolk City,36.85555,-76.30135
5/17/2023,AQS,517100024,1,0.3,ppm,3,NOAA,24,100,42101,Carbon monoxide,54,47260,"Virginia Beach-Norfolk-Newport News, VA-NC",51,Virginia,710,Norfolk City,36.85555,-76.30135
5/18/2023,AQS,517100024,1,0.3,ppm,3,NOAA,24,100,42101,Carbon monoxide,54,47260,"Virginia Beach-Norfolk-Newport News, VA-NC",51,Virginia,710,Norfolk City,36.85555,-76.30135
5/19/2023,AQS,517100024,1,0.3,ppm,3,NOAA,24,100,42101,Carbon monoxide,54,47260,"Virginia Beach-Norfolk-Newport News, VA-NC",51,Virginia,710,Norfolk City,36.85555,-76.30135
5/20/2023,AQS,517100024,1,0.3,ppm,3,NOAA,24,100,42101,Carbon monoxide,54,47260,"Virginia Beach-Norfolk-Newport News, VA-NC",51,Virginia,710,Norfolk City,36.85555,-76.30135
5/21/2023,AQS,517100024,1,0.4,ppm,5,NOAA,24,100,42101,Carbon monoxide,54,47260,"Virginia Beach-Norfolk-Newport News, VA-NC",51,Virginia,710,Norfolk City,36.85555,-76.30135
5/22/2023,AQS,517100024,1,0.4,ppm,5,NOAA,24,100,42101,Carbon monoxide,54,47260,"Virginia Beach-Norfolk-Newport News, VA-NC",51,Virginia,710,Norfolk City,36.85555,-76.30135
5/23/2023,AQS,517100024,1,0.3,ppm,3,NOAA,24,100,42101,Carbon monoxide,54,47260,"Virginia Beach-Norfolk-Newport News, VA-NC",51,Virginia,710,Norfolk City,36.85555,-76.30135
5/24/2023,AQS,517100024,1,0.2,ppm,2,NOAA,24,100,42101,Carbon monoxide,54,47260,"Virginia Beach-Norfolk-Newport News, VA-NC",51,Virginia,710,Norfolk City,36.85555,-76.30135
5/25/2023,AQS,517100024,1,0.3,ppm,3,NOAA,24,100,42101,Carbon monoxide,54,47260,"Virginia Beach-Norfolk-Newport News, VA-NC",51,Virginia,710,Norfolk City,36.85555,-76.30135
5/26/2023,AQS,517100024,1,0.2,ppm,2,NOAA,24,100,42101,Carbon monoxide,54,47260,"Virginia Beach-Norfolk-Newport News, VA-NC",51,Virginia,710,Norfolk City,36.85555,-76.30135
5/27/2023,AQS,517100024,1,0.1,ppm,1,NOAA,4,17,42101,Carbon monoxide,54,47260,"Virginia Beach-Norfolk-Newport News, VA-NC",51,Virginia,710,Norfolk City,36.85555,-76.30135
5/30/2023,AQS,517100024,1,0.2,ppm,2,NOAA,6,25,42101,Carbon monoxide,54,47260,"Virginia Beach-Norfolk-Newport News, VA-NC",51,Virginia,710,Norfolk City,36.85555,-76.30135
5/31/2023,AQS,517100024,1,0.2,ppm,2,NOAA,24,100,42101,Carbon monoxide,54,47260,"Virginia Beach-Norfolk-Newport News, VA-NC",51,Virginia,710,Norfolk City,36.85555,-76.30135
6/1/2023,AQS,517100024,1,0.2,ppm,2,NOAA,24,100,42101,Carbon monoxide,54,47260,"Virginia Beach-Norfolk-Newport News, VA-NC",51,Virginia,710,Norfolk City,36.85555,-76.30135
6/2/2023,AQS,517100024,1,0.2,ppm,2,NOAA,24,100,42101,Carbon monoxide,54,47260,"Virginia Beach-Norfolk-Newport News, VA-NC",51,Virginia,710,Norfolk City,36.85555,-76.30135
6/3/2023,AQS,517100024,1,0.3,ppm,3,NOAA,24,100,42101,Carbon monoxide,54,47260,"Virginia Beach-Norfolk-Newport News, VA-NC",51,Virginia,710,Norfolk City,36.85555,-76.30135
6/4/2023,AQS,517100024,1,0.2,ppm,2,NOAA,24,100,42101,Carbon monoxide,54,47260,"Virginia Beach-Norfolk-Newport News, VA-NC",51,Virginia,710,Norfolk City,36.85555,-76.30135
6/5/2023,AQS,517100024,1,0.2,ppm,2,NOAA,24,100,42101,Carbon monoxide,54,47260,"Virginia Beach-Norfolk-Newport News, VA-NC",51,Virginia,710,Norfolk City,36.85555,-76.30135
6/6/2023,AQS,517100024,1,0.3,ppm,3,NOAA,24,100,42101,Carbon monoxide,54,47260,"Virginia Beach-Norfolk-Newport News, VA-NC",51,Virginia,710,Norfolk City,36.85555,-76.30135
6/7/2023,AQS,517100024,1,0.6,ppm,7,NOAA,24,100,42101,Carbon monoxide,54,47260,"Virginia Beach-Norfolk-Newport News, VA-NC",51,Virginia,710,Norfolk City,36.85555,-76.30135
6/8/2023,AQS,517100024,1,0.4,ppm,5,NOAA,24,100,42101,Carbon monoxide,54,47260,"Virginia Beach-Norfolk-Newport News, VA-NC",51,Virginia,710,Norfolk City,36.85555,-76.30135
6/9/2023,AQS,517100024,1,0.2,ppm,2,NOAA,24,100,42101,Carbon monoxide,54,47260,"Virginia Beach-Norfolk-Newport News, VA-NC",51,Virginia,710,Norfolk City,36.85555,-76.30135
6/10/2023,AQS,517100024,1,0.2,ppm,2,NOAA,24,100,42101,Carbon monoxide,54,47260,"Virginia Beach-Norfolk-Newport News, VA-NC",51,Virginia,710,Norfolk City,36.85555,-76.30135
6/11/2023,AQS,517100024,1,0.1,ppm,1,NOAA,24,100,42101,Carbon monoxide,54,47260,"Virginia Beach-Norfolk-Newport News, VA-NC",51,Virginia,710,Norfolk City,36.85555,-76.30135
6/12/2023,AQS,517100024,1,0.2,ppm,2,NOAA,24,100,42101,Carbon monoxide,54,47260,"Virginia Beach-Norfolk-Newport News, VA-NC",51,Virginia,710,Norfolk City,36.85555,-76.30135
6/13/2023,AQS,517100024,1,0.2,ppm,2,NOAA,24,100,42101,Carbon monoxide,54,47260,"Virginia Beach-Norfolk-Newport News, VA-NC",51,Virginia,710,Norfolk City,36.85555,-76.30135
6/14/2023,AQS,517100024,1,0.2,ppm,2,NOAA,24,100,42101,Carbon monoxide,54,47260,"Virginia Beach-Norfolk-Newport News, VA-NC",51,Virginia,710,Norfolk City,36.85555,-76.30135
6/15/2023,AQS,517100024,1,0.2,ppm,2,NOAA,24,100,42101,Carbon monoxide,54,47260,"Virginia Beach-Norfolk-Newport News, VA-NC",51,Virginia,710,Norfolk City,36.85555,-76.30135
6/16/2023,AQS,517100024,1,0.2,ppm,2,NOAA,24,100,42101,Carbon monoxide,54,47260,"Virginia Beach-Norfolk-Newport News, VA-NC",51,Virginia,710,Norfolk City,36.85555,-76.30135
6/17/2023,AQS,517100024,1,0.2,ppm,2,NOAA,24,100,42101,Carbon monoxide,54,47260,"Virginia Beach-Norfolk-Newport News, VA-NC",51,Virginia,710,Norfolk City,36.85555,-76.30135
6/18/2023,AQS,517100024,1,0.2,ppm,2,NOAA,24,100,42101,Carbon monoxide,54,47260,"Virginia Beach-Norfolk-Newport News, VA-NC",51,Virginia,710,Norfolk City,36.85555,-76.30135
6/19/2023,AQS,517100024,1,0.2,ppm,2,NOAA,24,100,42101,Carbon monoxide,54,47260,"Virginia Beach-Norfolk-Newport News, VA-NC",51,Virginia,710,Norfolk City,36.85555,-76.30135
6/20/2023,AQS,517100024,1,0.2,ppm,2,NOAA,24,100,42101,Carbon monoxide,54,47260,"Virginia Beach-Norfolk-Newport News, VA-NC",51,Virginia,710,Norfolk City,36.85555,-76.30135
6/21/2023,AQS,517100024,1,0.2,ppm,2,NOAA,24,100,42101,Carbon monoxide,54,47260,"Virginia Beach-Norfolk-Newport News, VA-NC",51,Virginia,710,Norfolk City,36.85555,-76.30135
6/22/2023,AQS,517100024,1,0.2,ppm,2,NOAA,24,100,42101,Carbon monoxide,54,47260,"Virginia Beach-Norfolk-Newport News, VA-NC",51,Virginia,710,Norfolk City,36.85555,-76.30135
6/23/2023,AQS,517100024,1,0.1,ppm,1,NOAA,24,100,42101,Carbon monoxide,54,47260,"Virginia Beach-Norfolk-Newport News, VA-NC",51,Virginia,710,Norfolk City,36.85555,-76.30135
6/24/2023,AQS,517100024,1,0.2,ppm,2,NOAA,24,100,42101,Carbon monoxide,54,47260,"Virginia Beach-Norfolk-Newport News, VA-NC",51,Virginia,710,Norfolk City,36.85555,-76.30135
6/25/2023,AQS,517100024,1,0.2,ppm,2,NOAA,24,100,42101,Carbon monoxide,54,47260,"Virginia Beach-Norfolk-Newport News, VA-NC",51,Virginia,710,Norfolk City,36.85555,-76.30135
6/26/2023,AQS,517100024,1,0.2,ppm,2,NOAA,18,75,42101,Carbon monoxide,54,47260,"Virginia Beach-Norfolk-Newport News, VA-NC",51,Virginia,710,Norfolk City,36.85555,-76.30135
6/27/2023,AQS,517100024,1,0.3,ppm,3,NOAA,10,42,42101,Carbon monoxide,54,47260,"Virginia Beach-Norfolk-Newport News, VA-NC",51,Virginia,710,Norfolk City,36.85555,-76.30135
6/28/2023,AQS,517100024,1,0.3,ppm,3,NOAA,24,100,42101,Carbon monoxide,54,47260,"Virginia Beach-Norfolk-Newport News, VA-NC",51,Virginia,710,Norfolk City,36.85555,-76.30135
6/29/2023,AQS,517100024,1,0.6,ppm,7,NOAA,24,100,42101,Carbon monoxide,54,47260,"Virginia Beach-Norfolk-Newport News, VA-NC",51,Virginia,710,Norfolk City,36.85555,-76.30135
6/30/2023,AQS,517100024,1,0.8,ppm,9,NOAA,24,100,42101,Carbon monoxide,54,47260,"Virginia Beach-Norfolk-Newport News, VA-NC",51,Virginia,710,Norfolk City,36.85555,-76.30135
7/1/2023,AQS,517100024,1,0.7,ppm,8,NOAA,24,100,42101,Carbon monoxide,54,47260,"Virginia Beach-Norfolk-Newport News, VA-NC",51,Virginia,710,Norfolk City,36.85555,-76.30135
7/2/2023,AQS,517100024,1,0.7,ppm,8,NOAA,24,100,42101,Carbon monoxide,54,47260,"Virginia Beach-Norfolk-Newport News, VA-NC",51,Virginia,710,Norfolk City,36.85555,-76.30135
7/3/2023,AQS,517100024,1,0.4,ppm,5,NOAA,24,100,42101,Carbon monoxide,54,47260,"Virginia Beach-Norfolk-Newport News, VA-NC",51,Virginia,710,Norfolk City,36.85555,-76.30135
7/4/2023,AQS,517100024,1,0.4,ppm,5,NOAA,24,100,42101,Carbon monoxide,54,47260,"Virginia Beach-Norfolk-Newport News, VA-NC",51,Virginia,710,Norfolk City,36.85555,-76.30135
7/5/2023,AQS,517100024,1,0.4,ppm,5,NOAA,24,100,42101,Carbon monoxide,54,47260,"Virginia Beach-Norfolk-Newport News, VA-NC",51,Virginia,710,Norfolk City,36.85555,-76.30135
7/6/2023,AQS,517100024,1,0.4,ppm,5,NOAA,24,100,42101,Carbon monoxide,54,47260,"Virginia Beach-Norfolk-Newport News, VA-NC",51,Virginia,710,Norfolk City,36.85555,-76.30135
7/7/2023,AQS,517100024,1,0.3,ppm,3,NOAA,24,100,42101,Carbon monoxide,54,47260,"Virginia Beach-Norfolk-Newport News, VA-NC",51,Virginia,710,Norfolk City,36.85555,-76.30135
7/8/2023,AQS,517100024,1,0.4,ppm,5,NOAA,24,100,42101,Carbon monoxide,54,47260,"Virginia Beach-Norfolk-Newport News, VA-NC",51,Virginia,710,Norfolk City,36.85555,-76.30135
7/9/2023,AQS,517100024,1,0.4,ppm,5,NOAA,24,100,42101,Carbon monoxide,54,47260,"Virginia Beach-Norfolk-Newport News, VA-NC",51,Virginia,710,Norfolk City,36.85555,-76.30135
7/10/2023,AQS,517100024,1,0.4,ppm,5,NOAA,24,100,42101,Carbon monoxide,54,47260,"Virginia Beach-Norfolk-Newport News, VA-NC",51,Virginia,710,Norfolk City,36.85555,-76.30135
7/11/2023,AQS,517100024,1,0.4,ppm,5,NOAA,24,100,42101,Carbon monoxide,54,47260,"Virginia Beach-Norfolk-Newport News, VA-NC",51,Virginia,710,Norfolk City,36.85555,-76.30135
7/12/2023,AQS,517100024,1,0.4,ppm,5,NOAA,24,100,42101,Carbon monoxide,54,47260,"Virginia Beach-Norfolk-Newport News, VA-NC",51,Virginia,710,Norfolk City,36.85555,-76.30135
7/13/2023,AQS,517100024,1,0.4,ppm,5,NOAA,18,75,42101,Carbon monoxide,54,47260,"Virginia Beach-Norfolk-Newport News, VA-NC",51,Virginia,710,Norfolk City,36.85555,-76.30135
7/14/2023,AQS,517100024,1,0.3,ppm,3,NOAA,24,100,42101,Carbon monoxide,54,47260,"Virginia Beach-Norfolk-Newport News, VA-NC",51,Virginia,710,Norfolk City,36.85555,-76.30135
7/15/2023,AQS,517100024,1,0.3,ppm,3,NOAA,24,100,42101,Carbon monoxide,54,47260,"Virginia Beach-Norfolk-Newport News, VA-NC",51,Virginia,710,Norfolk City,36.85555,-76.30135
7/16/2023,AQS,517100024,1,0.3,ppm,3,NOAA,24,100,42101,Carbon monoxide,54,47260,"Virginia Beach-Norfolk-Newport News, VA-NC",51,Virginia,710,Norfolk City,36.85555,-76.30135
7/17/2023,AQS,517100024,1,0.4,ppm,5,NOAA,24,100,42101,Carbon monoxide,54,47260,"Virginia Beach-Norfolk-Newport News, VA-NC",51,Virginia,710,Norfolk City,36.85555,-76.30135
7/18/2023,AQS,517100024,1,0.5,ppm,6,NOAA,24,100,42101,Carbon monoxide,54,47260,"Virginia Beach-Norfolk-Newport News, VA-NC",51,Virginia,710,Norfolk City,36.85555,-76.30135
7/19/2023,AQS,517100024,1,0.5,ppm,6,NOAA,24,100,42101,Carbon monoxide,54,47260,"Virginia Beach-Norfolk-Newport News, VA-NC",51,Virginia,710,Norfolk City,36.85555,-76.30135
7/20/2023,AQS,517100024,1,0.4,ppm,5,NOAA,24,100,42101,Carbon monoxide,54,47260,"Virginia Beach-Norfolk-Newport News, VA-NC",51,Virginia,710,Norfolk City,36.85555,-76.30135
7/21/2023,AQS,517100024,1,0.4,ppm,5,NOAA,24,100,42101,Carbon monoxide,54,47260,"Virginia Beach-Norfolk-Newport News, VA-NC",51,Virginia,710,Norfolk City,36.85555,-76.30135
7/22/2023,AQS,517100024,1,0.3,ppm,3,NOAA,24,100,42101,Carbon monoxide,54,47260,"Virginia Beach-Norfolk-Newport News, VA-NC",51,Virginia,710,Norfolk City,36.85555,-76.30135
7/23/2023,AQS,517100024,1,0.3,ppm,3,NOAA,24,100,42101,Carbon monoxide,54,47260,"Virginia Beach-Norfolk-Newport News, VA-NC",51,Virginia,710,Norfolk City,36.85555,-76.30135
7/24/2023,AQS,517100024,1,0.3,ppm,3,NOAA,24,100,42101,Carbon monoxide,54,47260,"Virginia Beach-Norfolk-Newport News, VA-NC",51,Virginia,710,Norfolk City,36.85555,-76.30135
7/25/2023,AQS,517100024,1,0.4,ppm,5,NOAA,24,100,42101,Carbon monoxide,54,47260,"Virginia Beach-Norfolk-Newport News, VA-NC",51,Virginia,710,Norfolk City,36.85555,-76.30135
7/26/2023,AQS,517100024,1,0.5,ppm,6,NOAA,24,100,42101,Carbon monoxide,54,47260,"Virginia Beach-Norfolk-Newport News, VA-NC",51,Virginia,710,Norfolk City,36.85555,-76.30135
7/27/2023,AQS,517100024,1,0.4,ppm,5,NOAA,24,100,42101,Carbon monoxide,54,47260,"Virginia Beach-Norfolk-Newport News, VA-NC",51,Virginia,710,Norfolk City,36.85555,-76.30135
7/28/2023,AQS,517100024,1,0.4,ppm,5,NOAA,24,100,42101,Carbon monoxide,54,47260,"Virginia Beach-Norfolk-Newport News, VA-NC",51,Virginia,710,Norfolk City,36.85555,-76.30135
7/29/2023,AQS,517100024,1,0.3,ppm,3,NOAA,24,100,42101,Carbon monoxide,54,47260,"Virginia Beach-Norfolk-Newport News, VA-NC",51,Virginia,710,Norfolk City,36.85555,-76.30135
7/30/2023,AQS,517100024,1,0.3,ppm,3,NOAA,24,100,42101,Carbon monoxide,54,47260,"Virginia Beach-Norfolk-Newport News, VA-NC",51,Virginia,710,Norfolk City,36.85555,-76.30135
7/31/2023,AQS,517100024,1,0.4,ppm,5,NOAA,24,100,42101,Carbon monoxide,54,47260,"Virginia Beach-Norfolk-Newport News, VA-NC",51,Virginia,710,Norfolk City,36.85555,-76.30135
8/1/2023,AQS,517100024,1,0.4,ppm,5,NOAA,24,100,42101,Carbon monoxide,54,47260,"Virginia Beach-Norfolk-Newport News, VA-NC",51,Virginia,710,Norfolk City,36.85555,-76.30135
8/2/2023,AQS,517100024,1,0.4,ppm,5,NOAA,24,100,42101,Carbon monoxide,54,47260,"Virginia Beach-Norfolk-Newport News, VA-NC",51,Virginia,710,Norfolk City,36.85555,-76.30135
8/3/2023,AQS,517100024,1,0.4,ppm,5,NOAA,24,100,42101,Carbon monoxide,54,47260,"Virginia Beach-Norfolk-Newport News, VA-NC",51,Virginia,710,Norfolk City,36.85555,-76.30135
8/4/2023,AQS,517100024,1,0.5,ppm,6,NOAA,24,100,42101,Carbon monoxide,54,47260,"Virginia Beach-Norfolk-Newport News, VA-NC",51,Virginia,710,Norfolk City,36.85555,-76.30135
8/5/2023,AQS,517100024,1,0.5,ppm,6,NOAA,24,100,42101,Carbon monoxide,54,47260,"Virginia Beach-Norfolk-Newport News, VA-NC",51,Virginia,710,Norfolk City,36.85555,-76.30135
8/6/2023,AQS,517100024,1,0.5,ppm,6,NOAA,24,100,42101,Carbon monoxide,54,47260,"Virginia Beach-Norfolk-Newport News, VA-NC",51,Virginia,710,Norfolk City,36.85555,-76.30135
8/7/2023,AQS,517100024,1,0.4,ppm,5,NOAA,24,100,42101,Carbon monoxide,54,47260,"Virginia Beach-Norfolk-Newport News, VA-NC",51,Virginia,710,Norfolk City,36.85555,-76.30135
8/8/2023,AQS,517100024,1,0.3,ppm,3,NOAA,24,100,42101,Carbon monoxide,54,47260,"Virginia Beach-Norfolk-Newport News, VA-NC",51,Virginia,710,Norfolk City,36.85555,-76.30135
8/9/2023,AQS,517100024,1,0.3,ppm,3,NOAA,24,100,42101,Carbon monoxide,54,47260,"Virginia Beach-Norfolk-Newport News, VA-NC",51,Virginia,710,Norfolk City,36.85555,-76.30135
8/10/2023,AQS,517100024,1,0.4,ppm,5,NOAA,24,100,42101,Carbon monoxide,54,47260,"Virginia Beach-Norfolk-Newport News, VA-NC",51,Virginia,710,Norfolk City,36.85555,-76.30135
8/11/2023,AQS,517100024,1,0.4,ppm,5,NOAA,24,100,42101,Carbon monoxide,54,47260,"Virginia Beach-Norfolk-Newport News, VA-NC",51,Virginia,710,Norfolk City,36.85555,-76.30135
8/12/2023,AQS,517100024,1,0.4,ppm,5,NOAA,24,100,42101,Carbon monoxide,54,47260,"Virginia Beach-Norfolk-Newport News, VA-NC",51,Virginia,710,Norfolk City,36.85555,-76.30135
8/13/2023,AQS,517100024,1,0.4,ppm,5,NOAA,24,100,42101,Carbon monoxide,54,47260,"Virginia Beach-Norfolk-Newport News, VA-NC",51,Virginia,710,Norfolk City,36.85555,-76.30135
8/14/2023,AQS,517100024,1,0.4,ppm,5,NOAA,24,100,42101,Carbon monoxide,54,47260,"Virginia Beach-Norfolk-Newport News, VA-NC",51,Virginia,710,Norfolk City,36.85555,-76.30135
8/15/2023,AQS,517100024,1,0.3,ppm,3,NOAA,24,100,42101,Carbon monoxide,54,47260,"Virginia Beach-Norfolk-Newport News, VA-NC",51,Virginia,710,Norfolk City,36.85555,-76.30135
8/16/2023,AQS,517100024,1,0.5,ppm,6,NOAA,24,100,42101,Carbon monoxide,54,47260,"Virginia Beach-Norfolk-Newport News, VA-NC",51,Virginia,710,Norfolk City,36.85555,-76.30135
8/17/2023,AQS,517100024,1,0.4,ppm,5,NOAA,24,100,42101,Carbon monoxide,54,47260,"Virginia Beach-Norfolk-Newport News, VA-NC",51,Virginia,710,Norfolk City,36.85555,-76.30135
8/18/2023,AQS,517100024,1,0.3,ppm,3,NOAA,24,100,42101,Carbon monoxide,54,47260,"Virginia Beach-Norfolk-Newport News, VA-NC",51,Virginia,710,Norfolk City,36.85555,-76.30135
8/19/2023,AQS,517100024,1,0.4,ppm,5,NOAA,24,100,42101,Carbon monoxide,54,47260,"Virginia Beach-Norfolk-Newport News, VA-NC",51,Virginia,710,Norfolk City,36.85555,-76.30135
8/20/2023,AQS,517100024,1,0.4,ppm,5,NOAA,24,100,42101,Carbon monoxide,54,47260,"Virginia Beach-Norfolk-Newport News, VA-NC",51,Virginia,710,Norfolk City,36.85555,-76.30135
8/21/2023,AQS,517100024,1,0.5,ppm,6,NOAA,24,100,42101,Carbon monoxide,54,47260,"Virginia Beach-Norfolk-Newport News, VA-NC",51,Virginia,710,Norfolk City,36.85555,-76.30135
8/22/2023,AQS,517100024,1,0.5,ppm,6,NOAA,24,100,42101,Carbon monoxide,54,47260,"Virginia Beach-Norfolk-Newport News, VA-NC",51,Virginia,710,Norfolk City,36.85555,-76.30135
8/23/2023,AQS,517100024,1,0.4,ppm,5,NOAA,24,100,42101,Carbon monoxide,54,47260,"Virginia Beach-Norfolk-Newport News, VA-NC",51,Virginia,710,Norfolk City,36.85555,-76.30135
8/24/2023,AQS,517100024,1,0.4,ppm,5,NOAA,24,100,42101,Carbon monoxide,54,47260,"Virginia Beach-Norfolk-Newport News, VA-NC",51,Virginia,710,Norfolk City,36.85555,-76.30135
8/25/2023,AQS,517100024,1,0.4,ppm,5,NOAA,24,100,42101,Carbon monoxide,54,47260,"Virginia Beach-Norfolk-Newport News, VA-NC",51,Virginia,710,Norfolk City,36.85555,-76.30135
8/26/2023,AQS,517100024,1,0.5,ppm,6,NOAA,24,100,42101,Carbon monoxide,54,47260,"Virginia Beach-Norfolk-Newport News, VA-NC",51,Virginia,710,Norfolk City,36.85555,-76.30135
8/27/2023,AQS,517100024,1,0.5,ppm,6,NOAA,24,100,42101,Carbon monoxide,54,47260,"Virginia Beach-Norfolk-Newport News, VA-NC",51,Virginia,710,Norfolk City,36.85555,-76.30135
8/28/2023,AQS,517100024,1,0.4,ppm,5,NOAA,24,100,42101,Carbon monoxide,54,47260,"Virginia Beach-Norfolk-Newport News, VA-NC",51,Virginia,710,Norfolk City,36.85555,-76.30135
8/29/2023,AQS,517100024,1,0.4,ppm,5,NOAA,24,100,42101,Carbon monoxide,54,47260,"Virginia Beach-Norfolk-Newport News, VA-NC",51,Virginia,710,Norfolk City,36.85555,-76.30135
8/30/2023,AQS,517100024,1,0.4,ppm,5,NOAA,24,100,42101,Carbon monoxide,54,47260,"Virginia Beach-Norfolk-Newport News, VA-NC",51,Virginia,710,Norfolk City,36.85555,-76.30135
8/31/2023,AQS,517100024,1,0.4,ppm,5,NOAA,24,100,42101,Carbon monoxide,54,47260,"Virginia Beach-Norfolk-Newport News, VA-NC",51,Virginia,710,Norfolk City,36.85555,-76.30135
9/1/2023,AQS,517100024,1,0.3,ppm,3,NOAA,24,100,42101,Carbon monoxide,54,47260,"Virginia Beach-Norfolk-Newport News, VA-NC",51,Virginia,710,Norfolk City,36.85555,-76.30135
9/2/2023,AQS,517100024,1,0.4,ppm,5,NOAA,24,100,42101,Carbon monoxide,54,47260,"Virginia Beach-Norfolk-Newport News, VA-NC",51,Virginia,710,Norfolk City,36.85555,-76.30135
9/3/2023,AQS,517100024,1,0.4,ppm,5,NOAA,24,100,42101,Carbon monoxide,54,47260,"Virginia Beach-Norfolk-Newport News, VA-NC",51,Virginia,710,Norfolk City,36.85555,-76.30135
9/4/2023,AQS,517100024,1,0.4,ppm,5,NOAA,24,100,42101,Carbon monoxide,54,47260,"Virginia Beach-Norfolk-Newport News, VA-NC",51,Virginia,710,Norfolk City,36.85555,-76.30135
9/5/2023,AQS,517100024,1,0.5,ppm,6,NOAA,24,100,42101,Carbon monoxide,54,47260,"Virginia Beach-Norfolk-Newport News, VA-NC",51,Virginia,710,Norfolk City,36.85555,-76.30135
9/6/2023,AQS,517100024,1,0.5,ppm,6,NOAA,24,100,42101,Carbon monoxide,54,47260,"Virginia Beach-Norfolk-Newport News, VA-NC",51,Virginia,710,Norfolk City,36.85555,-76.30135
9/7/2023,AQS,517100024,1,0.5,ppm,6,NOAA,24,100,42101,Carbon monoxide,54,47260,"Virginia Beach-Norfolk-Newport News, VA-NC",51,Virginia,710,Norfolk City,36.85555,-76.30135
9/8/2023,AQS,517100024,1,0.4,ppm,5,NOAA,24,100,42101,Carbon monoxide,54,47260,"Virginia Beach-Norfolk-Newport News, VA-NC",51,Virginia,710,Norfolk City,36.85555,-76.30135
9/9/2023,AQS,517100024,1,0.4,ppm,5,NOAA,24,100,42101,Carbon monoxide,54,47260,"Virginia Beach-Norfolk-Newport News, VA-NC",51,Virginia,710,Norfolk City,36.85555,-76.30135
9/10/2023,AQS,517100024,1,0.4,ppm,5,NOAA,24,100,42101,Carbon monoxide,54,47260,"Virginia Beach-Norfolk-Newport News, VA-NC",51,Virginia,710,Norfolk City,36.85555,-76.30135
9/11/2023,AQS,517100024,1,0.4,ppm,5,NOAA,24,100,42101,Carbon monoxide,54,47260,"Virginia Beach-Norfolk-Newport News, VA-NC",51,Virginia,710,Norfolk City,36.85555,-76.30135
9/12/2023,AQS,517100024,1,0.4,ppm,5,NOAA,24,100,42101,Carbon monoxide,54,47260,"Virginia Beach-Norfolk-Newport News, VA-NC",51,Virginia,710,Norfolk City,36.85555,-76.30135
9/13/2023,AQS,517100024,1,0.5,ppm,6,NOAA,24,100,42101,Carbon monoxide,54,47260,"Virginia Beach-Norfolk-Newport News, VA-NC",51,Virginia,710,Norfolk City,36.85555,-76.30135
9/14/2023,AQS,517100024,1,0.4,ppm,5,NOAA,24,100,42101,Carbon monoxide,54,47260,"Virginia Beach-Norfolk-Newport News, VA-NC",51,Virginia,710,Norfolk City,36.85555,-76.30135
9/15/2023,AQS,517100024,1,0.3,ppm,3,NOAA,24,100,42101,Carbon monoxide,54,47260,"Virginia Beach-Norfolk-Newport News, VA-NC",51,Virginia,710,Norfolk City,36.85555,-76.30135
9/16/2023,AQS,517100024,1,0.3,ppm,3,NOAA,24,100,42101,Carbon monoxide,54,47260,"Virginia Beach-Norfolk-Newport News, VA-NC",51,Virginia,710,Norfolk City,36.85555,-76.30135
9/17/2023,AQS,517100024,1,0.3,ppm,3,NOAA,24,100,42101,Carbon monoxide,54,47260,"Virginia Beach-Norfolk-Newport News, VA-NC",51,Virginia,710,Norfolk City,36.85555,-76.30135
9/18/2023,AQS,517100024,1,0.4,ppm,5,NOAA,24,100,42101,Carbon monoxide,54,47260,"Virginia Beach-Norfolk-Newport News, VA-NC",51,Virginia,710,Norfolk City,36.85555,-76.30135
9/19/2023,AQS,517100024,1,0.3,ppm,3,NOAA,24,100,42101,Carbon monoxide,54,47260,"Virginia Beach-Norfolk-Newport News, VA-NC",51,Virginia,710,Norfolk City,36.85555,-76.30135
9/20/2023,AQS,517100024,1,0.5,ppm,6,NOAA,24,100,42101,Carbon monoxide,54,47260,"Virginia Beach-Norfolk-Newport News, VA-NC",51,Virginia,710,Norfolk City,36.85555,-76.30135
9/21/2023,AQS,517100024,1,0.4,ppm,5,NOAA,24,100,42101,Carbon monoxide,54,47260,"Virginia Beach-Norfolk-Newport News, VA-NC",51,Virginia,710,Norfolk City,36.85555,-76.30135
9/22/2023,AQS,517100024,1,0.4,ppm,5,NOAA,24,100,42101,Carbon monoxide,54,47260,"Virginia Beach-Norfolk-Newport News, VA-NC",51,Virginia,710,Norfolk City,36.85555,-76.30135
9/23/2023,AQS,517100024,1,0.3,ppm,3,NOAA,24,100,42101,Carbon monoxide,54,47260,"Virginia Beach-Norfolk-Newport News, VA-NC",51,Virginia,710,Norfolk City,36.85555,-76.30135
9/24/2023,AQS,517100024,1,0.5,ppm,6,NOAA,24,100,42101,Carbon monoxide,54,47260,"Virginia Beach-Norfolk-Newport News, VA-NC",51,Virginia,710,Norfolk City,36.85555,-76.30135
9/25/2023,AQS,517100024,1,0.6,ppm,7,NOAA,9,38,42101,Carbon monoxide,54,47260,"Virginia Beach-Norfolk-Newport News, VA-NC",51,Virginia,710,Norfolk City,36.85555,-76.30135
9/27/2023,AQS,517100024,1,0.7,ppm,8,NOAA,3,13,42101,Carbon monoxide,54,47260,"Virginia Beach-Norfolk-Newport News, VA-NC",51,Virginia,710,Norfolk City,36.85555,-76.30135
9/28/2023,AQS,517100024,1,0.6,ppm,7,NOAA,24,100,42101,Carbon monoxide,54,47260,"Virginia Beach-Norfolk-Newport News, VA-NC",51,Virginia,710,Norfolk City,36.85555,-76.30135
9/29/2023,AQS,517100024,1,0.4,ppm,5,NOAA,24,100,42101,Carbon monoxide,54,47260,"Virginia Beach-Norfolk-Newport News, VA-NC",51,Virginia,710,Norfolk City,36.85555,-76.30135
9/30/2023,AQS,517100024,1,0.4,ppm,5,NOAA,24,100,42101,Carbon monoxide,54,47260,"Virginia Beach-Norfolk-Newport News, VA-NC",51,Virginia,710,Norfolk City,36.85555,-76.30135
10/1/2023,AQS,517100024,1,0.4,ppm,5,NOAA,24,100,42101,Carbon monoxide,54,47260,"Virginia Beach-Norfolk-Newport News, VA-NC",51,Virginia,710,Norfolk City,36.85555,-76.30135
10/2/2023,AQS,517100024,1,0.7,ppm,8,NOAA,24,100,42101,Carbon monoxide,54,47260,"Virginia Beach-Norfolk-Newport News, VA-NC",51,Virginia,710,Norfolk City,36.85555,-76.30135
10/3/2023,AQS,517100024,1,0.7,ppm,8,NOAA,24,100,42101,Carbon monoxide,54,47260,"Virginia Beach-Norfolk-Newport News, VA-NC",51,Virginia,710,Norfolk City,36.85555,-76.30135
10/4/2023,AQS,517100024,1,0.8,ppm,9,NOAA,24,100,42101,Carbon monoxide,54,47260,"Virginia Beach-Norfolk-Newport News, VA-NC",51,Virginia,710,Norfolk City,36.85555,-76.30135
10/5/2023,AQS,517100024,1,0.8,ppm,9,NOAA,24,100,42101,Carbon monoxide,54,47260,"Virginia Beach-Norfolk-Newport News, VA-NC",51,Virginia,710,Norfolk City,36.85555,-76.30135
10/6/2023,AQS,517100024,1,0.7,ppm,8,NOAA,24,100,42101,Carbon monoxide,54,47260,"Virginia Beach-Norfolk-Newport News, VA-NC",51,Virginia,710,Norfolk City,36.85555,-76.30135
10/7/2023,AQS,517100024,1,0.7,ppm,8,NOAA,24,100,42101,Carbon monoxide,54,47260,"Virginia Beach-Norfolk-Newport News, VA-NC",51,Virginia,710,Norfolk City,36.85555,-76.30135
10/8/2023,AQS,517100024,1,0.6,ppm,7,NOAA,24,100,42101,Carbon monoxide,54,47260,"Virginia Beach-Norfolk-Newport News, VA-NC",51,Virginia,710,Norfolk City,36.85555,-76.30135
10/9/2023,AQS,517100024,1,0.5,ppm,6,NOAA,24,100,42101,Carbon monoxide,54,47260,"Virginia Beach-Norfolk-Newport News, VA-NC",51,Virginia,710,Norfolk City,36.85555,-76.30135
10/10/2023,AQS,517100024,1,0.5,ppm,6,NOAA,24,100,42101,Carbon monoxide,54,47260,"Virginia Beach-Norfolk-Newport News, VA-NC",51,Virginia,710,Norfolk City,36.85555,-76.30135
10/11/2023,AQS,517100024,1,0.5,ppm,6,NOAA,24,100,42101,Carbon monoxide,54,47260,"Virginia Beach-Norfolk-Newport News, VA-NC",51,Virginia,710,Norfolk City,36.85555,-76.30135
10/12/2023,AQS,517100024,1,0.5,ppm,6,NOAA,24,100,42101,Carbon monoxide,54,47260,"Virginia Beach-Norfolk-Newport News, VA-NC",51,Virginia,710,Norfolk City,36.85555,-76.30135
10/13/2023,AQS,517100024,1,0.5,ppm,6,NOAA,24,100,42101,Carbon monoxide,54,47260,"Virginia Beach-Norfolk-Newport News, VA-NC",51,Virginia,710,Norfolk City,36.85555,-76.30135
10/14/2023,AQS,517100024,1,0.5,ppm,6,NOAA,24,100,42101,Carbon monoxide,54,47260,"Virginia Beach-Norfolk-Newport News, VA-NC",51,Virginia,710,Norfolk City,36.85555,-76.30135
10/15/2023,AQS,517100024,1,0.3,ppm,3,NOAA,4,17,42101,Carbon monoxide,54,47260,"Virginia Beach-Norfolk-Newport News, VA-NC",51,Virginia,710,Norfolk City,36.85555,-76.30135
10/16/2023,AQS,517100024,1,0.3,ppm,3,NOAA,4,17,42101,Carbon monoxide,54,47260,"Virginia Beach-Norfolk-Newport News, VA-NC",51,Virginia,710,Norfolk City,36.85555,-76.30135
10/17/2023,AQS,517100024,1,0.4,ppm,5,NOAA,24,100,42101,Carbon monoxide,54,47260,"Virginia Beach-Norfolk-Newport News, VA-NC",51,Virginia,710,Norfolk City,36.85555,-76.30135
10/18/2023,AQS,517100024,1,0.4,ppm,5,NOAA,24,100,42101,Carbon monoxide,54,47260,"Virginia Beach-Norfolk-Newport News, VA-NC",51,Virginia,710,Norfolk City,36.85555,-76.30135
10/19/2023,AQS,517100024,1,0.5,ppm,6,NOAA,24,100,42101,Carbon monoxide,54,47260,"Virginia Beach-Norfolk-Newport News, VA-NC",51,Virginia,710,Norfolk City,36.85555,-76.30135
10/20/2023,AQS,517100024,1,0.4,ppm,5,NOAA,24,100,42101,Carbon monoxide,54,47260,"Virginia Beach-Norfolk-Newport News, VA-NC",51,Virginia,710,Norfolk City,36.85555,-76.30135
10/21/2023,AQS,517100024,1,0.4,ppm,5,NOAA,24,100,42101,Carbon monoxide,54,47260,"Virginia Beach-Norfolk-Newport News, VA-NC",51,Virginia,710,Norfolk City,36.85555,-76.30135
10/22/2023,AQS,517100024,1,0.4,ppm,5,NOAA,24,100,42101,Carbon monoxide,54,47260,"Virginia Beach-Norfolk-Newport News, VA-NC",51,Virginia,710,Norfolk City,36.85555,-76.30135
10/23/2023,AQS,517100024,1,0.5,ppm,6,NOAA,15,63,42101,Carbon monoxide,54,47260,"Virginia Beach-Norfolk-Newport News, VA-NC",51,Virginia,710,Norfolk City,36.85555,-76.30135
10/24/2023,AQS,517100024,1,0.5,ppm,6,NOAA,11,46,42101,Carbon monoxide,54,47260,"Virginia Beach-Norfolk-Newport News, VA-NC",51,Virginia,710,Norfolk City,36.85555,-76.30135
10/25/2023,AQS,517100024,1,0.6,ppm,7,NOAA,24,100,42101,Carbon monoxide,54,47260,"Virginia Beach-Norfolk-Newport News, VA-NC",51,Virginia,710,Norfolk City,36.85555,-76.30135
10/26/2023,AQS,517100024,1,0.5,ppm,6,NOAA,11,46,42101,Carbon monoxide,54,47260,"Virginia Beach-Norfolk-Newport News, VA-NC",51,Virginia,710,Norfolk City,36.85555,-76.30135
10/27/2023,AQS,517100024,1,0.5,ppm,6,NOAA,10,42,42101,Carbon monoxide,54,47260,"Virginia Beach-Norfolk-Newport News, VA-NC",51,Virginia,710,Norfolk City,36.85555,-76.30135
10/28/2023,AQS,517100024,1,0.6,ppm,7,NOAA,24,100,42101,Carbon monoxide,54,47260,"Virginia Beach-Norfolk-Newport News, VA-NC",51,Virginia,710,Norfolk City,36.85555,-76.30135
10/29/2023,AQS,517100024,1,0.6,ppm,7,NOAA,24,100,42101,Carbon monoxide,54,47260,"Virginia Beach-Norfolk-Newport News, VA-NC",51,Virginia,710,Norfolk City,36.85555,-76.30135
10/30/2023,AQS,517100024,1,0.4,ppm,5,NOAA,24,100,42101,Carbon monoxide,54,47260,"Virginia Beach-Norfolk-Newport News, VA-NC",51,Virginia,710,Norfolk City,36.85555,-76.30135
10/31/2023,AQS,517100024,1,0.3,ppm,3,NOAA,24,100,42101,Carbon monoxide,54,47260,"Virginia Beach-Norfolk-Newport News, VA-NC",51,Virginia,710,Norfolk City,36.85555,-76.30135
11/1/2023,AQS,517100024,1,0.3,ppm,3,NOAA,24,100,42101,Carbon monoxide,54,47260,"Virginia Beach-Norfolk-Newport News, VA-NC",51,Virginia,710,Norfolk City,36.85555,-76.30135
11/2/2023,AQS,517100024,1,0.3,ppm,3,NOAA,24,100,42101,Carbon monoxide,54,47260,"Virginia Beach-Norfolk-Newport News, VA-NC",51,Virginia,710,Norfolk City,36.85555,-76.30135
11/3/2023,AQS,517100024,1,0.5,ppm,6,NOAA,24,100,42101,Carbon monoxide,54,47260,"Virginia Beach-Norfolk-Newport News, VA-NC",51,Virginia,710,Norfolk City,36.85555,-76.30135
11/4/2023,AQS,517100024,1,0.4,ppm,5,NOAA,24,100,42101,Carbon monoxide,54,47260,"Virginia Beach-Norfolk-Newport News, VA-NC",51,Virginia,710,Norfolk City,36.85555,-76.30135
11/5/2023,AQS,517100024,1,0.8,ppm,9,NOAA,24,100,42101,Carbon monoxide,54,47260,"Virginia Beach-Norfolk-Newport News, VA-NC",51,Virginia,710,Norfolk City,36.85555,-76.30135
11/6/2023,AQS,517100024,1,0.8,ppm,9,NOAA,24,100,42101,Carbon monoxide,54,47260,"Virginia Beach-Norfolk-Newport News, VA-NC",51,Virginia,710,Norfolk City,36.85555,-76.30135
11/7/2023,AQS,517100024,1,0.4,ppm,5,NOAA,24,100,42101,Carbon monoxide,54,47260,"Virginia Beach-Norfolk-Newport News, VA-NC",51,Virginia,710,Norfolk City,36.85555,-76.30135
11/8/2023,AQS,517100024,1,0.4,ppm,5,NOAA,24,100,42101,Carbon monoxide,54,47260,"Virginia Beach-Norfolk-Newport News, VA-NC",51,Virginia,710,Norfolk City,36.85555,-76.30135
11/9/2023,AQS,517100024,1,0.4,ppm,5,NOAA,24,100,42101,Carbon monoxide,54,47260,"Virginia Beach-Norfolk-Newport News, VA-NC",51,Virginia,710,Norfolk City,36.85555,-76.30135
11/10/2023,AQS,517100024,1,0.4,ppm,5,NOAA,24,100,42101,Carbon monoxide,54,47260,"Virginia Beach-Norfolk-Newport News, VA-NC",51,Virginia,710,Norfolk City,36.85555,-76.30135
11/11/2023,AQS,517100024,1,0.2,ppm,2,NOAA,24,100,42101,Carbon monoxide,54,47260,"Virginia Beach-Norfolk-Newport News, VA-NC",51,Virginia,710,Norfolk City,36.85555,-76.30135
11/12/2023,AQS,517100024,1,0.2,ppm,2,NOAA,24,100,42101,Carbon monoxide,54,47260,"Virginia Beach-Norfolk-Newport News, VA-NC",51,Virginia,710,Norfolk City,36.85555,-76.30135
11/13/2023,AQS,517100024,1,0.2,ppm,2,NOAA,24,100,42101,Carbon monoxide,54,47260,"Virginia Beach-Norfolk-Newport News, VA-NC",51,Virginia,710,Norfolk City,36.85555,-76.30135
11/14/2023,AQS,517100024,1,0.2,ppm,2,NOAA,16,67,42101,Carbon monoxide,54,47260,"Virginia Beach-Norfolk-Newport News, VA-NC",51,Virginia,710,Norfolk City,36.85555,-76.30135
1/1/2023,AQS,517600025,1,0.5,ppm,6,Bryan Park,19,79,42101,Carbon monoxide,93,40060,"Richmond, VA",51,Virginia,760,Richmond City,37.59088,-77.46925
1/2/2023,AQS,517600025,1,0.5,ppm,6,Bryan Park,24,100,42101,Carbon monoxide,93,40060,"Richmond, VA",51,Virginia,760,Richmond City,37.59088,-77.46925
1/3/2023,AQS,517600025,1,0.4,ppm,5,Bryan Park,24,100,42101,Carbon monoxide,93,40060,"Richmond, VA",51,Virginia,760,Richmond City,37.59088,-77.46925
1/4/2023,AQS,517600025,1,0.4,ppm,5,Bryan Park,24,100,42101,Carbon monoxide,93,40060,"Richmond, VA",51,Virginia,760,Richmond City,37.59088,-77.46925
1/5/2023,AQS,517600025,1,0.6,ppm,7,Bryan Park,24,100,42101,Carbon monoxide,93,40060,"Richmond, VA",51,Virginia,760,Richmond City,37.59088,-77.46925
1/6/2023,AQS,517600025,1,0.6,ppm,7,Bryan Park,24,100,42101,Carbon monoxide,93,40060,"Richmond, VA",51,Virginia,760,Richmond City,37.59088,-77.46925
1/7/2023,AQS,517600025,1,0.4,ppm,5,Bryan Park,24,100,42101,Carbon monoxide,93,40060,"Richmond, VA",51,Virginia,760,Richmond City,37.59088,-77.46925
1/8/2023,AQS,517600025,1,0.5,ppm,6,Bryan Park,24,100,42101,Carbon monoxide,93,40060,"Richmond, VA",51,Virginia,760,Richmond City,37.59088,-77.46925
1/9/2023,AQS,517600025,1,0.4,ppm,5,Bryan Park,24,100,42101,Carbon monoxide,93,40060,"Richmond, VA",51,Virginia,760,Richmond City,37.59088,-77.46925
1/10/2023,AQS,517600025,1,0.5,ppm,6,Bryan Park,24,100,42101,Carbon monoxide,93,40060,"Richmond, VA",51,Virginia,760,Richmond City,37.59088,-77.46925
1/11/2023,AQS,517600025,1,0.5,ppm,6,Bryan Park,24,100,42101,Carbon monoxide,93,40060,"Richmond, VA",51,Virginia,760,Richmond City,37.59088,-77.46925
1/12/2023,AQS,517600025,1,0.5,ppm,6,Bryan Park,24,100,42101,Carbon monoxide,93,40060,"Richmond, VA",51,Virginia,760,Richmond City,37.59088,-77.46925
1/13/2023,AQS,517600025,1,0.4,ppm,5,Bryan Park,24,100,42101,Carbon monoxide,93,40060,"Richmond, VA",51,Virginia,760,Richmond City,37.59088,-77.46925
1/14/2023,AQS,517600025,1,0.2,ppm,2,Bryan Park,24,100,42101,Carbon monoxide,93,40060,"Richmond, VA",51,Virginia,760,Richmond City,37.59088,-77.46925
1/15/2023,AQS,517600025,1,0.2,ppm,2,Bryan Park,24,100,42101,Carbon monoxide,93,40060,"Richmond, VA",51,Virginia,760,Richmond City,37.59088,-77.46925
1/16/2023,AQS,517600025,1,0.5,ppm,6,Bryan Park,24,100,42101,Carbon monoxide,93,40060,"Richmond, VA",51,Virginia,760,Richmond City,37.59088,-77.46925
1/17/2023,AQS,517600025,1,0.5,ppm,6,Bryan Park,24,100,42101,Carbon monoxide,93,40060,"Richmond, VA",51,Virginia,760,Richmond City,37.59088,-77.46925
1/18/2023,AQS,517600025,1,0.5,ppm,6,Bryan Park,24,100,42101,Carbon monoxide,93,40060,"Richmond, VA",51,Virginia,760,Richmond City,37.59088,-77.46925
1/19/2023,AQS,517600025,1,0.6,ppm,7,Bryan Park,24,100,42101,Carbon monoxide,93,40060,"Richmond, VA",51,Virginia,760,Richmond City,37.59088,-77.46925
1/20/2023,AQS,517600025,1,0.4,ppm,5,Bryan Park,24,100,42101,Carbon monoxide,93,40060,"Richmond, VA",51,Virginia,760,Richmond City,37.59088,-77.46925
1/21/2023,AQS,517600025,1,0.4,ppm,5,Bryan Park,24,100,42101,Carbon monoxide,93,40060,"Richmond, VA",51,Virginia,760,Richmond City,37.59088,-77.46925
1/22/2023,AQS,517600025,1,0.4,ppm,5,Bryan Park,24,100,42101,Carbon monoxide,93,40060,"Richmond, VA",51,Virginia,760,Richmond City,37.59088,-77.46925
1/23/2023,AQS,517600025,1,0.3,ppm,3,Bryan Park,24,100,42101,Carbon monoxide,93,40060,"Richmond, VA",51,Virginia,760,Richmond City,37.59088,-77.46925
1/24/2023,AQS,517600025,1,0.6,ppm,7,Bryan Park,24,100,42101,Carbon monoxide,93,40060,"Richmond, VA",51,Virginia,760,Richmond City,37.59088,-77.46925
1/25/2023,AQS,517600025,1,0.8,ppm,9,Bryan Park,24,100,42101,Carbon monoxide,93,40060,"Richmond, VA",51,Virginia,760,Richmond City,37.59088,-77.46925
1/26/2023,AQS,517600025,1,0.4,ppm,5,Bryan Park,24,100,42101,Carbon monoxide,93,40060,"Richmond, VA",51,Virginia,760,Richmond City,37.59088,-77.46925
1/27/2023,AQS,517600025,1,0.4,ppm,5,Bryan Park,24,100,42101,Carbon monoxide,93,40060,"Richmond, VA",51,Virginia,760,Richmond City,37.59088,-77.46925
1/28/2023,AQS,517600025,1,0.5,ppm,6,Bryan Park,24,100,42101,Carbon monoxide,93,40060,"Richmond, VA",51,Virginia,760,Richmond City,37.59088,-77.46925
1/29/2023,AQS,517600025,1,0.5,ppm,6,Bryan Park,24,100,42101,Carbon monoxide,93,40060,"Richmond, VA",51,Virginia,760,Richmond City,37.59088,-77.46925
1/30/2023,AQS,517600025,1,0.4,ppm,5,Bryan Park,24,100,42101,Carbon monoxide,93,40060,"Richmond, VA",51,Virginia,760,Richmond City,37.59088,-77.46925
1/31/2023,AQS,517600025,1,0.4,ppm,5,Bryan Park,24,100,42101,Carbon monoxide,93,40060,"Richmond, VA",51,Virginia,760,Richmond City,37.59088,-77.46925
2/1/2023,AQS,517600025,1,0.3,ppm,3,Bryan Park,24,100,42101,Carbon monoxide,93,40060,"Richmond, VA",51,Virginia,760,Richmond City,37.59088,-77.46925
2/2/2023,AQS,517600025,1,0.4,ppm,5,Bryan Park,24,100,42101,Carbon monoxide,93,40060,"Richmond, VA",51,Virginia,760,Richmond City,37.59088,-77.46925
2/3/2023,AQS,517600025,1,0.3,ppm,3,Bryan Park,24,100,42101,Carbon monoxide,93,40060,"Richmond, VA",51,Virginia,760,Richmond City,37.59088,-77.46925
2/4/2023,AQS,517600025,1,0.3,ppm,3,Bryan Park,24,100,42101,Carbon monoxide,93,40060,"Richmond, VA",51,Virginia,760,Richmond City,37.59088,-77.46925
2/5/2023,AQS,517600025,1,0.3,ppm,3,Bryan Park,24,100,42101,Carbon monoxide,93,40060,"Richmond, VA",51,Virginia,760,Richmond City,37.59088,-77.46925
2/6/2023,AQS,517600025,1,0.3,ppm,3,Bryan Park,24,100,42101,Carbon monoxide,93,40060,"Richmond, VA",51,Virginia,760,Richmond City,37.59088,-77.46925
2/7/2023,AQS,517600025,1,0.5,ppm,6,Bryan Park,24,100,42101,Carbon monoxide,93,40060,"Richmond, VA",51,Virginia,760,Richmond City,37.59088,-77.46925
2/8/2023,AQS,517600025,1,0.5,ppm,6,Bryan Park,24,100,42101,Carbon monoxide,93,40060,"Richmond, VA",51,Virginia,760,Richmond City,37.59088,-77.46925
2/9/2023,AQS,517600025,1,0.4,ppm,5,Bryan Park,24,100,42101,Carbon monoxide,93,40060,"Richmond, VA",51,Virginia,760,Richmond City,37.59088,-77.46925
2/10/2023,AQS,517600025,1,0.3,ppm,3,Bryan Park,24,100,42101,Carbon monoxide,93,40060,"Richmond, VA",51,Virginia,760,Richmond City,37.59088,-77.46925
2/11/2023,AQS,517600025,1,0.3,ppm,3,Bryan Park,24,100,42101,Carbon monoxide,93,40060,"Richmond, VA",51,Virginia,760,Richmond City,37.59088,-77.46925
2/12/2023,AQS,517600025,1,0.3,ppm,3,Bryan Park,24,100,42101,Carbon monoxide,93,40060,"Richmond, VA",51,Virginia,760,Richmond City,37.59088,-77.46925
2/13/2023,AQS,517600025,1,0.3,ppm,3,Bryan Park,24,100,42101,Carbon monoxide,93,40060,"Richmond, VA",51,Virginia,760,Richmond City,37.59088,-77.46925
2/14/2023,AQS,517600025,1,0.5,ppm,6,Bryan Park,17,71,42101,Carbon monoxide,93,40060,"Richmond, VA",51,Virginia,760,Richmond City,37.59088,-77.46925
2/15/2023,AQS,517600025,1,0.4,ppm,5,Bryan Park,24,100,42101,Carbon monoxide,93,40060,"Richmond, VA",51,Virginia,760,Richmond City,37.59088,-77.46925
2/16/2023,AQS,517600025,1,0.5,ppm,6,Bryan Park,24,100,42101,Carbon monoxide,93,40060,"Richmond, VA",51,Virginia,760,Richmond City,37.59088,-77.46925
2/17/2023,AQS,517600025,1,0.4,ppm,5,Bryan Park,24,100,42101,Carbon monoxide,93,40060,"Richmond, VA",51,Virginia,760,Richmond City,37.59088,-77.46925
2/18/2023,AQS,517600025,1,0.4,ppm,5,Bryan Park,24,100,42101,Carbon monoxide,93,40060,"Richmond, VA",51,Virginia,760,Richmond City,37.59088,-77.46925
2/19/2023,AQS,517600025,1,0.4,ppm,5,Bryan Park,24,100,42101,Carbon monoxide,93,40060,"Richmond, VA",51,Virginia,760,Richmond City,37.59088,-77.46925
2/20/2023,AQS,517600025,1,0.3,ppm,3,Bryan Park,24,100,42101,Carbon monoxide,93,40060,"Richmond, VA",51,Virginia,760,Richmond City,37.59088,-77.46925
2/21/2023,AQS,517600025,1,0.3,ppm,3,Bryan Park,24,100,42101,Carbon monoxide,93,40060,"Richmond, VA",51,Virginia,760,Richmond City,37.59088,-77.46925
2/22/2023,AQS,517600025,1,0.5,ppm,6,Bryan Park,24,100,42101,Carbon monoxide,93,40060,"Richmond, VA",51,Virginia,760,Richmond City,37.59088,-77.46925
2/23/2023,AQS,517600025,1,0.4,ppm,5,Bryan Park,24,100,42101,Carbon monoxide,93,40060,"Richmond, VA",51,Virginia,760,Richmond City,37.59088,-77.46925
2/24/2023,AQS,517600025,1,0.3,ppm,3,Bryan Park,24,100,42101,Carbon monoxide,93,40060,"Richmond, VA",51,Virginia,760,Richmond City,37.59088,-77.46925
2/25/2023,AQS,517600025,1,0.3,ppm,3,Bryan Park,24,100,42101,Carbon monoxide,93,40060,"Richmond, VA",51,Virginia,760,Richmond City,37.59088,-77.46925
2/26/2023,AQS,517600025,1,0.5,ppm,6,Bryan Park,24,100,42101,Carbon monoxide,93,40060,"Richmond, VA",51,Virginia,760,Richmond City,37.59088,-77.46925
2/27/2023,AQS,517600025,1,0.6,ppm,7,Bryan Park,24,100,42101,Carbon monoxide,93,40060,"Richmond, VA",51,Virginia,760,Richmond City,37.59088,-77.46925
2/28/2023,AQS,517600025,1,0.5,ppm,6,Bryan Park,24,100,42101,Carbon monoxide,93,40060,"Richmond, VA",51,Virginia,760,Richmond City,37.59088,-77.46925
3/1/2023,AQS,517600025,1,0.5,ppm,6,Bryan Park,24,100,42101,Carbon monoxide,93,40060,"Richmond, VA",51,Virginia,760,Richmond City,37.59088,-77.46925
3/2/2023,AQS,517600025,1,0.5,ppm,6,Bryan Park,24,100,42101,Carbon monoxide,93,40060,"Richmond, VA",51,Virginia,760,Richmond City,37.59088,-77.46925
3/3/2023,AQS,517600025,1,0.4,ppm,5,Bryan Park,24,100,42101,Carbon monoxide,93,40060,"Richmond, VA",51,Virginia,760,Richmond City,37.59088,-77.46925
3/4/2023,AQS,517600025,1,0.3,ppm,3,Bryan Park,24,100,42101,Carbon monoxide,93,40060,"Richmond, VA",51,Virginia,760,Richmond City,37.59088,-77.46925
3/5/2023,AQS,517600025,1,0.5,ppm,6,Bryan Park,24,100,42101,Carbon monoxide,93,40060,"Richmond, VA",51,Virginia,760,Richmond City,37.59088,-77.46925
3/6/2023,AQS,517600025,1,0.5,ppm,6,Bryan Park,24,100,42101,Carbon monoxide,93,40060,"Richmond, VA",51,Virginia,760,Richmond City,37.59088,-77.46925
3/7/2023,AQS,517600025,1,0.5,ppm,6,Bryan Park,24,100,42101,Carbon monoxide,93,40060,"Richmond, VA",51,Virginia,760,Richmond City,37.59088,-77.46925
3/8/2023,AQS,517600025,1,0.2,ppm,2,Bryan Park,24,100,42101,Carbon monoxide,93,40060,"Richmond, VA",51,Virginia,760,Richmond City,37.59088,-77.46925
3/9/2023,AQS,517600025,1,0.3,ppm,3,Bryan Park,24,100,42101,Carbon monoxide,93,40060,"Richmond, VA",51,Virginia,760,Richmond City,37.59088,-77.46925
3/10/2023,AQS,517600025,1,0.4,ppm,5,Bryan Park,24,100,42101,Carbon monoxide,93,40060,"Richmond, VA",51,Virginia,760,Richmond City,37.59088,-77.46925
3/11/2023,AQS,517600025,1,0.3,ppm,3,Bryan Park,24,100,42101,Carbon monoxide,93,40060,"Richmond, VA",51,Virginia,760,Richmond City,37.59088,-77.46925
3/12/2023,AQS,517600025,1,0.3,ppm,3,Bryan Park,24,100,42101,Carbon monoxide,93,40060,"Richmond, VA",51,Virginia,760,Richmond City,37.59088,-77.46925
3/13/2023,AQS,517600025,1,0.3,ppm,3,Bryan Park,24,100,42101,Carbon monoxide,93,40060,"Richmond, VA",51,Virginia,760,Richmond City,37.59088,-77.46925
3/14/2023,AQS,517600025,1,0.2,ppm,2,Bryan Park,24,100,42101,Carbon monoxide,93,40060,"Richmond, VA",51,Virginia,760,Richmond City,37.59088,-77.46925
3/15/2023,AQS,517600025,1,0.1,ppm,1,Bryan Park,24,100,42101,Carbon monoxide,93,40060,"Richmond, VA",51,Virginia,760,Richmond City,37.59088,-77.46925
3/16/2023,AQS,517600025,1,0.4,ppm,5,Bryan Park,24,100,42101,Carbon monoxide,93,40060,"Richmond, VA",51,Virginia,760,Richmond City,37.59088,-77.46925
3/17/2023,AQS,517600025,1,0.4,ppm,5,Bryan Park,24,100,42101,Carbon monoxide,93,40060,"Richmond, VA",51,Virginia,760,Richmond City,37.59088,-77.46925
3/18/2023,AQS,517600025,1,0.3,ppm,3,Bryan Park,24,100,42101,Carbon monoxide,93,40060,"Richmond, VA",51,Virginia,760,Richmond City,37.59088,-77.46925
3/19/2023,AQS,517600025,1,0.2,ppm,2,Bryan Park,24,100,42101,Carbon monoxide,93,40060,"Richmond, VA",51,Virginia,760,Richmond City,37.59088,-77.46925
3/20/2023,AQS,517600025,1,0.4,ppm,5,Bryan Park,24,100,42101,Carbon monoxide,93,40060,"Richmond, VA",51,Virginia,760,Richmond City,37.59088,-77.46925
3/21/2023,AQS,517600025,1,0.5,ppm,6,Bryan Park,24,100,42101,Carbon monoxide,93,40060,"Richmond, VA",51,Virginia,760,Richmond City,37.59088,-77.46925
3/22/2023,AQS,517600025,1,0.4,ppm,5,Bryan Park,24,100,42101,Carbon monoxide,93,40060,"Richmond, VA",51,Virginia,760,Richmond City,37.59088,-77.46925
3/23/2023,AQS,517600025,1,0.3,ppm,3,Bryan Park,24,100,42101,Carbon monoxide,93,40060,"Richmond, VA",51,Virginia,760,Richmond City,37.59088,-77.46925
3/24/2023,AQS,517600025,1,0.4,ppm,5,Bryan Park,24,100,42101,Carbon monoxide,93,40060,"Richmond, VA",51,Virginia,760,Richmond City,37.59088,-77.46925
3/25/2023,AQS,517600025,1,0.4,ppm,5,Bryan Park,24,100,42101,Carbon monoxide,93,40060,"Richmond, VA",51,Virginia,760,Richmond City,37.59088,-77.46925
3/26/2023,AQS,517600025,1,0.4,ppm,5,Bryan Park,24,100,42101,Carbon monoxide,93,40060,"Richmond, VA",51,Virginia,760,Richmond City,37.59088,-77.46925
3/27/2023,AQS,517600025,1,0.4,ppm,5,Bryan Park,24,100,42101,Carbon monoxide,93,40060,"Richmond, VA",51,Virginia,760,Richmond City,37.59088,-77.46925
3/28/2023,AQS,517600025,1,0.4,ppm,5,Bryan Park,24,100,42101,Carbon monoxide,93,40060,"Richmond, VA",51,Virginia,760,Richmond City,37.59088,-77.46925
3/29/2023,AQS,517600025,1,0.3,ppm,3,Bryan Park,24,100,42101,Carbon monoxide,93,40060,"Richmond, VA",51,Virginia,760,Richmond City,37.59088,-77.46925
3/30/2023,AQS,517600025,1,0.3,ppm,3,Bryan Park,24,100,42101,Carbon monoxide,93,40060,"Richmond, VA",51,Virginia,760,Richmond City,37.59088,-77.46925
3/31/2023,AQS,517600025,1,0.4,ppm,5,Bryan Park,24,100,42101,Carbon monoxide,93,40060,"Richmond, VA",51,Virginia,760,Richmond City,37.59088,-77.46925
4/1/2023,AQS,517600025,1,0.3,ppm,3,Bryan Park,24,100,42101,Carbon monoxide,93,40060,"Richmond, VA",51,Virginia,760,Richmond City,37.59088,-77.46925
4/2/2023,AQS,517600025,1,0.3,ppm,3,Bryan Park,24,100,42101,Carbon monoxide,93,40060,"Richmond, VA",51,Virginia,760,Richmond City,37.59088,-77.46925
4/3/2023,AQS,517600025,1,0.4,ppm,5,Bryan Park,24,100,42101,Carbon monoxide,93,40060,"Richmond, VA",51,Virginia,760,Richmond City,37.59088,-77.46925
4/4/2023,AQS,517600025,1,0.4,ppm,5,Bryan Park,24,100,42101,Carbon monoxide,93,40060,"Richmond, VA",51,Virginia,760,Richmond City,37.59088,-77.46925
4/5/2023,AQS,517600025,1,0.5,ppm,6,Bryan Park,24,100,42101,Carbon monoxide,93,40060,"Richmond, VA",51,Virginia,760,Richmond City,37.59088,-77.46925
4/6/2023,AQS,517600025,1,0.4,ppm,5,Bryan Park,24,100,42101,Carbon monoxide,93,40060,"Richmond, VA",51,Virginia,760,Richmond City,37.59088,-77.46925
4/7/2023,AQS,517600025,1,0.3,ppm,3,Bryan Park,24,100,42101,Carbon monoxide,93,40060,"Richmond, VA",51,Virginia,760,Richmond City,37.59088,-77.46925
4/8/2023,AQS,517600025,1,0.3,ppm,3,Bryan Park,24,100,42101,Carbon monoxide,93,40060,"Richmond, VA",51,Virginia,760,Richmond City,37.59088,-77.46925
4/9/2023,AQS,517600025,1,0.3,ppm,3,Bryan Park,24,100,42101,Carbon monoxide,93,40060,"Richmond, VA",51,Virginia,760,Richmond City,37.59088,-77.46925
4/10/2023,AQS,517600025,1,0.3,ppm,3,Bryan Park,24,100,42101,Carbon monoxide,93,40060,"Richmond, VA",51,Virginia,760,Richmond City,37.59088,-77.46925
4/11/2023,AQS,517600025,1,0.3,ppm,3,Bryan Park,24,100,42101,Carbon monoxide,93,40060,"Richmond, VA",51,Virginia,760,Richmond City,37.59088,-77.46925
4/12/2023,AQS,517600025,1,0.3,ppm,3,Bryan Park,24,100,42101,Carbon monoxide,93,40060,"Richmond, VA",51,Virginia,760,Richmond City,37.59088,-77.46925
4/13/2023,AQS,517600025,1,0.3,ppm,3,Bryan Park,24,100,42101,Carbon monoxide,93,40060,"Richmond, VA",51,Virginia,760,Richmond City,37.59088,-77.46925
4/14/2023,AQS,517600025,1,0.4,ppm,5,Bryan Park,24,100,42101,Carbon monoxide,93,40060,"Richmond, VA",51,Virginia,760,Richmond City,37.59088,-77.46925
4/15/2023,AQS,517600025,1,0.4,ppm,5,Bryan Park,24,100,42101,Carbon monoxide,93,40060,"Richmond, VA",51,Virginia,760,Richmond City,37.59088,-77.46925
4/16/2023,AQS,517600025,1,0.4,ppm,5,Bryan Park,24,100,42101,Carbon monoxide,93,40060,"Richmond, VA",51,Virginia,760,Richmond City,37.59088,-77.46925
4/17/2023,AQS,517600025,1,0.4,ppm,5,Bryan Park,24,100,42101,Carbon monoxide,93,40060,"Richmond, VA",51,Virginia,760,Richmond City,37.59088,-77.46925
4/18/2023,AQS,517600025,1,0.3,ppm,3,Bryan Park,24,100,42101,Carbon monoxide,93,40060,"Richmond, VA",51,Virginia,760,Richmond City,37.59088,-77.46925
4/19/2023,AQS,517600025,1,0.3,ppm,3,Bryan Park,24,100,42101,Carbon monoxide,93,40060,"Richmond, VA",51,Virginia,760,Richmond City,37.59088,-77.46925
4/20/2023,AQS,517600025,1,0.4,ppm,5,Bryan Park,24,100,42101,Carbon monoxide,93,40060,"Richmond, VA",51,Virginia,760,Richmond City,37.59088,-77.46925
4/21/2023,AQS,517600025,1,0.5,ppm,6,Bryan Park,24,100,42101,Carbon monoxide,93,40060,"Richmond, VA",51,Virginia,760,Richmond City,37.59088,-77.46925
4/22/2023,AQS,517600025,1,0.4,ppm,5,Bryan Park,24,100,42101,Carbon monoxide,93,40060,"Richmond, VA",51,Virginia,760,Richmond City,37.59088,-77.46925
4/23/2023,AQS,517600025,1,0.3,ppm,3,Bryan Park,24,100,42101,Carbon monoxide,93,40060,"Richmond, VA",51,Virginia,760,Richmond City,37.59088,-77.46925
4/24/2023,AQS,517600025,1,0.2,ppm,2,Bryan Park,24,100,42101,Carbon monoxide,93,40060,"Richmond, VA",51,Virginia,760,Richmond City,37.59088,-77.46925
4/25/2023,AQS,517600025,1,0.3,ppm,3,Bryan Park,24,100,42101,Carbon monoxide,93,40060,"Richmond, VA",51,Virginia,760,Richmond City,37.59088,-77.46925
4/26/2023,AQS,517600025,1,0.4,ppm,5,Bryan Park,24,100,42101,Carbon monoxide,93,40060,"Richmond, VA",51,Virginia,760,Richmond City,37.59088,-77.46925
4/27/2023,AQS,517600025,1,0.4,ppm,5,Bryan Park,24,100,42101,Carbon monoxide,93,40060,"Richmond, VA",51,Virginia,760,Richmond City,37.59088,-77.46925
4/28/2023,AQS,517600025,1,0.3,ppm,3,Bryan Park,24,100,42101,Carbon monoxide,93,40060,"Richmond, VA",51,Virginia,760,Richmond City,37.59088,-77.46925
4/29/2023,AQS,517600025,1,0.4,ppm,5,Bryan Park,24,100,42101,Carbon monoxide,93,40060,"Richmond, VA",51,Virginia,760,Richmond City,37.59088,-77.46925
4/30/2023,AQS,517600025,1,0.4,ppm,5,Bryan Park,24,100,42101,Carbon monoxide,93,40060,"Richmond, VA",51,Virginia,760,Richmond City,37.59088,-77.46925
5/1/2023,AQS,517600025,1,0.2,ppm,2,Bryan Park,24,100,42101,Carbon monoxide,93,40060,"Richmond, VA",51,Virginia,760,Richmond City,37.59088,-77.46925
5/2/2023,AQS,517600025,1,0.2,ppm,2,Bryan Park,24,100,42101,Carbon monoxide,93,40060,"Richmond, VA",51,Virginia,760,Richmond City,37.59088,-77.46925
5/3/2023,AQS,517600025,1,0.3,ppm,3,Bryan Park,24,100,42101,Carbon monoxide,93,40060,"Richmond, VA",51,Virginia,760,Richmond City,37.59088,-77.46925
5/4/2023,AQS,517600025,1,0.3,ppm,3,Bryan Park,24,100,42101,Carbon monoxide,93,40060,"Richmond, VA",51,Virginia,760,Richmond City,37.59088,-77.46925
5/5/2023,AQS,517600025,1,0.3,ppm,3,Bryan Park,24,100,42101,Carbon monoxide,93,40060,"Richmond, VA",51,Virginia,760,Richmond City,37.59088,-77.46925
5/6/2023,AQS,517600025,1,0.3,ppm,3,Bryan Park,24,100,42101,Carbon monoxide,93,40060,"Richmond, VA",51,Virginia,760,Richmond City,37.59088,-77.46925
5/7/2023,AQS,517600025,1,0.3,ppm,3,Bryan Park,24,100,42101,Carbon monoxide,93,40060,"Richmond, VA",51,Virginia,760,Richmond City,37.59088,-77.46925
5/8/2023,AQS,517600025,1,0.3,ppm,3,Bryan Park,24,100,42101,Carbon monoxide,93,40060,"Richmond, VA",51,Virginia,760,Richmond City,37.59088,-77.46925
5/9/2023,AQS,517600025,1,0.3,ppm,3,Bryan Park,24,100,42101,Carbon monoxide,93,40060,"Richmond, VA",51,Virginia,760,Richmond City,37.59088,-77.46925
5/10/2023,AQS,517600025,1,0.3,ppm,3,Bryan Park,24,100,42101,Carbon monoxide,93,40060,"Richmond, VA",51,Virginia,760,Richmond City,37.59088,-77.46925
5/11/2023,AQS,517600025,1,0.3,ppm,3,Bryan Park,24,100,42101,Carbon monoxide,93,40060,"Richmond, VA",51,Virginia,760,Richmond City,37.59088,-77.46925
5/12/2023,AQS,517600025,1,0.4,ppm,5,Bryan Park,24,100,42101,Carbon monoxide,93,40060,"Richmond, VA",51,Virginia,760,Richmond City,37.59088,-77.46925
5/13/2023,AQS,517600025,1,0.3,ppm,3,Bryan Park,24,100,42101,Carbon monoxide,93,40060,"Richmond, VA",51,Virginia,760,Richmond City,37.59088,-77.46925
5/14/2023,AQS,517600025,1,0.4,ppm,5,Bryan Park,24,100,42101,Carbon monoxide,93,40060,"Richmond, VA",51,Virginia,760,Richmond City,37.59088,-77.46925
5/15/2023,AQS,517600025,1,0.4,ppm,5,Bryan Park,24,100,42101,Carbon monoxide,93,40060,"Richmond, VA",51,Virginia,760,Richmond City,37.59088,-77.46925
5/16/2023,AQS,517600025,1,0.3,ppm,3,Bryan Park,24,100,42101,Carbon monoxide,93,40060,"Richmond, VA",51,Virginia,760,Richmond City,37.59088,-77.46925
5/17/2023,AQS,517600025,1,0.3,ppm,3,Bryan Park,24,100,42101,Carbon monoxide,93,40060,"Richmond, VA",51,Virginia,760,Richmond City,37.59088,-77.46925
5/18/2023,AQS,517600025,1,0.3,ppm,3,Bryan Park,24,100,42101,Carbon monoxide,93,40060,"Richmond, VA",51,Virginia,760,Richmond City,37.59088,-77.46925
5/19/2023,AQS,517600025,1,0.3,ppm,3,Bryan Park,24,100,42101,Carbon monoxide,93,40060,"Richmond, VA",51,Virginia,760,Richmond City,37.59088,-77.46925
5/20/2023,AQS,517600025,1,0.3,ppm,3,Bryan Park,24,100,42101,Carbon monoxide,93,40060,"Richmond, VA",51,Virginia,760,Richmond City,37.59088,-77.46925
5/21/2023,AQS,517600025,1,0.3,ppm,3,Bryan Park,24,100,42101,Carbon monoxide,93,40060,"Richmond, VA",51,Virginia,760,Richmond City,37.59088,-77.46925
5/22/2023,AQS,517600025,1,0.4,ppm,5,Bryan Park,24,100,42101,Carbon monoxide,93,40060,"Richmond, VA",51,Virginia,760,Richmond City,37.59088,-77.46925
5/23/2023,AQS,517600025,1,0.3,ppm,3,Bryan Park,17,71,42101,Carbon monoxide,93,40060,"Richmond, VA",51,Virginia,760,Richmond City,37.59088,-77.46925
5/24/2023,AQS,517600025,1,0.3,ppm,3,Bryan Park,24,100,42101,Carbon monoxide,93,40060,"Richmond, VA",51,Virginia,760,Richmond City,37.59088,-77.46925
5/25/2023,AQS,517600025,1,0.4,ppm,5,Bryan Park,24,100,42101,Carbon monoxide,93,40060,"Richmond, VA",51,Virginia,760,Richmond City,37.59088,-77.46925
5/26/2023,AQS,517600025,1,0.3,ppm,3,Bryan Park,24,100,42101,Carbon monoxide,93,40060,"Richmond, VA",51,Virginia,760,Richmond City,37.59088,-77.46925
5/27/2023,AQS,517600025,1,0.3,ppm,3,Bryan Park,24,100,42101,Carbon monoxide,93,40060,"Richmond, VA",51,Virginia,760,Richmond City,37.59088,-77.46925
5/28/2023,AQS,517600025,1,0.3,ppm,3,Bryan Park,24,100,42101,Carbon monoxide,93,40060,"Richmond, VA",51,Virginia,760,Richmond City,37.59088,-77.46925
5/29/2023,AQS,517600025,1,0.3,ppm,3,Bryan Park,24,100,42101,Carbon monoxide,93,40060,"Richmond, VA",51,Virginia,760,Richmond City,37.59088,-77.46925
5/30/2023,AQS,517600025,1,0.4,ppm,5,Bryan Park,24,100,42101,Carbon monoxide,93,40060,"Richmond, VA",51,Virginia,760,Richmond City,37.59088,-77.46925
5/31/2023,AQS,517600025,1,0.3,ppm,3,Bryan Park,24,100,42101,Carbon monoxide,93,40060,"Richmond, VA",51,Virginia,760,Richmond City,37.59088,-77.46925
6/1/2023,AQS,517600025,1,0.4,ppm,5,Bryan Park,24,100,42101,Carbon monoxide,93,40060,"Richmond, VA",51,Virginia,760,Richmond City,37.59088,-77.46925
6/2/2023,AQS,517600025,1,0.4,ppm,5,Bryan Park,24,100,42101,Carbon monoxide,93,40060,"Richmond, VA",51,Virginia,760,Richmond City,37.59088,-77.46925
6/3/2023,AQS,517600025,1,0.7,ppm,8,Bryan Park,24,100,42101,Carbon monoxide,93,40060,"Richmond, VA",51,Virginia,760,Richmond City,37.59088,-77.46925
6/4/2023,AQS,517600025,1,0.3,ppm,3,Bryan Park,24,100,42101,Carbon monoxide,93,40060,"Richmond, VA",51,Virginia,760,Richmond City,37.59088,-77.46925
6/5/2023,AQS,517600025,1,0.3,ppm,3,Bryan Park,24,100,42101,Carbon monoxide,93,40060,"Richmond, VA",51,Virginia,760,Richmond City,37.59088,-77.46925
6/6/2023,AQS,517600025,1,0.4,ppm,5,Bryan Park,24,100,42101,Carbon monoxide,93,40060,"Richmond, VA",51,Virginia,760,Richmond City,37.59088,-77.46925
6/7/2023,AQS,517600025,1,0.7,ppm,8,Bryan Park,24,100,42101,Carbon monoxide,93,40060,"Richmond, VA",51,Virginia,760,Richmond City,37.59088,-77.46925
6/8/2023,AQS,517600025,1,0.6,ppm,7,Bryan Park,24,100,42101,Carbon monoxide,93,40060,"Richmond, VA",51,Virginia,760,Richmond City,37.59088,-77.46925
6/9/2023,AQS,517600025,1,0.6,ppm,7,Bryan Park,24,100,42101,Carbon monoxide,93,40060,"Richmond, VA",51,Virginia,760,Richmond City,37.59088,-77.46925
6/10/2023,AQS,517600025,1,0.4,ppm,5,Bryan Park,24,100,42101,Carbon monoxide,93,40060,"Richmond, VA",51,Virginia,760,Richmond City,37.59088,-77.46925
6/11/2023,AQS,517600025,1,0.4,ppm,5,Bryan Park,24,100,42101,Carbon monoxide,93,40060,"Richmond, VA",51,Virginia,760,Richmond City,37.59088,-77.46925
6/12/2023,AQS,517600025,1,0.4,ppm,5,Bryan Park,24,100,42101,Carbon monoxide,93,40060,"Richmond, VA",51,Virginia,760,Richmond City,37.59088,-77.46925
6/13/2023,AQS,517600025,1,0.4,ppm,5,Bryan Park,24,100,42101,Carbon monoxide,93,40060,"Richmond, VA",51,Virginia,760,Richmond City,37.59088,-77.46925
6/14/2023,AQS,517600025,1,0.3,ppm,3,Bryan Park,24,100,42101,Carbon monoxide,93,40060,"Richmond, VA",51,Virginia,760,Richmond City,37.59088,-77.46925
6/15/2023,AQS,517600025,1,0.4,ppm,5,Bryan Park,24,100,42101,Carbon monoxide,93,40060,"Richmond, VA",51,Virginia,760,Richmond City,37.59088,-77.46925
6/16/2023,AQS,517600025,1,0.5,ppm,6,Bryan Park,24,100,42101,Carbon monoxide,93,40060,"Richmond, VA",51,Virginia,760,Richmond City,37.59088,-77.46925
6/17/2023,AQS,517600025,1,0.4,ppm,5,Bryan Park,24,100,42101,Carbon monoxide,93,40060,"Richmond, VA",51,Virginia,760,Richmond City,37.59088,-77.46925
6/18/2023,AQS,517600025,1,0.4,ppm,5,Bryan Park,24,100,42101,Carbon monoxide,93,40060,"Richmond, VA",51,Virginia,760,Richmond City,37.59088,-77.46925
6/19/2023,AQS,517600025,1,0.5,ppm,6,Bryan Park,24,100,42101,Carbon monoxide,93,40060,"Richmond, VA",51,Virginia,760,Richmond City,37.59088,-77.46925
6/20/2023,AQS,517600025,1,0.4,ppm,5,Bryan Park,24,100,42101,Carbon monoxide,93,40060,"Richmond, VA",51,Virginia,760,Richmond City,37.59088,-77.46925
6/21/2023,AQS,517600025,1,0.3,ppm,3,Bryan Park,24,100,42101,Carbon monoxide,93,40060,"Richmond, VA",51,Virginia,760,Richmond City,37.59088,-77.46925
6/22/2023,AQS,517600025,1,0.4,ppm,5,Bryan Park,24,100,42101,Carbon monoxide,93,40060,"Richmond, VA",51,Virginia,760,Richmond City,37.59088,-77.46925
6/23/2023,AQS,517600025,1,0.5,ppm,6,Bryan Park,24,100,42101,Carbon monoxide,93,40060,"Richmond, VA",51,Virginia,760,Richmond City,37.59088,-77.46925
6/24/2023,AQS,517600025,1,0.4,ppm,5,Bryan Park,24,100,42101,Carbon monoxide,93,40060,"Richmond, VA",51,Virginia,760,Richmond City,37.59088,-77.46925
6/25/2023,AQS,517600025,1,0.4,ppm,5,Bryan Park,24,100,42101,Carbon monoxide,93,40060,"Richmond, VA",51,Virginia,760,Richmond City,37.59088,-77.46925
6/26/2023,AQS,517600025,1,0.5,ppm,6,Bryan Park,24,100,42101,Carbon monoxide,93,40060,"Richmond, VA",51,Virginia,760,Richmond City,37.59088,-77.46925
6/27/2023,AQS,517600025,1,0.4,ppm,5,Bryan Park,24,100,42101,Carbon monoxide,93,40060,"Richmond, VA",51,Virginia,760,Richmond City,37.59088,-77.46925
6/28/2023,AQS,517600025,1,0.8,ppm,9,Bryan Park,24,100,42101,Carbon monoxide,93,40060,"Richmond, VA",51,Virginia,760,Richmond City,37.59088,-77.46925
6/29/2023,AQS,517600025,1,1,ppm,11,Bryan Park,24,100,42101,Carbon monoxide,93,40060,"Richmond, VA",51,Virginia,760,Richmond City,37.59088,-77.46925
6/30/2023,AQS,517600025,1,0.9,ppm,10,Bryan Park,24,100,42101,Carbon monoxide,93,40060,"Richmond, VA",51,Virginia,760,Richmond City,37.59088,-77.46925
7/1/2023,AQS,517600025,1,0.8,ppm,9,Bryan Park,24,100,42101,Carbon monoxide,93,40060,"Richmond, VA",51,Virginia,760,Richmond City,37.59088,-77.46925
7/2/2023,AQS,517600025,1,0.5,ppm,6,Bryan Park,24,100,42101,Carbon monoxide,93,40060,"Richmond, VA",51,Virginia,760,Richmond City,37.59088,-77.46925
7/3/2023,AQS,517600025,1,0.4,ppm,5,Bryan Park,24,100,42101,Carbon monoxide,93,40060,"Richmond, VA",51,Virginia,760,Richmond City,37.59088,-77.46925
7/4/2023,AQS,517600025,1,0.3,ppm,3,Bryan Park,24,100,42101,Carbon monoxide,93,40060,"Richmond, VA",51,Virginia,760,Richmond City,37.59088,-77.46925
7/5/2023,AQS,517600025,1,0.4,ppm,5,Bryan Park,24,100,42101,Carbon monoxide,93,40060,"Richmond, VA",51,Virginia,760,Richmond City,37.59088,-77.46925
7/6/2023,AQS,517600025,1,0.5,ppm,6,Bryan Park,24,100,42101,Carbon monoxide,93,40060,"Richmond, VA",51,Virginia,760,Richmond City,37.59088,-77.46925
7/7/2023,AQS,517600025,1,0.5,ppm,6,Bryan Park,24,100,42101,Carbon monoxide,93,40060,"Richmond, VA",51,Virginia,760,Richmond City,37.59088,-77.46925
7/8/2023,AQS,517600025,1,0.5,ppm,6,Bryan Park,24,100,42101,Carbon monoxide,93,40060,"Richmond, VA",51,Virginia,760,Richmond City,37.59088,-77.46925
7/9/2023,AQS,517600025,1,0.4,ppm,5,Bryan Park,24,100,42101,Carbon monoxide,93,40060,"Richmond, VA",51,Virginia,760,Richmond City,37.59088,-77.46925
7/10/2023,AQS,517600025,1,0.4,ppm,5,Bryan Park,24,100,42101,Carbon monoxide,93,40060,"Richmond, VA",51,Virginia,760,Richmond City,37.59088,-77.46925
7/11/2023,AQS,517600025,1,0.4,ppm,5,Bryan Park,24,100,42101,Carbon monoxide,93,40060,"Richmond, VA",51,Virginia,760,Richmond City,37.59088,-77.46925
7/12/2023,AQS,517600025,1,0.4,ppm,5,Bryan Park,24,100,42101,Carbon monoxide,93,40060,"Richmond, VA",51,Virginia,760,Richmond City,37.59088,-77.46925
7/13/2023,AQS,517600025,1,0.5,ppm,6,Bryan Park,24,100,42101,Carbon monoxide,93,40060,"Richmond, VA",51,Virginia,760,Richmond City,37.59088,-77.46925
7/14/2023,AQS,517600025,1,0.3,ppm,3,Bryan Park,24,100,42101,Carbon monoxide,93,40060,"Richmond, VA",51,Virginia,760,Richmond City,37.59088,-77.46925
7/15/2023,AQS,517600025,1,0.4,ppm,5,Bryan Park,24,100,42101,Carbon monoxide,93,40060,"Richmond, VA",51,Virginia,760,Richmond City,37.59088,-77.46925
7/16/2023,AQS,517600025,1,0.4,ppm,5,Bryan Park,24,100,42101,Carbon monoxide,93,40060,"Richmond, VA",51,Virginia,760,Richmond City,37.59088,-77.46925
7/17/2023,AQS,517600025,1,0.5,ppm,6,Bryan Park,24,100,42101,Carbon monoxide,93,40060,"Richmond, VA",51,Virginia,760,Richmond City,37.59088,-77.46925
7/18/2023,AQS,517600025,1,0.5,ppm,6,Bryan Park,24,100,42101,Carbon monoxide,93,40060,"Richmond, VA",51,Virginia,760,Richmond City,37.59088,-77.46925
7/19/2023,AQS,517600025,1,0.5,ppm,6,Bryan Park,24,100,42101,Carbon monoxide,93,40060,"Richmond, VA",51,Virginia,760,Richmond City,37.59088,-77.46925
7/20/2023,AQS,517600025,1,0.4,ppm,5,Bryan Park,24,100,42101,Carbon monoxide,93,40060,"Richmond, VA",51,Virginia,760,Richmond City,37.59088,-77.46925
7/21/2023,AQS,517600025,1,0.4,ppm,5,Bryan Park,24,100,42101,Carbon monoxide,93,40060,"Richmond, VA",51,Virginia,760,Richmond City,37.59088,-77.46925
7/22/2023,AQS,517600025,1,0.5,ppm,6,Bryan Park,24,100,42101,Carbon monoxide,93,40060,"Richmond, VA",51,Virginia,760,Richmond City,37.59088,-77.46925
7/23/2023,AQS,517600025,1,0.6,ppm,7,Bryan Park,24,100,42101,Carbon monoxide,93,40060,"Richmond, VA",51,Virginia,760,Richmond City,37.59088,-77.46925
7/24/2023,AQS,517600025,1,0.5,ppm,6,Bryan Park,24,100,42101,Carbon monoxide,93,40060,"Richmond, VA",51,Virginia,760,Richmond City,37.59088,-77.46925
7/25/2023,AQS,517600025,1,0.5,ppm,6,Bryan Park,24,100,42101,Carbon monoxide,93,40060,"Richmond, VA",51,Virginia,760,Richmond City,37.59088,-77.46925
7/26/2023,AQS,517600025,1,0.6,ppm,7,Bryan Park,24,100,42101,Carbon monoxide,93,40060,"Richmond, VA",51,Virginia,760,Richmond City,37.59088,-77.46925
7/27/2023,AQS,517600025,1,0.6,ppm,7,Bryan Park,24,100,42101,Carbon monoxide,93,40060,"Richmond, VA",51,Virginia,760,Richmond City,37.59088,-77.46925
7/28/2023,AQS,517600025,1,0.5,ppm,6,Bryan Park,24,100,42101,Carbon monoxide,93,40060,"Richmond, VA",51,Virginia,760,Richmond City,37.59088,-77.46925
7/29/2023,AQS,517600025,1,0.4,ppm,5,Bryan Park,24,100,42101,Carbon monoxide,93,40060,"Richmond, VA",51,Virginia,760,Richmond City,37.59088,-77.46925
7/30/2023,AQS,517600025,1,0.4,ppm,5,Bryan Park,24,100,42101,Carbon monoxide,93,40060,"Richmond, VA",51,Virginia,760,Richmond City,37.59088,-77.46925
7/31/2023,AQS,517600025,1,0.4,ppm,5,Bryan Park,24,100,42101,Carbon monoxide,93,40060,"Richmond, VA",51,Virginia,760,Richmond City,37.59088,-77.46925
8/1/2023,AQS,517600025,1,0.3,ppm,3,Bryan Park,24,100,42101,Carbon monoxide,93,40060,"Richmond, VA",51,Virginia,760,Richmond City,37.59088,-77.46925
8/2/2023,AQS,517600025,1,0.5,ppm,6,Bryan Park,24,100,42101,Carbon monoxide,93,40060,"Richmond, VA",51,Virginia,760,Richmond City,37.59088,-77.46925
8/3/2023,AQS,517600025,1,0.4,ppm,5,Bryan Park,24,100,42101,Carbon monoxide,93,40060,"Richmond, VA",51,Virginia,760,Richmond City,37.59088,-77.46925
8/4/2023,AQS,517600025,1,0.5,ppm,6,Bryan Park,24,100,42101,Carbon monoxide,93,40060,"Richmond, VA",51,Virginia,760,Richmond City,37.59088,-77.46925
8/5/2023,AQS,517600025,1,0.5,ppm,6,Bryan Park,24,100,42101,Carbon monoxide,93,40060,"Richmond, VA",51,Virginia,760,Richmond City,37.59088,-77.46925
8/6/2023,AQS,517600025,1,0.5,ppm,6,Bryan Park,24,100,42101,Carbon monoxide,93,40060,"Richmond, VA",51,Virginia,760,Richmond City,37.59088,-77.46925
8/7/2023,AQS,517600025,1,0.4,ppm,5,Bryan Park,24,100,42101,Carbon monoxide,93,40060,"Richmond, VA",51,Virginia,760,Richmond City,37.59088,-77.46925
8/8/2023,AQS,517600025,1,0.3,ppm,3,Bryan Park,24,100,42101,Carbon monoxide,93,40060,"Richmond, VA",51,Virginia,760,Richmond City,37.59088,-77.46925
8/9/2023,AQS,517600025,1,0.3,ppm,3,Bryan Park,24,100,42101,Carbon monoxide,93,40060,"Richmond, VA",51,Virginia,760,Richmond City,37.59088,-77.46925
8/10/2023,AQS,517600025,1,0.5,ppm,6,Bryan Park,24,100,42101,Carbon monoxide,93,40060,"Richmond, VA",51,Virginia,760,Richmond City,37.59088,-77.46925
8/11/2023,AQS,517600025,1,0.4,ppm,5,Bryan Park,18,75,42101,Carbon monoxide,93,40060,"Richmond, VA",51,Virginia,760,Richmond City,37.59088,-77.46925
8/12/2023,AQS,517600025,1,0.5,ppm,6,Bryan Park,24,100,42101,Carbon monoxide,93,40060,"Richmond, VA",51,Virginia,760,Richmond City,37.59088,-77.46925
8/13/2023,AQS,517600025,1,0.4,ppm,5,Bryan Park,24,100,42101,Carbon monoxide,93,40060,"Richmond, VA",51,Virginia,760,Richmond City,37.59088,-77.46925
8/14/2023,AQS,517600025,1,0.5,ppm,6,Bryan Park,24,100,42101,Carbon monoxide,93,40060,"Richmond, VA",51,Virginia,760,Richmond City,37.59088,-77.46925
8/15/2023,AQS,517600025,1,0.5,ppm,6,Bryan Park,24,100,42101,Carbon monoxide,93,40060,"Richmond, VA",51,Virginia,760,Richmond City,37.59088,-77.46925
8/16/2023,AQS,517600025,1,0.4,ppm,5,Bryan Park,24,100,42101,Carbon monoxide,93,40060,"Richmond, VA",51,Virginia,760,Richmond City,37.59088,-77.46925
8/17/2023,AQS,517600025,1,0.5,ppm,6,Bryan Park,24,100,42101,Carbon monoxide,93,40060,"Richmond, VA",51,Virginia,760,Richmond City,37.59088,-77.46925
8/18/2023,AQS,517600025,1,0.4,ppm,5,Bryan Park,24,100,42101,Carbon monoxide,93,40060,"Richmond, VA",51,Virginia,760,Richmond City,37.59088,-77.46925
8/19/2023,AQS,517600025,1,0.5,ppm,6,Bryan Park,24,100,42101,Carbon monoxide,93,40060,"Richmond, VA",51,Virginia,760,Richmond City,37.59088,-77.46925
8/20/2023,AQS,517600025,1,0.7,ppm,8,Bryan Park,24,100,42101,Carbon monoxide,93,40060,"Richmond, VA",51,Virginia,760,Richmond City,37.59088,-77.46925
8/21/2023,AQS,517600025,1,0.6,ppm,7,Bryan Park,24,100,42101,Carbon monoxide,93,40060,"Richmond, VA",51,Virginia,760,Richmond City,37.59088,-77.46925
8/22/2023,AQS,517600025,1,0.6,ppm,7,Bryan Park,24,100,42101,Carbon monoxide,93,40060,"Richmond, VA",51,Virginia,760,Richmond City,37.59088,-77.46925
8/23/2023,AQS,517600025,1,0.4,ppm,5,Bryan Park,24,100,42101,Carbon monoxide,93,40060,"Richmond, VA",51,Virginia,760,Richmond City,37.59088,-77.46925
8/24/2023,AQS,517600025,1,0.5,ppm,6,Bryan Park,24,100,42101,Carbon monoxide,93,40060,"Richmond, VA",51,Virginia,760,Richmond City,37.59088,-77.46925
8/25/2023,AQS,517600025,1,0.5,ppm,6,Bryan Park,24,100,42101,Carbon monoxide,93,40060,"Richmond, VA",51,Virginia,760,Richmond City,37.59088,-77.46925
8/26/2023,AQS,517600025,1,0.4,ppm,5,Bryan Park,24,100,42101,Carbon monoxide,93,40060,"Richmond, VA",51,Virginia,760,Richmond City,37.59088,-77.46925
8/27/2023,AQS,517600025,1,0.5,ppm,6,Bryan Park,24,100,42101,Carbon monoxide,93,40060,"Richmond, VA",51,Virginia,760,Richmond City,37.59088,-77.46925
8/28/2023,AQS,517600025,1,0.5,ppm,6,Bryan Park,24,100,42101,Carbon monoxide,93,40060,"Richmond, VA",51,Virginia,760,Richmond City,37.59088,-77.46925
8/29/2023,AQS,517600025,1,0.4,ppm,5,Bryan Park,24,100,42101,Carbon monoxide,93,40060,"Richmond, VA",51,Virginia,760,Richmond City,37.59088,-77.46925
8/30/2023,AQS,517600025,1,0.5,ppm,6,Bryan Park,24,100,42101,Carbon monoxide,93,40060,"Richmond, VA",51,Virginia,760,Richmond City,37.59088,-77.46925
8/31/2023,AQS,517600025,1,0.4,ppm,5,Bryan Park,24,100,42101,Carbon monoxide,93,40060,"Richmond, VA",51,Virginia,760,Richmond City,37.59088,-77.46925
9/1/2023,AQS,517600025,1,0.4,ppm,5,Bryan Park,24,100,42101,Carbon monoxide,93,40060,"Richmond, VA",51,Virginia,760,Richmond City,37.59088,-77.46925
9/2/2023,AQS,517600025,1,0.4,ppm,5,Bryan Park,24,100,42101,Carbon monoxide,93,40060,"Richmond, VA",51,Virginia,760,Richmond City,37.59088,-77.46925
9/3/2023,AQS,517600025,1,0.4,ppm,5,Bryan Park,24,100,42101,Carbon monoxide,93,40060,"Richmond, VA",51,Virginia,760,Richmond City,37.59088,-77.46925
9/4/2023,AQS,517600025,1,0.4,ppm,5,Bryan Park,24,100,42101,Carbon monoxide,93,40060,"Richmond, VA",51,Virginia,760,Richmond City,37.59088,-77.46925
9/5/2023,AQS,517600025,1,0.4,ppm,5,Bryan Park,24,100,42101,Carbon monoxide,93,40060,"Richmond, VA",51,Virginia,760,Richmond City,37.59088,-77.46925
9/6/2023,AQS,517600025,1,0.5,ppm,6,Bryan Park,24,100,42101,Carbon monoxide,93,40060,"Richmond, VA",51,Virginia,760,Richmond City,37.59088,-77.46925
9/7/2023,AQS,517600025,1,0.6,ppm,7,Bryan Park,24,100,42101,Carbon monoxide,93,40060,"Richmond, VA",51,Virginia,760,Richmond City,37.59088,-77.46925
9/8/2023,AQS,517600025,1,0.6,ppm,7,Bryan Park,24,100,42101,Carbon monoxide,93,40060,"Richmond, VA",51,Virginia,760,Richmond City,37.59088,-77.46925
9/9/2023,AQS,517600025,1,0.5,ppm,6,Bryan Park,24,100,42101,Carbon monoxide,93,40060,"Richmond, VA",51,Virginia,760,Richmond City,37.59088,-77.46925
9/10/2023,AQS,517600025,1,0.3,ppm,3,Bryan Park,24,100,42101,Carbon monoxide,93,40060,"Richmond, VA",51,Virginia,760,Richmond City,37.59088,-77.46925
9/11/2023,AQS,517600025,1,0.4,ppm,5,Bryan Park,24,100,42101,Carbon monoxide,93,40060,"Richmond, VA",51,Virginia,760,Richmond City,37.59088,-77.46925
9/12/2023,AQS,517600025,1,0.5,ppm,6,Bryan Park,24,100,42101,Carbon monoxide,93,40060,"Richmond, VA",51,Virginia,760,Richmond City,37.59088,-77.46925
9/13/2023,AQS,517600025,1,0.4,ppm,5,Bryan Park,24,100,42101,Carbon monoxide,93,40060,"Richmond, VA",51,Virginia,760,Richmond City,37.59088,-77.46925
9/14/2023,AQS,517600025,1,1.1,ppm,13,Bryan Park,24,100,42101,Carbon monoxide,93,40060,"Richmond, VA",51,Virginia,760,Richmond City,37.59088,-77.46925
9/15/2023,AQS,517600025,1,1.1,ppm,13,Bryan Park,9,38,42101,Carbon monoxide,93,40060,"Richmond, VA",51,Virginia,760,Richmond City,37.59088,-77.46925
9/18/2023,AQS,517600025,1,0.4,ppm,5,Bryan Park,6,25,42101,Carbon monoxide,54,40060,"Richmond, VA",51,Virginia,760,Richmond City,37.59088,-77.46925
9/19/2023,AQS,517600025,1,0.5,ppm,6,Bryan Park,24,100,42101,Carbon monoxide,54,40060,"Richmond, VA",51,Virginia,760,Richmond City,37.59088,-77.46925
9/20/2023,AQS,517600025,1,0.5,ppm,6,Bryan Park,24,100,42101,Carbon monoxide,54,40060,"Richmond, VA",51,Virginia,760,Richmond City,37.59088,-77.46925
9/21/2023,AQS,517600025,1,0.3,ppm,3,Bryan Park,24,100,42101,Carbon monoxide,54,40060,"Richmond, VA",51,Virginia,760,Richmond City,37.59088,-77.46925
9/22/2023,AQS,517600025,1,0.4,ppm,5,Bryan Park,24,100,42101,Carbon monoxide,54,40060,"Richmond, VA",51,Virginia,760,Richmond City,37.59088,-77.46925
9/23/2023,AQS,517600025,1,0.4,ppm,5,Bryan Park,24,100,42101,Carbon monoxide,54,40060,"Richmond, VA",51,Virginia,760,Richmond City,37.59088,-77.46925
9/24/2023,AQS,517600025,1,0.5,ppm,6,Bryan Park,24,100,42101,Carbon monoxide,54,40060,"Richmond, VA",51,Virginia,760,Richmond City,37.59088,-77.46925
9/25/2023,AQS,517600025,1,0.5,ppm,6,Bryan Park,24,100,42101,Carbon monoxide,54,40060,"Richmond, VA",51,Virginia,760,Richmond City,37.59088,-77.46925
9/26/2023,AQS,517600025,1,0.6,ppm,7,Bryan Park,24,100,42101,Carbon monoxide,54,40060,"Richmond, VA",51,Virginia,760,Richmond City,37.59088,-77.46925
9/27/2023,AQS,517600025,1,0.5,ppm,6,Bryan Park,24,100,42101,Carbon monoxide,54,40060,"Richmond, VA",51,Virginia,760,Richmond City,37.59088,-77.46925
9/28/2023,AQS,517600025,1,0.6,ppm,7,Bryan Park,24,100,42101,Carbon monoxide,54,40060,"Richmond, VA",51,Virginia,760,Richmond City,37.59088,-77.46925
9/29/2023,AQS,517600025,1,0.4,ppm,5,Bryan Park,24,100,42101,Carbon monoxide,54,40060,"Richmond, VA",51,Virginia,760,Richmond City,37.59088,-77.46925
9/30/2023,AQS,517600025,1,0.4,ppm,5,Bryan Park,24,100,42101,Carbon monoxide,54,40060,"Richmond, VA",51,Virginia,760,Richmond City,37.59088,-77.46925
10/1/2023,AQS,517600025,1,0.5,ppm,6,Bryan Park,24,100,42101,Carbon monoxide,54,40060,"Richmond, VA",51,Virginia,760,Richmond City,37.59088,-77.46925
10/2/2023,AQS,517600025,1,0.6,ppm,7,Bryan Park,24,100,42101,Carbon monoxide,54,40060,"Richmond, VA",51,Virginia,760,Richmond City,37.59088,-77.46925
10/3/2023,AQS,517600025,1,0.7,ppm,8,Bryan Park,24,100,42101,Carbon monoxide,54,40060,"Richmond, VA",51,Virginia,760,Richmond City,37.59088,-77.46925
10/4/2023,AQS,517600025,1,0.6,ppm,7,Bryan Park,24,100,42101,Carbon monoxide,54,40060,"Richmond, VA",51,Virginia,760,Richmond City,37.59088,-77.46925
10/5/2023,AQS,517600025,1,0.6,ppm,7,Bryan Park,24,100,42101,Carbon monoxide,54,40060,"Richmond, VA",51,Virginia,760,Richmond City,37.59088,-77.46925
10/6/2023,AQS,517600025,1,0.6,ppm,7,Bryan Park,24,100,42101,Carbon monoxide,54,40060,"Richmond, VA",51,Virginia,760,Richmond City,37.59088,-77.46925
10/7/2023,AQS,517600025,1,0.7,ppm,8,Bryan Park,24,100,42101,Carbon monoxide,54,40060,"Richmond, VA",51,Virginia,760,Richmond City,37.59088,-77.46925
10/8/2023,AQS,517600025,1,0.6,ppm,7,Bryan Park,24,100,42101,Carbon monoxide,54,40060,"Richmond, VA",51,Virginia,760,Richmond City,37.59088,-77.46925
10/9/2023,AQS,517600025,1,0.7,ppm,8,Bryan Park,24,100,42101,Carbon monoxide,54,40060,"Richmond, VA",51,Virginia,760,Richmond City,37.59088,-77.46925
10/10/2023,AQS,517600025,1,1,ppm,11,Bryan Park,24,100,42101,Carbon monoxide,54,40060,"Richmond, VA",51,Virginia,760,Richmond City,37.59088,-77.46925
10/11/2023,AQS,517600025,1,1.1,ppm,13,Bryan Park,24,100,42101,Carbon monoxide,54,40060,"Richmond, VA",51,Virginia,760,Richmond City,37.59088,-77.46925
10/12/2023,AQS,517600025,1,0.7,ppm,8,Bryan Park,24,100,42101,Carbon monoxide,54,40060,"Richmond, VA",51,Virginia,760,Richmond City,37.59088,-77.46925
10/13/2023,AQS,517600025,1,0.8,ppm,9,Bryan Park,24,100,42101,Carbon monoxide,54,40060,"Richmond, VA",51,Virginia,760,Richmond City,37.59088,-77.46925
10/14/2023,AQS,517600025,1,0.8,ppm,9,Bryan Park,24,100,42101,Carbon monoxide,54,40060,"Richmond, VA",51,Virginia,760,Richmond City,37.59088,-77.46925
10/15/2023,AQS,517600025,1,0.7,ppm,8,Bryan Park,24,100,42101,Carbon monoxide,54,40060,"Richmond, VA",51,Virginia,760,Richmond City,37.59088,-77.46925
10/16/2023,AQS,517600025,1,0.7,ppm,8,Bryan Park,24,100,42101,Carbon monoxide,54,40060,"Richmond, VA",51,Virginia,760,Richmond City,37.59088,-77.46925
10/17/2023,AQS,517600025,1,0.8,ppm,9,Bryan Park,24,100,42101,Carbon monoxide,54,40060,"Richmond, VA",51,Virginia,760,Richmond City,37.59088,-77.46925
10/18/2023,AQS,517600025,1,0.5,ppm,6,Bryan Park,24,100,42101,Carbon monoxide,54,40060,"Richmond, VA",51,Virginia,760,Richmond City,37.59088,-77.46925
10/19/2023,AQS,517600025,1,0.7,ppm,8,Bryan Park,24,100,42101,Carbon monoxide,54,40060,"Richmond, VA",51,Virginia,760,Richmond City,37.59088,-77.46925
10/20/2023,AQS,517600025,1,0.8,ppm,9,Bryan Park,24,100,42101,Carbon monoxide,54,40060,"Richmond, VA",51,Virginia,760,Richmond City,37.59088,-77.46925
10/21/2023,AQS,517600025,1,0.7,ppm,8,Bryan Park,4,17,42101,Carbon monoxide,54,40060,"Richmond, VA",51,Virginia,760,Richmond City,37.59088,-77.46925
10/24/2023,AQS,517600025,1,0.5,ppm,6,Bryan Park,10,42,42101,Carbon monoxide,54,40060,"Richmond, VA",51,Virginia,760,Richmond City,37.59088,-77.46925
10/25/2023,AQS,517600025,1,0.5,ppm,6,Bryan Park,24,100,42101,Carbon monoxide,54,40060,"Richmond, VA",51,Virginia,760,Richmond City,37.59088,-77.46925
10/26/2023,AQS,517600025,1,0.7,ppm,8,Bryan Park,24,100,42101,Carbon monoxide,54,40060,"Richmond, VA",51,Virginia,760,Richmond City,37.59088,-77.46925
10/27/2023,AQS,517600025,1,0.5,ppm,6,Bryan Park,24,100,42101,Carbon monoxide,54,40060,"Richmond, VA",51,Virginia,760,Richmond City,37.59088,-77.46925
10/28/2023,AQS,517600025,1,0.7,ppm,8,Bryan Park,24,100,42101,Carbon monoxide,54,40060,"Richmond, VA",51,Virginia,760,Richmond City,37.59088,-77.46925
10/29/2023,AQS,517600025,1,0.8,ppm,9,Bryan Park,24,100,42101,Carbon monoxide,54,40060,"Richmond, VA",51,Virginia,760,Richmond City,37.59088,-77.46925
10/30/2023,AQS,517600025,1,0.6,ppm,7,Bryan Park,24,100,42101,Carbon monoxide,54,40060,"Richmond, VA",51,Virginia,760,Richmond City,37.59088,-77.46925
10/31/2023,AQS,517600025,1,0.6,ppm,7,Bryan Park,24,100,42101,Carbon monoxide,54,40060,"Richmond, VA",51,Virginia,760,Richmond City,37.59088,-77.46925
11/1/2023,AQS,517600025,1,0.5,ppm,6,Bryan Park,24,100,42101,Carbon monoxide,54,40060,"Richmond, VA",51,Virginia,760,Richmond City,37.59088,-77.46925
11/2/2023,AQS,517600025,1,0.6,ppm,7,Bryan Park,24,100,42101,Carbon monoxide,54,40060,"Richmond, VA",51,Virginia,760,Richmond City,37.59088,-77.46925
11/3/2023,AQS,517600025,1,0.8,ppm,9,Bryan Park,24,100,42101,Carbon monoxide,54,40060,"Richmond, VA",51,Virginia,760,Richmond City,37.59088,-77.46925
11/4/2023,AQS,517600025,1,0.9,ppm,10,Bryan Park,24,100,42101,Carbon monoxide,54,40060,"Richmond, VA",51,Virginia,760,Richmond City,37.59088,-77.46925
11/5/2023,AQS,517600025,1,1.3,ppm,15,Bryan Park,24,100,42101,Carbon monoxide,54,40060,"Richmond, VA",51,Virginia,760,Richmond City,37.59088,-77.46925
11/6/2023,AQS,517600025,1,0.7,ppm,8,Bryan Park,24,100,42101,Carbon monoxide,54,40060,"Richmond, VA",51,Virginia,760,Richmond City,37.59088,-77.46925
11/7/2023,AQS,517600025,1,0.7,ppm,8,Bryan Park,24,100,42101,Carbon monoxide,54,40060,"Richmond, VA",51,Virginia,760,Richmond City,37.59088,-77.46925
11/8/2023,AQS,517600025,1,0.6,ppm,7,Bryan Park,24,100,42101,Carbon monoxide,54,40060,"Richmond, VA",51,Virginia,760,Richmond City,37.59088,-77.46925
11/9/2023,AQS,517600025,1,0.6,ppm,7,Bryan Park,24,100,42101,Carbon monoxide,54,40060,"Richmond, VA",51,Virginia,760,Richmond City,37.59088,-77.46925
11/10/2023,AQS,517600025,1,0.6,ppm,7,Bryan Park,24,100,42101,Carbon monoxide,54,40060,"Richmond, VA",51,Virginia,760,Richmond City,37.59088,-77.46925
11/11/2023,AQS,517600025,1,0.7,ppm,8,Bryan Park,24,100,42101,Carbon monoxide,54,40060,"Richmond, VA",51,Virginia,760,Richmond City,37.59088,-77.46925
11/12/2023,AQS,517600025,1,0.8,ppm,9,Bryan Park,24,100,42101,Carbon monoxide,54,40060,"Richmond, VA",51,Virginia,760,Richmond City,37.59088,-77.46925
11/13/2023,AQS,517600025,1,0.6,ppm,7,Bryan Park,24,100,42101,Carbon monoxide,54,40060,"Richmond, VA",51,Virginia,760,Richmond City,37.59088,-77.46925
11/14/2023,AQS,517600025,1,0.7,ppm,8,Bryan Park,24,100,42101,Carbon monoxide,54,40060,"Richmond, VA",51,Virginia,760,Richmond City,37.59088,-77.46925
11/15/2023,AQS,517600025,1,0.9,ppm,10,Bryan Park,24,100,42101,Carbon monoxide,54,40060,"Richmond, VA",51,Virginia,760,Richmond City,37.59088,-77.46925
11/16/2023,AQS,517600025,1,0.7,ppm,8,Bryan Park,24,100,42101,Carbon monoxide,54,40060,"Richmond, VA",51,Virginia,760,Richmond City,37.59088,-77.46925
11/17/2023,AQS,517600025,1,0.7,ppm,8,Bryan Park,24,100,42101,Carbon monoxide,54,40060,"Richmond, VA",51,Virginia,760,Richmond City,37.59088,-77.46925
11/18/2023,AQS,517600025,1,0.6,ppm,7,Bryan Park,24,100,42101,Carbon monoxide,54,40060,"Richmond, VA",51,Virginia,760,Richmond City,37.59088,-77.46925
11/19/2023,AQS,517600025,1,0.7,ppm,8,Bryan Park,24,100,42101,Carbon monoxide,54,40060,"Richmond, VA",51,Virginia,760,Richmond City,37.59088,-77.46925
11/20/2023,AQS,517600025,1,0.9,ppm,10,Bryan Park,24,100,42101,Carbon monoxide,54,40060,"Richmond, VA",51,Virginia,760,Richmond City,37.59088,-77.46925
11/21/2023,AQS,517600025,1,0.5,ppm,6,Bryan Park,24,100,42101,Carbon monoxide,54,40060,"Richmond, VA",51,Virginia,760,Richmond City,37.59088,-77.46925
11/22/2023,AQS,517600025,1,0.4,ppm,5,Bryan Park,24,100,42101,Carbon monoxide,54,40060,"Richmond, VA",51,Virginia,760,Richmond City,37.59088,-77.46925
11/23/2023,AQS,517600025,1,0.7,ppm,8,Bryan Park,24,100,42101,Carbon monoxide,54,40060,"Richmond, VA",51,Virginia,760,Richmond City,37.59088,-77.46925
11/24/2023,AQS,517600025,1,0.9,ppm,10,Bryan Park,24,100,42101,Carbon monoxide,54,40060,"Richmond, VA",51,Virginia,760,Richmond City,37.59088,-77.46925
11/25/2023,AQS,517600025,1,0.4,ppm,5,Bryan Park,24,100,42101,Carbon monoxide,54,40060,"Richmond, VA",51,Virginia,760,Richmond City,37.59088,-77.46925
11/26/2023,AQS,517600025,1,0.5,ppm,6,Bryan Park,24,100,42101,Carbon monoxide,54,40060,"Richmond, VA",51,Virginia,760,Richmond City,37.59088,-77.46925
11/27/2023,AQS,517600025,1,0.5,ppm,6,Bryan Park,24,100,42101,Carbon monoxide,54,40060,"Richmond, VA",51,Virginia,760,Richmond City,37.59088,-77.46925
11/28/2023,AQS,517600025,1,0.4,ppm,5,Bryan Park,24,100,42101,Carbon monoxide,54,40060,"Richmond, VA",51,Virginia,760,Richmond City,37.59088,-77.46925
11/29/2023,AQS,517600025,1,0.6,ppm,7,Bryan Park,24,100,42101,Carbon monoxide,54,40060,"Richmond, VA",51,Virginia,760,Richmond City,37.59088,-77.46925
11/30/2023,AQS,517600025,1,0.6,ppm,7,Bryan Park,24,100,42101,Carbon monoxide,54,40060,"Richmond, VA",51,Virginia,760,Richmond City,37.59088,-77.46925
12/1/2023,AQS,517600025,1,0.7,ppm,8,Bryan Park,24,100,42101,Carbon monoxide,54,40060,"Richmond, VA",51,Virginia,760,Richmond City,37.59088,-77.46925
12/2/2023,AQS,517600025,1,0.8,ppm,9,Bryan Park,24,100,42101,Carbon monoxide,54,40060,"Richmond, VA",51,Virginia,760,Richmond City,37.59088,-77.46925
12/3/2023,AQS,517600025,1,0.8,ppm,9,Bryan Park,24,100,42101,Carbon monoxide,54,40060,"Richmond, VA",51,Virginia,760,Richmond City,37.59088,-77.46925
12/4/2023,AQS,517600025,1,0.5,ppm,6,Bryan Park,24,100,42101,Carbon monoxide,54,40060,"Richmond, VA",51,Virginia,760,Richmond City,37.59088,-77.46925
12/5/2023,AQS,517600025,1,0.7,ppm,8,Bryan Park,24,100,42101,Carbon monoxide,54,40060,"Richmond, VA",51,Virginia,760,Richmond City,37.59088,-77.46925
12/6/2023,AQS,517600025,1,0.3,ppm,3,Bryan Park,24,100,42101,Carbon monoxide,54,40060,"Richmond, VA",51,Virginia,760,Richmond City,37.59088,-77.46925
12/7/2023,AQS,517600025,1,0.5,ppm,6,Bryan Park,24,100,42101,Carbon monoxide,54,40060,"Richmond, VA",51,Virginia,760,Richmond City,37.59088,-77.46925
12/8/2023,AQS,517600025,1,0.7,ppm,8,Bryan Park,24,100,42101,Carbon monoxide,54,40060,"Richmond, VA",51,Virginia,760,Richmond City,37.59088,-77.46925
12/9/2023,AQS,517600025,1,0.7,ppm,8,Bryan Park,24,100,42101,Carbon monoxide,54,40060,"Richmond, VA",51,Virginia,760,Richmond City,37.59088,-77.46925
12/10/2023,AQS,517600025,1,0.7,ppm,8,Bryan Park,24,100,42101,Carbon monoxide,54,40060,"Richmond, VA",51,Virginia,760,Richmond City,37.59088,-77.46925
12/11/2023,AQS,517600025,1,0.4,ppm,5,Bryan Park,24,100,42101,Carbon monoxide,54,40060,"Richmond, VA",51,Virginia,760,Richmond City,37.59088,-77.46925
12/12/2023,AQS,517600025,1,0.5,ppm,6,Bryan Park,24,100,42101,Carbon monoxide,54,40060,"Richmond, VA",51,Virginia,760,Richmond City,37.59088,-77.46925
12/13/2023,AQS,517600025,1,0.5,ppm,6,Bryan Park,24,100,42101,Carbon monoxide,54,40060,"Richmond, VA",51,Virginia,760,Richmond City,37.59088,-77.46925
12/14/2023,AQS,517600025,1,0.9,ppm,10,Bryan Park,24,100,42101,Carbon monoxide,54,40060,"Richmond, VA",51,Virginia,760,Richmond City,37.59088,-77.46925
12/15/2023,AQS,517600025,1,1.2,ppm,14,Bryan Park,24,100,42101,Carbon monoxide,54,40060,"Richmond, VA",51,Virginia,760,Richmond City,37.59088,-77.46925
12/16/2023,AQS,517600025,1,1.3,ppm,15,Bryan Park,24,100,42101,Carbon monoxide,54,40060,"Richmond, VA",51,Virginia,760,Richmond City,37.59088,-77.46925
12/17/2023,AQS,517600025,1,0.7,ppm,8,Bryan Park,24,100,42101,Carbon monoxide,54,40060,"Richmond, VA",51,Virginia,760,Richmond City,37.59088,-77.46925
12/18/2023,AQS,517600025,1,0.4,ppm,5,Bryan Park,24,100,42101,Carbon monoxide,54,40060,"Richmond, VA",51,Virginia,760,Richmond City,37.59088,-77.46925
12/19/2023,AQS,517600025,1,0.3,ppm,3,Bryan Park,24,100,42101,Carbon monoxide,54,40060,"Richmond, VA",51,Virginia,760,Richmond City,37.59088,-77.46925
12/20/2023,AQS,517600025,1,0.8,ppm,9,Bryan Park,24,100,42101,Carbon monoxide,54,40060,"Richmond, VA",51,Virginia,760,Richmond City,37.59088,-77.46925
12/21/2023,AQS,517600025,1,0.9,ppm,10,Bryan Park,24,100,42101,Carbon monoxide,54,40060,"Richmond, VA",51,Virginia,760,Richmond City,37.59088,-77.46925
12/22/2023,AQS,517600025,1,0.8,ppm,9,Bryan Park,24,100,42101,Carbon monoxide,54,40060,"Richmond, VA",51,Virginia,760,Richmond City,37.59088,-77.46925
12/23/2023,AQS,517600025,1,0.9,ppm,10,Bryan Park,24,100,42101,Carbon monoxide,54,40060,"Richmond, VA",51,Virginia,760,Richmond City,37.59088,-77.46925
12/24/2023,AQS,517600025,1,0.8,ppm,9,Bryan Park,24,100,42101,Carbon monoxide,54,40060,"Richmond, VA",51,Virginia,760,Richmond City,37.59088,-77.46925
12/25/2023,AQS,517600025,1,0.8,ppm,9,Bryan Park,24,100,42101,Carbon monoxide,54,40060,"Richmond, VA",51,Virginia,760,Richmond City,37.59088,-77.46925
12/26/2023,AQS,517600025,1,0.5,ppm,6,Bryan Park,24,100,42101,Carbon monoxide,54,40060,"Richmond, VA",51,Virginia,760,Richmond City,37.59088,-77.46925
12/27/2023,AQS,517600025,1,0.5,ppm,6,Bryan Park,24,100,42101,Carbon monoxide,54,40060,"Richmond, VA",51,Virginia,760,Richmond City,37.59088,-77.46925
12/28/2023,AQS,517600025,1,0.7,ppm,8,Bryan Park,24,100,42101,Carbon monoxide,54,40060,"Richmond, VA",51,Virginia,760,Richmond City,37.59088,-77.46925
12/29/2023,AQS,517600025,1,0.7,ppm,8,Bryan Park,24,100,42101,Carbon monoxide,54,40060,"Richmond, VA",51,Virginia,760,Richmond City,37.59088,-77.46925
12/30/2023,AQS,517600025,1,0.4,ppm,5,Bryan Park,24,100,42101,Carbon monoxide,54,40060,"Richmond, VA",51,Virginia,760,Richmond City,37.59088,-77.46925
12/31/2023,AQS,517600025,1,0.6,ppm,7,Bryan Park,24,100,42101,Carbon monoxide,54,40060,"Richmond, VA",51,Virginia,760,Richmond City,37.59088,-77.46925
